[2026-06-03T10:38:29.868+0000] {processor.py:186} INFO - Started process (PID=166) to work on /opt/airflow/dags/train_model_lakehouse_dag.py
[2026-06-03T10:38:29.869+0000] {processor.py:914} INFO - Processing file /opt/airflow/dags/train_model_lakehouse_dag.py for tasks to queue
[2026-06-03T10:38:29.874+0000] {logging_mixin.py:190} INFO - [2026-06-03T10:38:29.873+0000] {dagbag.py:588} INFO - Filling up the DagBag from /opt/airflow/dags/train_model_lakehouse_dag.py
[2026-06-03T10:38:29.928+0000] {processor.py:925} INFO - DAG(s) 'train_model_lakehouse' retrieved from /opt/airflow/dags/train_model_lakehouse_dag.py
[2026-06-03T10:38:30.328+0000] {logging_mixin.py:190} INFO - [2026-06-03T10:38:30.328+0000] {override.py:1911} INFO - Created Permission View: can delete on DAG:train_model_lakehouse
[2026-06-03T10:38:30.337+0000] {logging_mixin.py:190} INFO - [2026-06-03T10:38:30.337+0000] {override.py:1911} INFO - Created Permission View: can read on DAG:train_model_lakehouse
[2026-06-03T10:38:30.345+0000] {logging_mixin.py:190} INFO - [2026-06-03T10:38:30.345+0000] {override.py:1911} INFO - Created Permission View: can edit on DAG:train_model_lakehouse
[2026-06-03T10:38:30.354+0000] {logging_mixin.py:190} INFO - [2026-06-03T10:38:30.354+0000] {override.py:1911} INFO - Created Permission View: can delete on DAG Run:train_model_lakehouse
[2026-06-03T10:38:30.365+0000] {logging_mixin.py:190} INFO - [2026-06-03T10:38:30.365+0000] {override.py:1911} INFO - Created Permission View: can read on DAG Run:train_model_lakehouse
[2026-06-03T10:38:30.374+0000] {logging_mixin.py:190} INFO - [2026-06-03T10:38:30.373+0000] {override.py:1911} INFO - Created Permission View: menu access on DAG Run:train_model_lakehouse
[2026-06-03T10:38:30.382+0000] {logging_mixin.py:190} INFO - [2026-06-03T10:38:30.382+0000] {override.py:1911} INFO - Created Permission View: can create on DAG Run:train_model_lakehouse
[2026-06-03T10:38:30.383+0000] {logging_mixin.py:190} INFO - [2026-06-03T10:38:30.382+0000] {dag.py:3239} INFO - Sync 1 DAGs
[2026-06-03T10:38:30.398+0000] {logging_mixin.py:190} INFO - [2026-06-03T10:38:30.397+0000] {dag.py:3262} INFO - Creating ORM DAG for train_model_lakehouse
[2026-06-03T10:38:30.398+0000] {logging_mixin.py:190} INFO - [2026-06-03T10:38:30.398+0000] {dag.py:4180} INFO - Setting next_dagrun for train_model_lakehouse to None, run_after=None
[2026-06-03T10:38:30.424+0000] {processor.py:208} INFO - Processing /opt/airflow/dags/train_model_lakehouse_dag.py took 0.567 seconds
[2026-06-03T10:39:00.637+0000] {processor.py:186} INFO - Started process (PID=172) to work on /opt/airflow/dags/train_model_lakehouse_dag.py
[2026-06-03T10:39:00.638+0000] {processor.py:914} INFO - Processing file /opt/airflow/dags/train_model_lakehouse_dag.py for tasks to queue
[2026-06-03T10:39:00.641+0000] {logging_mixin.py:190} INFO - [2026-06-03T10:39:00.641+0000] {dagbag.py:588} INFO - Filling up the DagBag from /opt/airflow/dags/train_model_lakehouse_dag.py
[2026-06-03T10:39:00.656+0000] {processor.py:925} INFO - DAG(s) 'train_model_lakehouse' retrieved from /opt/airflow/dags/train_model_lakehouse_dag.py
[2026-06-03T10:39:00.698+0000] {logging_mixin.py:190} INFO - [2026-06-03T10:39:00.697+0000] {dag.py:3239} INFO - Sync 1 DAGs
[2026-06-03T10:39:00.717+0000] {logging_mixin.py:190} INFO - [2026-06-03T10:39:00.716+0000] {dag.py:4180} INFO - Setting next_dagrun for train_model_lakehouse to None, run_after=None
[2026-06-03T10:39:00.740+0000] {processor.py:208} INFO - Processing /opt/airflow/dags/train_model_lakehouse_dag.py took 0.112 seconds
[2026-06-03T10:39:30.932+0000] {processor.py:186} INFO - Started process (PID=177) to work on /opt/airflow/dags/train_model_lakehouse_dag.py
[2026-06-03T10:39:30.962+0000] {processor.py:914} INFO - Processing file /opt/airflow/dags/train_model_lakehouse_dag.py for tasks to queue
[2026-06-03T10:39:30.969+0000] {logging_mixin.py:190} INFO - [2026-06-03T10:39:30.968+0000] {dagbag.py:588} INFO - Filling up the DagBag from /opt/airflow/dags/train_model_lakehouse_dag.py
[2026-06-03T10:39:31.000+0000] {processor.py:925} INFO - DAG(s) 'train_model_lakehouse' retrieved from /opt/airflow/dags/train_model_lakehouse_dag.py
[2026-06-03T10:39:31.094+0000] {logging_mixin.py:190} INFO - [2026-06-03T10:39:31.093+0000] {dag.py:3239} INFO - Sync 1 DAGs
[2026-06-03T10:39:31.136+0000] {logging_mixin.py:190} INFO - [2026-06-03T10:39:31.135+0000] {dag.py:4180} INFO - Setting next_dagrun for train_model_lakehouse to None, run_after=None
[2026-06-03T10:39:31.187+0000] {processor.py:208} INFO - Processing /opt/airflow/dags/train_model_lakehouse_dag.py took 0.280 seconds
[2026-06-03T10:40:01.329+0000] {processor.py:186} INFO - Started process (PID=182) to work on /opt/airflow/dags/train_model_lakehouse_dag.py
[2026-06-03T10:40:01.331+0000] {processor.py:914} INFO - Processing file /opt/airflow/dags/train_model_lakehouse_dag.py for tasks to queue
[2026-06-03T10:40:01.340+0000] {logging_mixin.py:190} INFO - [2026-06-03T10:40:01.339+0000] {dagbag.py:588} INFO - Filling up the DagBag from /opt/airflow/dags/train_model_lakehouse_dag.py
[2026-06-03T10:40:01.372+0000] {processor.py:925} INFO - DAG(s) 'train_model_lakehouse' retrieved from /opt/airflow/dags/train_model_lakehouse_dag.py
[2026-06-03T10:40:01.472+0000] {logging_mixin.py:190} INFO - [2026-06-03T10:40:01.471+0000] {dag.py:3239} INFO - Sync 1 DAGs
[2026-06-03T10:40:01.518+0000] {logging_mixin.py:190} INFO - [2026-06-03T10:40:01.517+0000] {dag.py:4180} INFO - Setting next_dagrun for train_model_lakehouse to None, run_after=None
[2026-06-03T10:40:01.598+0000] {processor.py:208} INFO - Processing /opt/airflow/dags/train_model_lakehouse_dag.py took 0.290 seconds
[2026-06-03T10:40:31.772+0000] {processor.py:186} INFO - Started process (PID=187) to work on /opt/airflow/dags/train_model_lakehouse_dag.py
[2026-06-03T10:40:31.783+0000] {processor.py:914} INFO - Processing file /opt/airflow/dags/train_model_lakehouse_dag.py for tasks to queue
[2026-06-03T10:40:31.787+0000] {logging_mixin.py:190} INFO - [2026-06-03T10:40:31.786+0000] {dagbag.py:588} INFO - Filling up the DagBag from /opt/airflow/dags/train_model_lakehouse_dag.py
[2026-06-03T10:40:31.801+0000] {processor.py:925} INFO - DAG(s) 'train_model_lakehouse' retrieved from /opt/airflow/dags/train_model_lakehouse_dag.py
[2026-06-03T10:40:31.853+0000] {logging_mixin.py:190} INFO - [2026-06-03T10:40:31.853+0000] {dag.py:3239} INFO - Sync 1 DAGs
[2026-06-03T10:40:31.892+0000] {logging_mixin.py:190} INFO - [2026-06-03T10:40:31.891+0000] {dag.py:4180} INFO - Setting next_dagrun for train_model_lakehouse to None, run_after=None
[2026-06-03T10:40:31.938+0000] {processor.py:208} INFO - Processing /opt/airflow/dags/train_model_lakehouse_dag.py took 0.174 seconds
[2026-06-03T10:41:02.218+0000] {processor.py:186} INFO - Started process (PID=192) to work on /opt/airflow/dags/train_model_lakehouse_dag.py
[2026-06-03T10:41:02.221+0000] {processor.py:914} INFO - Processing file /opt/airflow/dags/train_model_lakehouse_dag.py for tasks to queue
[2026-06-03T10:41:02.228+0000] {logging_mixin.py:190} INFO - [2026-06-03T10:41:02.227+0000] {dagbag.py:588} INFO - Filling up the DagBag from /opt/airflow/dags/train_model_lakehouse_dag.py
[2026-06-03T10:41:02.261+0000] {processor.py:925} INFO - DAG(s) 'train_model_lakehouse' retrieved from /opt/airflow/dags/train_model_lakehouse_dag.py
[2026-06-03T10:41:02.367+0000] {logging_mixin.py:190} INFO - [2026-06-03T10:41:02.366+0000] {dag.py:3239} INFO - Sync 1 DAGs
[2026-06-03T10:41:02.417+0000] {logging_mixin.py:190} INFO - [2026-06-03T10:41:02.416+0000] {dag.py:4180} INFO - Setting next_dagrun for train_model_lakehouse to None, run_after=None
[2026-06-03T10:41:02.503+0000] {processor.py:208} INFO - Processing /opt/airflow/dags/train_model_lakehouse_dag.py took 0.307 seconds
[2026-06-03T10:41:32.877+0000] {processor.py:186} INFO - Started process (PID=197) to work on /opt/airflow/dags/train_model_lakehouse_dag.py
[2026-06-03T10:41:32.880+0000] {processor.py:914} INFO - Processing file /opt/airflow/dags/train_model_lakehouse_dag.py for tasks to queue
[2026-06-03T10:41:32.887+0000] {logging_mixin.py:190} INFO - [2026-06-03T10:41:32.886+0000] {dagbag.py:588} INFO - Filling up the DagBag from /opt/airflow/dags/train_model_lakehouse_dag.py
[2026-06-03T10:41:32.918+0000] {processor.py:925} INFO - DAG(s) 'train_model_lakehouse' retrieved from /opt/airflow/dags/train_model_lakehouse_dag.py
[2026-06-03T10:41:33.020+0000] {logging_mixin.py:190} INFO - [2026-06-03T10:41:33.019+0000] {dag.py:3239} INFO - Sync 1 DAGs
[2026-06-03T10:41:33.073+0000] {logging_mixin.py:190} INFO - [2026-06-03T10:41:33.073+0000] {dag.py:4180} INFO - Setting next_dagrun for train_model_lakehouse to None, run_after=None
[2026-06-03T10:41:33.157+0000] {processor.py:208} INFO - Processing /opt/airflow/dags/train_model_lakehouse_dag.py took 0.302 seconds
[2026-06-03T10:42:03.534+0000] {processor.py:186} INFO - Started process (PID=202) to work on /opt/airflow/dags/train_model_lakehouse_dag.py
[2026-06-03T10:42:03.537+0000] {processor.py:914} INFO - Processing file /opt/airflow/dags/train_model_lakehouse_dag.py for tasks to queue
[2026-06-03T10:42:03.545+0000] {logging_mixin.py:190} INFO - [2026-06-03T10:42:03.544+0000] {dagbag.py:588} INFO - Filling up the DagBag from /opt/airflow/dags/train_model_lakehouse_dag.py
[2026-06-03T10:42:03.585+0000] {processor.py:925} INFO - DAG(s) 'train_model_lakehouse' retrieved from /opt/airflow/dags/train_model_lakehouse_dag.py
[2026-06-03T10:42:03.718+0000] {logging_mixin.py:190} INFO - [2026-06-03T10:42:03.718+0000] {dag.py:3239} INFO - Sync 1 DAGs
[2026-06-03T10:42:03.749+0000] {logging_mixin.py:190} INFO - [2026-06-03T10:42:03.748+0000] {dag.py:4180} INFO - Setting next_dagrun for train_model_lakehouse to None, run_after=None
[2026-06-03T10:42:03.781+0000] {processor.py:208} INFO - Processing /opt/airflow/dags/train_model_lakehouse_dag.py took 0.270 seconds
[2026-06-03T10:42:34.102+0000] {processor.py:186} INFO - Started process (PID=207) to work on /opt/airflow/dags/train_model_lakehouse_dag.py
[2026-06-03T10:42:34.137+0000] {processor.py:914} INFO - Processing file /opt/airflow/dags/train_model_lakehouse_dag.py for tasks to queue
[2026-06-03T10:42:34.141+0000] {logging_mixin.py:190} INFO - [2026-06-03T10:42:34.140+0000] {dagbag.py:588} INFO - Filling up the DagBag from /opt/airflow/dags/train_model_lakehouse_dag.py
[2026-06-03T10:42:34.157+0000] {processor.py:925} INFO - DAG(s) 'train_model_lakehouse' retrieved from /opt/airflow/dags/train_model_lakehouse_dag.py
[2026-06-03T10:42:34.208+0000] {logging_mixin.py:190} INFO - [2026-06-03T10:42:34.208+0000] {dag.py:3239} INFO - Sync 1 DAGs
[2026-06-03T10:42:34.233+0000] {logging_mixin.py:190} INFO - [2026-06-03T10:42:34.232+0000] {dag.py:4180} INFO - Setting next_dagrun for train_model_lakehouse to None, run_after=None
[2026-06-03T10:42:34.262+0000] {processor.py:208} INFO - Processing /opt/airflow/dags/train_model_lakehouse_dag.py took 0.171 seconds
[2026-06-03T10:43:04.338+0000] {processor.py:186} INFO - Started process (PID=212) to work on /opt/airflow/dags/train_model_lakehouse_dag.py
[2026-06-03T10:43:04.339+0000] {processor.py:914} INFO - Processing file /opt/airflow/dags/train_model_lakehouse_dag.py for tasks to queue
[2026-06-03T10:43:04.344+0000] {logging_mixin.py:190} INFO - [2026-06-03T10:43:04.343+0000] {dagbag.py:588} INFO - Filling up the DagBag from /opt/airflow/dags/train_model_lakehouse_dag.py
[2026-06-03T10:43:04.360+0000] {processor.py:925} INFO - DAG(s) 'train_model_lakehouse' retrieved from /opt/airflow/dags/train_model_lakehouse_dag.py
[2026-06-03T10:43:04.402+0000] {logging_mixin.py:190} INFO - [2026-06-03T10:43:04.401+0000] {dag.py:3239} INFO - Sync 1 DAGs
[2026-06-03T10:43:04.430+0000] {logging_mixin.py:190} INFO - [2026-06-03T10:43:04.430+0000] {dag.py:4180} INFO - Setting next_dagrun for train_model_lakehouse to None, run_after=None
[2026-06-03T10:43:04.453+0000] {processor.py:208} INFO - Processing /opt/airflow/dags/train_model_lakehouse_dag.py took 0.130 seconds
[2026-06-03T10:43:34.688+0000] {processor.py:186} INFO - Started process (PID=217) to work on /opt/airflow/dags/train_model_lakehouse_dag.py
[2026-06-03T10:43:34.707+0000] {processor.py:914} INFO - Processing file /opt/airflow/dags/train_model_lakehouse_dag.py for tasks to queue
[2026-06-03T10:43:34.716+0000] {logging_mixin.py:190} INFO - [2026-06-03T10:43:34.715+0000] {dagbag.py:588} INFO - Filling up the DagBag from /opt/airflow/dags/train_model_lakehouse_dag.py
[2026-06-03T10:43:34.750+0000] {processor.py:925} INFO - DAG(s) 'train_model_lakehouse' retrieved from /opt/airflow/dags/train_model_lakehouse_dag.py
[2026-06-03T10:43:34.844+0000] {logging_mixin.py:190} INFO - [2026-06-03T10:43:34.844+0000] {dag.py:3239} INFO - Sync 1 DAGs
[2026-06-03T10:43:34.880+0000] {logging_mixin.py:190} INFO - [2026-06-03T10:43:34.879+0000] {dag.py:4180} INFO - Setting next_dagrun for train_model_lakehouse to None, run_after=None
[2026-06-03T10:43:34.908+0000] {processor.py:208} INFO - Processing /opt/airflow/dags/train_model_lakehouse_dag.py took 0.242 seconds
[2026-06-03T10:44:05.052+0000] {processor.py:186} INFO - Started process (PID=222) to work on /opt/airflow/dags/train_model_lakehouse_dag.py
[2026-06-03T10:44:05.054+0000] {processor.py:914} INFO - Processing file /opt/airflow/dags/train_model_lakehouse_dag.py for tasks to queue
[2026-06-03T10:44:05.062+0000] {logging_mixin.py:190} INFO - [2026-06-03T10:44:05.061+0000] {dagbag.py:588} INFO - Filling up the DagBag from /opt/airflow/dags/train_model_lakehouse_dag.py
[2026-06-03T10:44:05.095+0000] {processor.py:925} INFO - DAG(s) 'train_model_lakehouse' retrieved from /opt/airflow/dags/train_model_lakehouse_dag.py
[2026-06-03T10:44:05.200+0000] {logging_mixin.py:190} INFO - [2026-06-03T10:44:05.199+0000] {dag.py:3239} INFO - Sync 1 DAGs
[2026-06-03T10:44:05.238+0000] {logging_mixin.py:190} INFO - [2026-06-03T10:44:05.237+0000] {dag.py:4180} INFO - Setting next_dagrun for train_model_lakehouse to None, run_after=None
[2026-06-03T10:44:05.279+0000] {processor.py:208} INFO - Processing /opt/airflow/dags/train_model_lakehouse_dag.py took 0.248 seconds
[2026-06-03T10:44:35.455+0000] {processor.py:186} INFO - Started process (PID=227) to work on /opt/airflow/dags/train_model_lakehouse_dag.py
[2026-06-03T10:44:35.457+0000] {processor.py:914} INFO - Processing file /opt/airflow/dags/train_model_lakehouse_dag.py for tasks to queue
[2026-06-03T10:44:35.462+0000] {logging_mixin.py:190} INFO - [2026-06-03T10:44:35.461+0000] {dagbag.py:588} INFO - Filling up the DagBag from /opt/airflow/dags/train_model_lakehouse_dag.py
[2026-06-03T10:44:35.480+0000] {processor.py:925} INFO - DAG(s) 'train_model_lakehouse' retrieved from /opt/airflow/dags/train_model_lakehouse_dag.py
[2026-06-03T10:44:35.537+0000] {logging_mixin.py:190} INFO - [2026-06-03T10:44:35.536+0000] {dag.py:3239} INFO - Sync 1 DAGs
[2026-06-03T10:44:35.564+0000] {logging_mixin.py:190} INFO - [2026-06-03T10:44:35.564+0000] {dag.py:4180} INFO - Setting next_dagrun for train_model_lakehouse to None, run_after=None
[2026-06-03T10:44:35.617+0000] {processor.py:208} INFO - Processing /opt/airflow/dags/train_model_lakehouse_dag.py took 0.173 seconds
[2026-06-03T10:45:05.850+0000] {processor.py:186} INFO - Started process (PID=232) to work on /opt/airflow/dags/train_model_lakehouse_dag.py
[2026-06-03T10:45:05.851+0000] {processor.py:914} INFO - Processing file /opt/airflow/dags/train_model_lakehouse_dag.py for tasks to queue
[2026-06-03T10:45:05.854+0000] {logging_mixin.py:190} INFO - [2026-06-03T10:45:05.853+0000] {dagbag.py:588} INFO - Filling up the DagBag from /opt/airflow/dags/train_model_lakehouse_dag.py
[2026-06-03T10:45:05.866+0000] {processor.py:925} INFO - DAG(s) 'train_model_lakehouse' retrieved from /opt/airflow/dags/train_model_lakehouse_dag.py
[2026-06-03T10:45:05.912+0000] {logging_mixin.py:190} INFO - [2026-06-03T10:45:05.911+0000] {dag.py:3239} INFO - Sync 1 DAGs
[2026-06-03T10:45:05.938+0000] {logging_mixin.py:190} INFO - [2026-06-03T10:45:05.938+0000] {dag.py:4180} INFO - Setting next_dagrun for train_model_lakehouse to None, run_after=None
[2026-06-03T10:45:05.965+0000] {processor.py:208} INFO - Processing /opt/airflow/dags/train_model_lakehouse_dag.py took 0.126 seconds
[2026-06-03T10:45:36.204+0000] {processor.py:186} INFO - Started process (PID=247) to work on /opt/airflow/dags/train_model_lakehouse_dag.py
[2026-06-03T10:45:36.208+0000] {processor.py:914} INFO - Processing file /opt/airflow/dags/train_model_lakehouse_dag.py for tasks to queue
[2026-06-03T10:45:36.214+0000] {logging_mixin.py:190} INFO - [2026-06-03T10:45:36.213+0000] {dagbag.py:588} INFO - Filling up the DagBag from /opt/airflow/dags/train_model_lakehouse_dag.py
[2026-06-03T10:45:36.244+0000] {processor.py:925} INFO - DAG(s) 'train_model_lakehouse' retrieved from /opt/airflow/dags/train_model_lakehouse_dag.py
[2026-06-03T10:45:36.339+0000] {logging_mixin.py:190} INFO - [2026-06-03T10:45:36.338+0000] {dag.py:3239} INFO - Sync 1 DAGs
[2026-06-03T10:45:36.372+0000] {logging_mixin.py:190} INFO - [2026-06-03T10:45:36.372+0000] {dag.py:4180} INFO - Setting next_dagrun for train_model_lakehouse to None, run_after=None
[2026-06-03T10:45:36.403+0000] {processor.py:208} INFO - Processing /opt/airflow/dags/train_model_lakehouse_dag.py took 0.218 seconds
[2026-06-03T10:46:06.574+0000] {processor.py:186} INFO - Started process (PID=252) to work on /opt/airflow/dags/train_model_lakehouse_dag.py
[2026-06-03T10:46:06.577+0000] {processor.py:914} INFO - Processing file /opt/airflow/dags/train_model_lakehouse_dag.py for tasks to queue
[2026-06-03T10:46:06.584+0000] {logging_mixin.py:190} INFO - [2026-06-03T10:46:06.583+0000] {dagbag.py:588} INFO - Filling up the DagBag from /opt/airflow/dags/train_model_lakehouse_dag.py
[2026-06-03T10:46:06.618+0000] {processor.py:925} INFO - DAG(s) 'train_model_lakehouse' retrieved from /opt/airflow/dags/train_model_lakehouse_dag.py
[2026-06-03T10:46:06.733+0000] {logging_mixin.py:190} INFO - [2026-06-03T10:46:06.732+0000] {dag.py:3239} INFO - Sync 1 DAGs
[2026-06-03T10:46:06.755+0000] {logging_mixin.py:190} INFO - [2026-06-03T10:46:06.755+0000] {dag.py:4180} INFO - Setting next_dagrun for train_model_lakehouse to None, run_after=None
[2026-06-03T10:46:06.787+0000] {processor.py:208} INFO - Processing /opt/airflow/dags/train_model_lakehouse_dag.py took 0.236 seconds
[2026-06-03T10:46:37.024+0000] {processor.py:186} INFO - Started process (PID=257) to work on /opt/airflow/dags/train_model_lakehouse_dag.py
[2026-06-03T10:46:37.026+0000] {processor.py:914} INFO - Processing file /opt/airflow/dags/train_model_lakehouse_dag.py for tasks to queue
[2026-06-03T10:46:37.034+0000] {logging_mixin.py:190} INFO - [2026-06-03T10:46:37.033+0000] {dagbag.py:588} INFO - Filling up the DagBag from /opt/airflow/dags/train_model_lakehouse_dag.py
[2026-06-03T10:46:37.066+0000] {processor.py:925} INFO - DAG(s) 'train_model_lakehouse' retrieved from /opt/airflow/dags/train_model_lakehouse_dag.py
[2026-06-03T10:46:37.173+0000] {logging_mixin.py:190} INFO - [2026-06-03T10:46:37.172+0000] {dag.py:3239} INFO - Sync 1 DAGs
[2026-06-03T10:46:37.225+0000] {logging_mixin.py:190} INFO - [2026-06-03T10:46:37.224+0000] {dag.py:4180} INFO - Setting next_dagrun for train_model_lakehouse to None, run_after=None
[2026-06-03T10:46:37.298+0000] {processor.py:208} INFO - Processing /opt/airflow/dags/train_model_lakehouse_dag.py took 0.297 seconds
[2026-06-03T10:47:07.427+0000] {processor.py:186} INFO - Started process (PID=262) to work on /opt/airflow/dags/train_model_lakehouse_dag.py
[2026-06-03T10:47:07.429+0000] {processor.py:914} INFO - Processing file /opt/airflow/dags/train_model_lakehouse_dag.py for tasks to queue
[2026-06-03T10:47:07.437+0000] {logging_mixin.py:190} INFO - [2026-06-03T10:47:07.436+0000] {dagbag.py:588} INFO - Filling up the DagBag from /opt/airflow/dags/train_model_lakehouse_dag.py
[2026-06-03T10:47:07.471+0000] {processor.py:925} INFO - DAG(s) 'train_model_lakehouse' retrieved from /opt/airflow/dags/train_model_lakehouse_dag.py
[2026-06-03T10:47:07.567+0000] {logging_mixin.py:190} INFO - [2026-06-03T10:47:07.567+0000] {dag.py:3239} INFO - Sync 1 DAGs
[2026-06-03T10:47:07.592+0000] {logging_mixin.py:190} INFO - [2026-06-03T10:47:07.591+0000] {dag.py:4180} INFO - Setting next_dagrun for train_model_lakehouse to None, run_after=None
[2026-06-03T10:47:07.626+0000] {processor.py:208} INFO - Processing /opt/airflow/dags/train_model_lakehouse_dag.py took 0.220 seconds
[2026-06-03T10:47:37.946+0000] {processor.py:186} INFO - Started process (PID=267) to work on /opt/airflow/dags/train_model_lakehouse_dag.py
[2026-06-03T10:47:37.954+0000] {processor.py:914} INFO - Processing file /opt/airflow/dags/train_model_lakehouse_dag.py for tasks to queue
[2026-06-03T10:47:37.961+0000] {logging_mixin.py:190} INFO - [2026-06-03T10:47:37.960+0000] {dagbag.py:588} INFO - Filling up the DagBag from /opt/airflow/dags/train_model_lakehouse_dag.py
[2026-06-03T10:47:38.004+0000] {processor.py:925} INFO - DAG(s) 'train_model_lakehouse' retrieved from /opt/airflow/dags/train_model_lakehouse_dag.py
[2026-06-03T10:47:38.091+0000] {logging_mixin.py:190} INFO - [2026-06-03T10:47:38.091+0000] {dag.py:3239} INFO - Sync 1 DAGs
[2026-06-03T10:47:38.113+0000] {logging_mixin.py:190} INFO - [2026-06-03T10:47:38.113+0000] {dag.py:4180} INFO - Setting next_dagrun for train_model_lakehouse to None, run_after=None
[2026-06-03T10:47:38.146+0000] {processor.py:208} INFO - Processing /opt/airflow/dags/train_model_lakehouse_dag.py took 0.225 seconds
[2026-06-03T10:48:08.282+0000] {processor.py:186} INFO - Started process (PID=272) to work on /opt/airflow/dags/train_model_lakehouse_dag.py
[2026-06-03T10:48:08.292+0000] {processor.py:914} INFO - Processing file /opt/airflow/dags/train_model_lakehouse_dag.py for tasks to queue
[2026-06-03T10:48:08.301+0000] {logging_mixin.py:190} INFO - [2026-06-03T10:48:08.300+0000] {dagbag.py:588} INFO - Filling up the DagBag from /opt/airflow/dags/train_model_lakehouse_dag.py
[2026-06-03T10:48:08.334+0000] {processor.py:925} INFO - DAG(s) 'train_model_lakehouse' retrieved from /opt/airflow/dags/train_model_lakehouse_dag.py
[2026-06-03T10:48:08.427+0000] {logging_mixin.py:190} INFO - [2026-06-03T10:48:08.427+0000] {dag.py:3239} INFO - Sync 1 DAGs
[2026-06-03T10:48:08.458+0000] {logging_mixin.py:190} INFO - [2026-06-03T10:48:08.458+0000] {dag.py:4180} INFO - Setting next_dagrun for train_model_lakehouse to None, run_after=None
[2026-06-03T10:48:08.494+0000] {processor.py:208} INFO - Processing /opt/airflow/dags/train_model_lakehouse_dag.py took 0.234 seconds
[2026-06-03T10:48:38.761+0000] {processor.py:186} INFO - Started process (PID=277) to work on /opt/airflow/dags/train_model_lakehouse_dag.py
[2026-06-03T10:48:38.762+0000] {processor.py:914} INFO - Processing file /opt/airflow/dags/train_model_lakehouse_dag.py for tasks to queue
[2026-06-03T10:48:38.766+0000] {logging_mixin.py:190} INFO - [2026-06-03T10:48:38.766+0000] {dagbag.py:588} INFO - Filling up the DagBag from /opt/airflow/dags/train_model_lakehouse_dag.py
[2026-06-03T10:48:38.779+0000] {processor.py:925} INFO - DAG(s) 'train_model_lakehouse' retrieved from /opt/airflow/dags/train_model_lakehouse_dag.py
[2026-06-03T10:48:38.821+0000] {logging_mixin.py:190} INFO - [2026-06-03T10:48:38.821+0000] {dag.py:3239} INFO - Sync 1 DAGs
[2026-06-03T10:48:38.842+0000] {logging_mixin.py:190} INFO - [2026-06-03T10:48:38.841+0000] {dag.py:4180} INFO - Setting next_dagrun for train_model_lakehouse to None, run_after=None
[2026-06-03T10:48:38.871+0000] {processor.py:208} INFO - Processing /opt/airflow/dags/train_model_lakehouse_dag.py took 0.120 seconds
[2026-06-03T10:49:09.092+0000] {processor.py:186} INFO - Started process (PID=282) to work on /opt/airflow/dags/train_model_lakehouse_dag.py
[2026-06-03T10:49:09.095+0000] {processor.py:914} INFO - Processing file /opt/airflow/dags/train_model_lakehouse_dag.py for tasks to queue
[2026-06-03T10:49:09.104+0000] {logging_mixin.py:190} INFO - [2026-06-03T10:49:09.103+0000] {dagbag.py:588} INFO - Filling up the DagBag from /opt/airflow/dags/train_model_lakehouse_dag.py
[2026-06-03T10:49:09.144+0000] {processor.py:925} INFO - DAG(s) 'train_model_lakehouse' retrieved from /opt/airflow/dags/train_model_lakehouse_dag.py
[2026-06-03T10:49:09.248+0000] {logging_mixin.py:190} INFO - [2026-06-03T10:49:09.247+0000] {dag.py:3239} INFO - Sync 1 DAGs
[2026-06-03T10:49:09.297+0000] {logging_mixin.py:190} INFO - [2026-06-03T10:49:09.296+0000] {dag.py:4180} INFO - Setting next_dagrun for train_model_lakehouse to None, run_after=None
[2026-06-03T10:49:09.348+0000] {processor.py:208} INFO - Processing /opt/airflow/dags/train_model_lakehouse_dag.py took 0.280 seconds
[2026-06-03T10:49:39.464+0000] {processor.py:186} INFO - Started process (PID=287) to work on /opt/airflow/dags/train_model_lakehouse_dag.py
[2026-06-03T10:49:39.466+0000] {processor.py:914} INFO - Processing file /opt/airflow/dags/train_model_lakehouse_dag.py for tasks to queue
[2026-06-03T10:49:39.473+0000] {logging_mixin.py:190} INFO - [2026-06-03T10:49:39.472+0000] {dagbag.py:588} INFO - Filling up the DagBag from /opt/airflow/dags/train_model_lakehouse_dag.py
[2026-06-03T10:49:39.507+0000] {processor.py:925} INFO - DAG(s) 'train_model_lakehouse' retrieved from /opt/airflow/dags/train_model_lakehouse_dag.py
[2026-06-03T10:49:39.607+0000] {logging_mixin.py:190} INFO - [2026-06-03T10:49:39.607+0000] {dag.py:3239} INFO - Sync 1 DAGs
[2026-06-03T10:49:39.647+0000] {logging_mixin.py:190} INFO - [2026-06-03T10:49:39.647+0000] {dag.py:4180} INFO - Setting next_dagrun for train_model_lakehouse to None, run_after=None
[2026-06-03T10:49:39.685+0000] {processor.py:208} INFO - Processing /opt/airflow/dags/train_model_lakehouse_dag.py took 0.244 seconds
[2026-06-03T10:50:09.994+0000] {processor.py:186} INFO - Started process (PID=292) to work on /opt/airflow/dags/train_model_lakehouse_dag.py
[2026-06-03T10:50:10.000+0000] {processor.py:914} INFO - Processing file /opt/airflow/dags/train_model_lakehouse_dag.py for tasks to queue
[2026-06-03T10:50:10.007+0000] {logging_mixin.py:190} INFO - [2026-06-03T10:50:10.006+0000] {dagbag.py:588} INFO - Filling up the DagBag from /opt/airflow/dags/train_model_lakehouse_dag.py
[2026-06-03T10:50:10.037+0000] {processor.py:925} INFO - DAG(s) 'train_model_lakehouse' retrieved from /opt/airflow/dags/train_model_lakehouse_dag.py
[2026-06-03T10:50:10.104+0000] {logging_mixin.py:190} INFO - [2026-06-03T10:50:10.104+0000] {dag.py:3239} INFO - Sync 1 DAGs
[2026-06-03T10:50:10.125+0000] {logging_mixin.py:190} INFO - [2026-06-03T10:50:10.124+0000] {dag.py:4180} INFO - Setting next_dagrun for train_model_lakehouse to None, run_after=None
[2026-06-03T10:50:10.152+0000] {processor.py:208} INFO - Processing /opt/airflow/dags/train_model_lakehouse_dag.py took 0.185 seconds
[2026-06-03T10:50:40.326+0000] {processor.py:186} INFO - Started process (PID=297) to work on /opt/airflow/dags/train_model_lakehouse_dag.py
[2026-06-03T10:50:40.328+0000] {processor.py:914} INFO - Processing file /opt/airflow/dags/train_model_lakehouse_dag.py for tasks to queue
[2026-06-03T10:50:40.335+0000] {logging_mixin.py:190} INFO - [2026-06-03T10:50:40.334+0000] {dagbag.py:588} INFO - Filling up the DagBag from /opt/airflow/dags/train_model_lakehouse_dag.py
[2026-06-03T10:50:40.368+0000] {processor.py:925} INFO - DAG(s) 'train_model_lakehouse' retrieved from /opt/airflow/dags/train_model_lakehouse_dag.py
[2026-06-03T10:50:40.471+0000] {logging_mixin.py:190} INFO - [2026-06-03T10:50:40.470+0000] {dag.py:3239} INFO - Sync 1 DAGs
[2026-06-03T10:50:40.517+0000] {logging_mixin.py:190} INFO - [2026-06-03T10:50:40.517+0000] {dag.py:4180} INFO - Setting next_dagrun for train_model_lakehouse to None, run_after=None
[2026-06-03T10:50:40.570+0000] {processor.py:208} INFO - Processing /opt/airflow/dags/train_model_lakehouse_dag.py took 0.266 seconds
[2026-06-03T10:51:10.794+0000] {processor.py:186} INFO - Started process (PID=302) to work on /opt/airflow/dags/train_model_lakehouse_dag.py
[2026-06-03T10:51:10.815+0000] {processor.py:914} INFO - Processing file /opt/airflow/dags/train_model_lakehouse_dag.py for tasks to queue
[2026-06-03T10:51:10.822+0000] {logging_mixin.py:190} INFO - [2026-06-03T10:51:10.821+0000] {dagbag.py:588} INFO - Filling up the DagBag from /opt/airflow/dags/train_model_lakehouse_dag.py
[2026-06-03T10:51:10.851+0000] {processor.py:925} INFO - DAG(s) 'train_model_lakehouse' retrieved from /opt/airflow/dags/train_model_lakehouse_dag.py
[2026-06-03T10:51:10.947+0000] {logging_mixin.py:190} INFO - [2026-06-03T10:51:10.946+0000] {dag.py:3239} INFO - Sync 1 DAGs
[2026-06-03T10:51:10.988+0000] {logging_mixin.py:190} INFO - [2026-06-03T10:51:10.987+0000] {dag.py:4180} INFO - Setting next_dagrun for train_model_lakehouse to None, run_after=None
[2026-06-03T10:51:11.053+0000] {processor.py:208} INFO - Processing /opt/airflow/dags/train_model_lakehouse_dag.py took 0.283 seconds
[2026-06-03T10:51:41.231+0000] {processor.py:186} INFO - Started process (PID=307) to work on /opt/airflow/dags/train_model_lakehouse_dag.py
[2026-06-03T10:51:41.234+0000] {processor.py:914} INFO - Processing file /opt/airflow/dags/train_model_lakehouse_dag.py for tasks to queue
[2026-06-03T10:51:41.242+0000] {logging_mixin.py:190} INFO - [2026-06-03T10:51:41.241+0000] {dagbag.py:588} INFO - Filling up the DagBag from /opt/airflow/dags/train_model_lakehouse_dag.py
[2026-06-03T10:51:41.275+0000] {processor.py:925} INFO - DAG(s) 'train_model_lakehouse' retrieved from /opt/airflow/dags/train_model_lakehouse_dag.py
[2026-06-03T10:51:41.374+0000] {logging_mixin.py:190} INFO - [2026-06-03T10:51:41.373+0000] {dag.py:3239} INFO - Sync 1 DAGs
[2026-06-03T10:51:41.400+0000] {logging_mixin.py:190} INFO - [2026-06-03T10:51:41.400+0000] {dag.py:4180} INFO - Setting next_dagrun for train_model_lakehouse to None, run_after=None
[2026-06-03T10:51:41.440+0000] {processor.py:208} INFO - Processing /opt/airflow/dags/train_model_lakehouse_dag.py took 0.230 seconds
[2026-06-03T10:52:11.655+0000] {processor.py:186} INFO - Started process (PID=312) to work on /opt/airflow/dags/train_model_lakehouse_dag.py
[2026-06-03T10:52:11.657+0000] {processor.py:914} INFO - Processing file /opt/airflow/dags/train_model_lakehouse_dag.py for tasks to queue
[2026-06-03T10:52:11.661+0000] {logging_mixin.py:190} INFO - [2026-06-03T10:52:11.660+0000] {dagbag.py:588} INFO - Filling up the DagBag from /opt/airflow/dags/train_model_lakehouse_dag.py
[2026-06-03T10:52:11.679+0000] {processor.py:925} INFO - DAG(s) 'train_model_lakehouse' retrieved from /opt/airflow/dags/train_model_lakehouse_dag.py
[2026-06-03T10:52:11.729+0000] {logging_mixin.py:190} INFO - [2026-06-03T10:52:11.729+0000] {dag.py:3239} INFO - Sync 1 DAGs
[2026-06-03T10:52:11.749+0000] {logging_mixin.py:190} INFO - [2026-06-03T10:52:11.749+0000] {dag.py:4180} INFO - Setting next_dagrun for train_model_lakehouse to None, run_after=None
[2026-06-03T10:52:11.773+0000] {processor.py:208} INFO - Processing /opt/airflow/dags/train_model_lakehouse_dag.py took 0.146 seconds
[2026-06-03T10:52:42.030+0000] {processor.py:186} INFO - Started process (PID=317) to work on /opt/airflow/dags/train_model_lakehouse_dag.py
[2026-06-03T10:52:42.033+0000] {processor.py:914} INFO - Processing file /opt/airflow/dags/train_model_lakehouse_dag.py for tasks to queue
[2026-06-03T10:52:42.045+0000] {logging_mixin.py:190} INFO - [2026-06-03T10:52:42.044+0000] {dagbag.py:588} INFO - Filling up the DagBag from /opt/airflow/dags/train_model_lakehouse_dag.py
[2026-06-03T10:52:42.091+0000] {processor.py:925} INFO - DAG(s) 'train_model_lakehouse' retrieved from /opt/airflow/dags/train_model_lakehouse_dag.py
[2026-06-03T10:52:42.228+0000] {logging_mixin.py:190} INFO - [2026-06-03T10:52:42.227+0000] {dag.py:3239} INFO - Sync 1 DAGs
[2026-06-03T10:52:42.275+0000] {logging_mixin.py:190} INFO - [2026-06-03T10:52:42.274+0000] {dag.py:4180} INFO - Setting next_dagrun for train_model_lakehouse to None, run_after=None
[2026-06-03T10:52:42.352+0000] {processor.py:208} INFO - Processing /opt/airflow/dags/train_model_lakehouse_dag.py took 0.343 seconds
[2026-06-03T10:53:12.725+0000] {processor.py:186} INFO - Started process (PID=322) to work on /opt/airflow/dags/train_model_lakehouse_dag.py
[2026-06-03T10:53:12.748+0000] {processor.py:914} INFO - Processing file /opt/airflow/dags/train_model_lakehouse_dag.py for tasks to queue
[2026-06-03T10:53:12.755+0000] {logging_mixin.py:190} INFO - [2026-06-03T10:53:12.754+0000] {dagbag.py:588} INFO - Filling up the DagBag from /opt/airflow/dags/train_model_lakehouse_dag.py
[2026-06-03T10:53:12.786+0000] {processor.py:925} INFO - DAG(s) 'train_model_lakehouse' retrieved from /opt/airflow/dags/train_model_lakehouse_dag.py
[2026-06-03T10:53:12.898+0000] {logging_mixin.py:190} INFO - [2026-06-03T10:53:12.897+0000] {dag.py:3239} INFO - Sync 1 DAGs
[2026-06-03T10:53:12.948+0000] {logging_mixin.py:190} INFO - [2026-06-03T10:53:12.947+0000] {dag.py:4180} INFO - Setting next_dagrun for train_model_lakehouse to None, run_after=None
[2026-06-03T10:53:13.006+0000] {processor.py:208} INFO - Processing /opt/airflow/dags/train_model_lakehouse_dag.py took 0.292 seconds
[2026-06-03T11:04:47.896+0000] {processor.py:186} INFO - Started process (PID=167) to work on /opt/airflow/dags/train_model_lakehouse_dag.py
[2026-06-03T11:04:47.897+0000] {processor.py:914} INFO - Processing file /opt/airflow/dags/train_model_lakehouse_dag.py for tasks to queue
[2026-06-03T11:04:47.900+0000] {logging_mixin.py:190} INFO - [2026-06-03T11:04:47.900+0000] {dagbag.py:588} INFO - Filling up the DagBag from /opt/airflow/dags/train_model_lakehouse_dag.py
[2026-06-03T11:04:47.937+0000] {processor.py:925} INFO - DAG(s) 'train_model_lakehouse' retrieved from /opt/airflow/dags/train_model_lakehouse_dag.py
[2026-06-03T11:04:47.991+0000] {logging_mixin.py:190} INFO - [2026-06-03T11:04:47.991+0000] {dag.py:3239} INFO - Sync 1 DAGs
[2026-06-03T11:04:48.007+0000] {logging_mixin.py:190} INFO - [2026-06-03T11:04:48.006+0000] {dag.py:4180} INFO - Setting next_dagrun for train_model_lakehouse to None, run_after=None
[2026-06-03T11:04:48.025+0000] {processor.py:208} INFO - Processing /opt/airflow/dags/train_model_lakehouse_dag.py took 0.135 seconds
[2026-06-03T11:07:00.950+0000] {processor.py:186} INFO - Started process (PID=167) to work on /opt/airflow/dags/train_model_lakehouse_dag.py
[2026-06-03T11:07:00.951+0000] {processor.py:914} INFO - Processing file /opt/airflow/dags/train_model_lakehouse_dag.py for tasks to queue
[2026-06-03T11:07:00.960+0000] {logging_mixin.py:190} INFO - [2026-06-03T11:07:00.960+0000] {dagbag.py:588} INFO - Filling up the DagBag from /opt/airflow/dags/train_model_lakehouse_dag.py
[2026-06-03T11:07:00.974+0000] {processor.py:925} INFO - DAG(s) 'train_model_lakehouse' retrieved from /opt/airflow/dags/train_model_lakehouse_dag.py
[2026-06-03T11:07:01.007+0000] {logging_mixin.py:190} INFO - [2026-06-03T11:07:01.006+0000] {dag.py:3239} INFO - Sync 1 DAGs
[2026-06-03T11:07:01.021+0000] {logging_mixin.py:190} INFO - [2026-06-03T11:07:01.020+0000] {dag.py:4180} INFO - Setting next_dagrun for train_model_lakehouse to None, run_after=None
[2026-06-03T11:07:01.037+0000] {processor.py:208} INFO - Processing /opt/airflow/dags/train_model_lakehouse_dag.py took 0.097 seconds
[2026-06-03T11:07:31.130+0000] {processor.py:186} INFO - Started process (PID=172) to work on /opt/airflow/dags/train_model_lakehouse_dag.py
[2026-06-03T11:07:31.131+0000] {processor.py:914} INFO - Processing file /opt/airflow/dags/train_model_lakehouse_dag.py for tasks to queue
[2026-06-03T11:07:31.134+0000] {logging_mixin.py:190} INFO - [2026-06-03T11:07:31.133+0000] {dagbag.py:588} INFO - Filling up the DagBag from /opt/airflow/dags/train_model_lakehouse_dag.py
[2026-06-03T11:07:31.146+0000] {processor.py:925} INFO - DAG(s) 'train_model_lakehouse' retrieved from /opt/airflow/dags/train_model_lakehouse_dag.py
[2026-06-03T11:07:31.180+0000] {logging_mixin.py:190} INFO - [2026-06-03T11:07:31.180+0000] {dag.py:3239} INFO - Sync 1 DAGs
[2026-06-03T11:07:31.193+0000] {logging_mixin.py:190} INFO - [2026-06-03T11:07:31.193+0000] {dag.py:4180} INFO - Setting next_dagrun for train_model_lakehouse to None, run_after=None
[2026-06-03T11:07:31.213+0000] {processor.py:208} INFO - Processing /opt/airflow/dags/train_model_lakehouse_dag.py took 0.090 seconds
[2026-06-03T11:08:01.439+0000] {processor.py:186} INFO - Started process (PID=177) to work on /opt/airflow/dags/train_model_lakehouse_dag.py
[2026-06-03T11:08:01.463+0000] {processor.py:914} INFO - Processing file /opt/airflow/dags/train_model_lakehouse_dag.py for tasks to queue
[2026-06-03T11:08:01.466+0000] {logging_mixin.py:190} INFO - [2026-06-03T11:08:01.466+0000] {dagbag.py:588} INFO - Filling up the DagBag from /opt/airflow/dags/train_model_lakehouse_dag.py
[2026-06-03T11:08:01.480+0000] {processor.py:925} INFO - DAG(s) 'train_model_lakehouse' retrieved from /opt/airflow/dags/train_model_lakehouse_dag.py
[2026-06-03T11:08:01.518+0000] {logging_mixin.py:190} INFO - [2026-06-03T11:08:01.518+0000] {dag.py:3239} INFO - Sync 1 DAGs
[2026-06-03T11:08:01.535+0000] {logging_mixin.py:190} INFO - [2026-06-03T11:08:01.535+0000] {dag.py:4180} INFO - Setting next_dagrun for train_model_lakehouse to None, run_after=None
[2026-06-03T11:08:01.559+0000] {processor.py:208} INFO - Processing /opt/airflow/dags/train_model_lakehouse_dag.py took 0.128 seconds
[2026-06-03T11:08:31.679+0000] {processor.py:186} INFO - Started process (PID=182) to work on /opt/airflow/dags/train_model_lakehouse_dag.py
[2026-06-03T11:08:31.680+0000] {processor.py:914} INFO - Processing file /opt/airflow/dags/train_model_lakehouse_dag.py for tasks to queue
[2026-06-03T11:08:31.684+0000] {logging_mixin.py:190} INFO - [2026-06-03T11:08:31.683+0000] {dagbag.py:588} INFO - Filling up the DagBag from /opt/airflow/dags/train_model_lakehouse_dag.py
[2026-06-03T11:08:31.694+0000] {processor.py:925} INFO - DAG(s) 'train_model_lakehouse' retrieved from /opt/airflow/dags/train_model_lakehouse_dag.py
[2026-06-03T11:08:31.728+0000] {logging_mixin.py:190} INFO - [2026-06-03T11:08:31.728+0000] {dag.py:3239} INFO - Sync 1 DAGs
[2026-06-03T11:08:31.745+0000] {logging_mixin.py:190} INFO - [2026-06-03T11:08:31.744+0000] {dag.py:4180} INFO - Setting next_dagrun for train_model_lakehouse to None, run_after=None
[2026-06-03T11:08:31.765+0000] {processor.py:208} INFO - Processing /opt/airflow/dags/train_model_lakehouse_dag.py took 0.094 seconds
[2026-06-03T11:09:01.920+0000] {processor.py:186} INFO - Started process (PID=240) to work on /opt/airflow/dags/train_model_lakehouse_dag.py
[2026-06-03T11:09:01.920+0000] {processor.py:914} INFO - Processing file /opt/airflow/dags/train_model_lakehouse_dag.py for tasks to queue
[2026-06-03T11:09:01.923+0000] {logging_mixin.py:190} INFO - [2026-06-03T11:09:01.923+0000] {dagbag.py:588} INFO - Filling up the DagBag from /opt/airflow/dags/train_model_lakehouse_dag.py
[2026-06-03T11:09:01.933+0000] {processor.py:925} INFO - DAG(s) 'train_model_lakehouse' retrieved from /opt/airflow/dags/train_model_lakehouse_dag.py
[2026-06-03T11:09:01.965+0000] {logging_mixin.py:190} INFO - [2026-06-03T11:09:01.965+0000] {dag.py:3239} INFO - Sync 1 DAGs
[2026-06-03T11:09:01.979+0000] {logging_mixin.py:190} INFO - [2026-06-03T11:09:01.979+0000] {dag.py:4180} INFO - Setting next_dagrun for train_model_lakehouse to None, run_after=None
[2026-06-03T11:09:02.018+0000] {processor.py:208} INFO - Processing /opt/airflow/dags/train_model_lakehouse_dag.py took 0.107 seconds
[2026-06-03T11:09:32.251+0000] {processor.py:186} INFO - Started process (PID=245) to work on /opt/airflow/dags/train_model_lakehouse_dag.py
[2026-06-03T11:09:32.277+0000] {processor.py:914} INFO - Processing file /opt/airflow/dags/train_model_lakehouse_dag.py for tasks to queue
[2026-06-03T11:09:32.280+0000] {logging_mixin.py:190} INFO - [2026-06-03T11:09:32.280+0000] {dagbag.py:588} INFO - Filling up the DagBag from /opt/airflow/dags/train_model_lakehouse_dag.py
[2026-06-03T11:09:32.290+0000] {processor.py:925} INFO - DAG(s) 'train_model_lakehouse' retrieved from /opt/airflow/dags/train_model_lakehouse_dag.py
[2026-06-03T11:09:32.323+0000] {logging_mixin.py:190} INFO - [2026-06-03T11:09:32.323+0000] {dag.py:3239} INFO - Sync 1 DAGs
[2026-06-03T11:09:32.341+0000] {logging_mixin.py:190} INFO - [2026-06-03T11:09:32.340+0000] {dag.py:4180} INFO - Setting next_dagrun for train_model_lakehouse to None, run_after=None
[2026-06-03T11:09:32.360+0000] {processor.py:208} INFO - Processing /opt/airflow/dags/train_model_lakehouse_dag.py took 0.116 seconds
[2026-06-03T11:10:02.552+0000] {processor.py:186} INFO - Started process (PID=250) to work on /opt/airflow/dags/train_model_lakehouse_dag.py
[2026-06-03T11:10:02.552+0000] {processor.py:914} INFO - Processing file /opt/airflow/dags/train_model_lakehouse_dag.py for tasks to queue
[2026-06-03T11:10:02.555+0000] {logging_mixin.py:190} INFO - [2026-06-03T11:10:02.554+0000] {dagbag.py:588} INFO - Filling up the DagBag from /opt/airflow/dags/train_model_lakehouse_dag.py
[2026-06-03T11:10:02.568+0000] {processor.py:925} INFO - DAG(s) 'train_model_lakehouse' retrieved from /opt/airflow/dags/train_model_lakehouse_dag.py
[2026-06-03T11:10:02.603+0000] {logging_mixin.py:190} INFO - [2026-06-03T11:10:02.603+0000] {dag.py:3239} INFO - Sync 1 DAGs
[2026-06-03T11:10:02.620+0000] {logging_mixin.py:190} INFO - [2026-06-03T11:10:02.620+0000] {dag.py:4180} INFO - Setting next_dagrun for train_model_lakehouse to None, run_after=None
[2026-06-03T11:10:02.640+0000] {processor.py:208} INFO - Processing /opt/airflow/dags/train_model_lakehouse_dag.py took 0.096 seconds
[2026-06-03T11:10:32.824+0000] {processor.py:186} INFO - Started process (PID=255) to work on /opt/airflow/dags/train_model_lakehouse_dag.py
[2026-06-03T11:10:32.854+0000] {processor.py:914} INFO - Processing file /opt/airflow/dags/train_model_lakehouse_dag.py for tasks to queue
[2026-06-03T11:10:32.857+0000] {logging_mixin.py:190} INFO - [2026-06-03T11:10:32.857+0000] {dagbag.py:588} INFO - Filling up the DagBag from /opt/airflow/dags/train_model_lakehouse_dag.py
[2026-06-03T11:10:32.869+0000] {processor.py:925} INFO - DAG(s) 'train_model_lakehouse' retrieved from /opt/airflow/dags/train_model_lakehouse_dag.py
[2026-06-03T11:10:32.898+0000] {logging_mixin.py:190} INFO - [2026-06-03T11:10:32.898+0000] {dag.py:3239} INFO - Sync 1 DAGs
[2026-06-03T11:10:32.912+0000] {logging_mixin.py:190} INFO - [2026-06-03T11:10:32.912+0000] {dag.py:4180} INFO - Setting next_dagrun for train_model_lakehouse to None, run_after=None
[2026-06-03T11:10:32.930+0000] {processor.py:208} INFO - Processing /opt/airflow/dags/train_model_lakehouse_dag.py took 0.116 seconds
[2026-06-03T11:11:03.109+0000] {processor.py:186} INFO - Started process (PID=260) to work on /opt/airflow/dags/train_model_lakehouse_dag.py
[2026-06-03T11:11:03.109+0000] {processor.py:914} INFO - Processing file /opt/airflow/dags/train_model_lakehouse_dag.py for tasks to queue
[2026-06-03T11:11:03.111+0000] {logging_mixin.py:190} INFO - [2026-06-03T11:11:03.111+0000] {dagbag.py:588} INFO - Filling up the DagBag from /opt/airflow/dags/train_model_lakehouse_dag.py
[2026-06-03T11:11:03.122+0000] {processor.py:925} INFO - DAG(s) 'train_model_lakehouse' retrieved from /opt/airflow/dags/train_model_lakehouse_dag.py
[2026-06-03T11:11:03.153+0000] {logging_mixin.py:190} INFO - [2026-06-03T11:11:03.153+0000] {dag.py:3239} INFO - Sync 1 DAGs
[2026-06-03T11:11:03.169+0000] {logging_mixin.py:190} INFO - [2026-06-03T11:11:03.168+0000] {dag.py:4180} INFO - Setting next_dagrun for train_model_lakehouse to None, run_after=None
[2026-06-03T11:11:03.217+0000] {processor.py:208} INFO - Processing /opt/airflow/dags/train_model_lakehouse_dag.py took 0.115 seconds
[2026-06-03T11:11:33.479+0000] {processor.py:186} INFO - Started process (PID=265) to work on /opt/airflow/dags/train_model_lakehouse_dag.py
[2026-06-03T11:11:33.513+0000] {processor.py:914} INFO - Processing file /opt/airflow/dags/train_model_lakehouse_dag.py for tasks to queue
[2026-06-03T11:11:33.520+0000] {logging_mixin.py:190} INFO - [2026-06-03T11:11:33.519+0000] {dagbag.py:588} INFO - Filling up the DagBag from /opt/airflow/dags/train_model_lakehouse_dag.py
[2026-06-03T11:11:33.548+0000] {processor.py:925} INFO - DAG(s) 'train_model_lakehouse' retrieved from /opt/airflow/dags/train_model_lakehouse_dag.py
[2026-06-03T11:11:33.581+0000] {logging_mixin.py:190} INFO - [2026-06-03T11:11:33.581+0000] {dag.py:3239} INFO - Sync 1 DAGs
[2026-06-03T11:11:33.596+0000] {logging_mixin.py:190} INFO - [2026-06-03T11:11:33.596+0000] {dag.py:4180} INFO - Setting next_dagrun for train_model_lakehouse to None, run_after=None
[2026-06-03T11:11:33.616+0000] {processor.py:208} INFO - Processing /opt/airflow/dags/train_model_lakehouse_dag.py took 0.145 seconds
[2026-06-03T11:12:03.764+0000] {processor.py:186} INFO - Started process (PID=270) to work on /opt/airflow/dags/train_model_lakehouse_dag.py
[2026-06-03T11:12:03.765+0000] {processor.py:914} INFO - Processing file /opt/airflow/dags/train_model_lakehouse_dag.py for tasks to queue
[2026-06-03T11:12:03.770+0000] {logging_mixin.py:190} INFO - [2026-06-03T11:12:03.769+0000] {dagbag.py:588} INFO - Filling up the DagBag from /opt/airflow/dags/train_model_lakehouse_dag.py
[2026-06-03T11:12:03.782+0000] {processor.py:925} INFO - DAG(s) 'train_model_lakehouse' retrieved from /opt/airflow/dags/train_model_lakehouse_dag.py
[2026-06-03T11:12:03.813+0000] {logging_mixin.py:190} INFO - [2026-06-03T11:12:03.813+0000] {dag.py:3239} INFO - Sync 1 DAGs
[2026-06-03T11:12:03.827+0000] {logging_mixin.py:190} INFO - [2026-06-03T11:12:03.827+0000] {dag.py:4180} INFO - Setting next_dagrun for train_model_lakehouse to None, run_after=None
[2026-06-03T11:12:03.846+0000] {processor.py:208} INFO - Processing /opt/airflow/dags/train_model_lakehouse_dag.py took 0.092 seconds
[2026-06-03T11:12:34.083+0000] {processor.py:186} INFO - Started process (PID=275) to work on /opt/airflow/dags/train_model_lakehouse_dag.py
[2026-06-03T11:12:34.084+0000] {processor.py:914} INFO - Processing file /opt/airflow/dags/train_model_lakehouse_dag.py for tasks to queue
[2026-06-03T11:12:34.087+0000] {logging_mixin.py:190} INFO - [2026-06-03T11:12:34.086+0000] {dagbag.py:588} INFO - Filling up the DagBag from /opt/airflow/dags/train_model_lakehouse_dag.py
[2026-06-03T11:12:34.097+0000] {processor.py:925} INFO - DAG(s) 'train_model_lakehouse' retrieved from /opt/airflow/dags/train_model_lakehouse_dag.py
[2026-06-03T11:12:34.137+0000] {logging_mixin.py:190} INFO - [2026-06-03T11:12:34.137+0000] {dag.py:3239} INFO - Sync 1 DAGs
[2026-06-03T11:12:34.152+0000] {logging_mixin.py:190} INFO - [2026-06-03T11:12:34.152+0000] {dag.py:4180} INFO - Setting next_dagrun for train_model_lakehouse to None, run_after=None
[2026-06-03T11:12:34.169+0000] {processor.py:208} INFO - Processing /opt/airflow/dags/train_model_lakehouse_dag.py took 0.093 seconds
[2026-06-03T11:13:04.350+0000] {processor.py:186} INFO - Started process (PID=280) to work on /opt/airflow/dags/train_model_lakehouse_dag.py
[2026-06-03T11:13:04.350+0000] {processor.py:914} INFO - Processing file /opt/airflow/dags/train_model_lakehouse_dag.py for tasks to queue
[2026-06-03T11:13:04.354+0000] {logging_mixin.py:190} INFO - [2026-06-03T11:13:04.354+0000] {dagbag.py:588} INFO - Filling up the DagBag from /opt/airflow/dags/train_model_lakehouse_dag.py
[2026-06-03T11:13:04.365+0000] {processor.py:925} INFO - DAG(s) 'train_model_lakehouse' retrieved from /opt/airflow/dags/train_model_lakehouse_dag.py
[2026-06-03T11:13:04.399+0000] {logging_mixin.py:190} INFO - [2026-06-03T11:13:04.399+0000] {dag.py:3239} INFO - Sync 1 DAGs
[2026-06-03T11:13:04.414+0000] {logging_mixin.py:190} INFO - [2026-06-03T11:13:04.414+0000] {dag.py:4180} INFO - Setting next_dagrun for train_model_lakehouse to None, run_after=None
[2026-06-03T11:13:04.436+0000] {processor.py:208} INFO - Processing /opt/airflow/dags/train_model_lakehouse_dag.py took 0.095 seconds
[2026-06-03T11:13:34.597+0000] {processor.py:186} INFO - Started process (PID=285) to work on /opt/airflow/dags/train_model_lakehouse_dag.py
[2026-06-03T11:13:34.599+0000] {processor.py:914} INFO - Processing file /opt/airflow/dags/train_model_lakehouse_dag.py for tasks to queue
[2026-06-03T11:13:34.603+0000] {logging_mixin.py:190} INFO - [2026-06-03T11:13:34.602+0000] {dagbag.py:588} INFO - Filling up the DagBag from /opt/airflow/dags/train_model_lakehouse_dag.py
[2026-06-03T11:13:34.617+0000] {processor.py:925} INFO - DAG(s) 'train_model_lakehouse' retrieved from /opt/airflow/dags/train_model_lakehouse_dag.py
[2026-06-03T11:13:34.665+0000] {logging_mixin.py:190} INFO - [2026-06-03T11:13:34.665+0000] {dag.py:3239} INFO - Sync 1 DAGs
[2026-06-03T11:13:34.689+0000] {logging_mixin.py:190} INFO - [2026-06-03T11:13:34.688+0000] {dag.py:4180} INFO - Setting next_dagrun for train_model_lakehouse to None, run_after=None
[2026-06-03T11:13:34.713+0000] {processor.py:208} INFO - Processing /opt/airflow/dags/train_model_lakehouse_dag.py took 0.127 seconds
[2026-06-03T11:14:04.905+0000] {processor.py:186} INFO - Started process (PID=290) to work on /opt/airflow/dags/train_model_lakehouse_dag.py
[2026-06-03T11:14:04.906+0000] {processor.py:914} INFO - Processing file /opt/airflow/dags/train_model_lakehouse_dag.py for tasks to queue
[2026-06-03T11:14:04.908+0000] {logging_mixin.py:190} INFO - [2026-06-03T11:14:04.908+0000] {dagbag.py:588} INFO - Filling up the DagBag from /opt/airflow/dags/train_model_lakehouse_dag.py
[2026-06-03T11:14:04.919+0000] {processor.py:925} INFO - DAG(s) 'train_model_lakehouse' retrieved from /opt/airflow/dags/train_model_lakehouse_dag.py
[2026-06-03T11:14:04.952+0000] {logging_mixin.py:190} INFO - [2026-06-03T11:14:04.952+0000] {dag.py:3239} INFO - Sync 1 DAGs
[2026-06-03T11:14:04.970+0000] {logging_mixin.py:190} INFO - [2026-06-03T11:14:04.969+0000] {dag.py:4180} INFO - Setting next_dagrun for train_model_lakehouse to None, run_after=None
[2026-06-03T11:14:05.004+0000] {processor.py:208} INFO - Processing /opt/airflow/dags/train_model_lakehouse_dag.py took 0.108 seconds
[2026-06-03T11:14:35.207+0000] {processor.py:186} INFO - Started process (PID=295) to work on /opt/airflow/dags/train_model_lakehouse_dag.py
[2026-06-03T11:14:35.231+0000] {processor.py:914} INFO - Processing file /opt/airflow/dags/train_model_lakehouse_dag.py for tasks to queue
[2026-06-03T11:14:35.234+0000] {logging_mixin.py:190} INFO - [2026-06-03T11:14:35.234+0000] {dagbag.py:588} INFO - Filling up the DagBag from /opt/airflow/dags/train_model_lakehouse_dag.py
[2026-06-03T11:14:35.247+0000] {processor.py:925} INFO - DAG(s) 'train_model_lakehouse' retrieved from /opt/airflow/dags/train_model_lakehouse_dag.py
[2026-06-03T11:14:35.289+0000] {logging_mixin.py:190} INFO - [2026-06-03T11:14:35.289+0000] {dag.py:3239} INFO - Sync 1 DAGs
[2026-06-03T11:14:35.304+0000] {logging_mixin.py:190} INFO - [2026-06-03T11:14:35.304+0000] {dag.py:4180} INFO - Setting next_dagrun for train_model_lakehouse to None, run_after=None
[2026-06-03T11:14:35.323+0000] {processor.py:208} INFO - Processing /opt/airflow/dags/train_model_lakehouse_dag.py took 0.125 seconds
[2026-06-03T11:15:05.493+0000] {processor.py:186} INFO - Started process (PID=300) to work on /opt/airflow/dags/train_model_lakehouse_dag.py
[2026-06-03T11:15:05.494+0000] {processor.py:914} INFO - Processing file /opt/airflow/dags/train_model_lakehouse_dag.py for tasks to queue
[2026-06-03T11:15:05.497+0000] {logging_mixin.py:190} INFO - [2026-06-03T11:15:05.497+0000] {dagbag.py:588} INFO - Filling up the DagBag from /opt/airflow/dags/train_model_lakehouse_dag.py
[2026-06-03T11:15:05.510+0000] {processor.py:925} INFO - DAG(s) 'train_model_lakehouse' retrieved from /opt/airflow/dags/train_model_lakehouse_dag.py
[2026-06-03T11:15:05.544+0000] {logging_mixin.py:190} INFO - [2026-06-03T11:15:05.544+0000] {dag.py:3239} INFO - Sync 1 DAGs
[2026-06-03T11:15:05.559+0000] {logging_mixin.py:190} INFO - [2026-06-03T11:15:05.559+0000] {dag.py:4180} INFO - Setting next_dagrun for train_model_lakehouse to None, run_after=None
[2026-06-03T11:15:05.589+0000] {processor.py:208} INFO - Processing /opt/airflow/dags/train_model_lakehouse_dag.py took 0.105 seconds
[2026-06-03T11:15:35.754+0000] {processor.py:186} INFO - Started process (PID=305) to work on /opt/airflow/dags/train_model_lakehouse_dag.py
[2026-06-03T11:15:35.754+0000] {processor.py:914} INFO - Processing file /opt/airflow/dags/train_model_lakehouse_dag.py for tasks to queue
[2026-06-03T11:15:35.757+0000] {logging_mixin.py:190} INFO - [2026-06-03T11:15:35.756+0000] {dagbag.py:588} INFO - Filling up the DagBag from /opt/airflow/dags/train_model_lakehouse_dag.py
[2026-06-03T11:15:35.766+0000] {processor.py:925} INFO - DAG(s) 'train_model_lakehouse' retrieved from /opt/airflow/dags/train_model_lakehouse_dag.py
[2026-06-03T11:15:35.803+0000] {logging_mixin.py:190} INFO - [2026-06-03T11:15:35.803+0000] {dag.py:3239} INFO - Sync 1 DAGs
[2026-06-03T11:15:35.820+0000] {logging_mixin.py:190} INFO - [2026-06-03T11:15:35.819+0000] {dag.py:4180} INFO - Setting next_dagrun for train_model_lakehouse to None, run_after=None
[2026-06-03T11:15:35.861+0000] {processor.py:208} INFO - Processing /opt/airflow/dags/train_model_lakehouse_dag.py took 0.114 seconds
[2026-06-03T13:15:04.446+0000] {processor.py:186} INFO - Started process (PID=166) to work on /opt/airflow/dags/train_model_lakehouse_dag.py
[2026-06-03T13:15:04.448+0000] {processor.py:914} INFO - Processing file /opt/airflow/dags/train_model_lakehouse_dag.py for tasks to queue
[2026-06-03T13:15:04.452+0000] {logging_mixin.py:190} INFO - [2026-06-03T13:15:04.451+0000] {dagbag.py:588} INFO - Filling up the DagBag from /opt/airflow/dags/train_model_lakehouse_dag.py
[2026-06-03T13:15:04.497+0000] {processor.py:925} INFO - DAG(s) 'train_model_lakehouse' retrieved from /opt/airflow/dags/train_model_lakehouse_dag.py
[2026-06-03T13:15:04.568+0000] {logging_mixin.py:190} INFO - [2026-06-03T13:15:04.568+0000] {dag.py:3239} INFO - Sync 1 DAGs
[2026-06-03T13:15:04.590+0000] {logging_mixin.py:190} INFO - [2026-06-03T13:15:04.589+0000] {dag.py:4180} INFO - Setting next_dagrun for train_model_lakehouse to None, run_after=None
[2026-06-03T13:15:04.614+0000] {processor.py:208} INFO - Processing /opt/airflow/dags/train_model_lakehouse_dag.py took 0.176 seconds
[2026-06-03T13:15:34.815+0000] {processor.py:186} INFO - Started process (PID=171) to work on /opt/airflow/dags/train_model_lakehouse_dag.py
[2026-06-03T13:15:34.824+0000] {processor.py:914} INFO - Processing file /opt/airflow/dags/train_model_lakehouse_dag.py for tasks to queue
[2026-06-03T13:15:34.828+0000] {logging_mixin.py:190} INFO - [2026-06-03T13:15:34.827+0000] {dagbag.py:588} INFO - Filling up the DagBag from /opt/airflow/dags/train_model_lakehouse_dag.py
[2026-06-03T13:15:34.844+0000] {processor.py:925} INFO - DAG(s) 'train_model_lakehouse' retrieved from /opt/airflow/dags/train_model_lakehouse_dag.py
[2026-06-03T13:15:34.897+0000] {logging_mixin.py:190} INFO - [2026-06-03T13:15:34.897+0000] {dag.py:3239} INFO - Sync 1 DAGs
[2026-06-03T13:15:34.921+0000] {logging_mixin.py:190} INFO - [2026-06-03T13:15:34.920+0000] {dag.py:4180} INFO - Setting next_dagrun for train_model_lakehouse to None, run_after=None
[2026-06-03T13:15:34.950+0000] {processor.py:208} INFO - Processing /opt/airflow/dags/train_model_lakehouse_dag.py took 0.145 seconds
[2026-06-03T13:16:05.100+0000] {processor.py:186} INFO - Started process (PID=229) to work on /opt/airflow/dags/train_model_lakehouse_dag.py
[2026-06-03T13:16:05.102+0000] {processor.py:914} INFO - Processing file /opt/airflow/dags/train_model_lakehouse_dag.py for tasks to queue
[2026-06-03T13:16:05.111+0000] {logging_mixin.py:190} INFO - [2026-06-03T13:16:05.109+0000] {dagbag.py:588} INFO - Filling up the DagBag from /opt/airflow/dags/train_model_lakehouse_dag.py
[2026-06-03T13:16:05.143+0000] {processor.py:925} INFO - DAG(s) 'train_model_lakehouse' retrieved from /opt/airflow/dags/train_model_lakehouse_dag.py
[2026-06-03T13:16:05.199+0000] {logging_mixin.py:190} INFO - [2026-06-03T13:16:05.199+0000] {dag.py:3239} INFO - Sync 1 DAGs
[2026-06-03T13:16:05.228+0000] {logging_mixin.py:190} INFO - [2026-06-03T13:16:05.227+0000] {dag.py:4180} INFO - Setting next_dagrun for train_model_lakehouse to None, run_after=None
[2026-06-03T13:16:05.256+0000] {processor.py:208} INFO - Processing /opt/airflow/dags/train_model_lakehouse_dag.py took 0.178 seconds
[2026-06-03T13:16:35.548+0000] {processor.py:186} INFO - Started process (PID=234) to work on /opt/airflow/dags/train_model_lakehouse_dag.py
[2026-06-03T13:16:35.551+0000] {processor.py:914} INFO - Processing file /opt/airflow/dags/train_model_lakehouse_dag.py for tasks to queue
[2026-06-03T13:16:35.559+0000] {logging_mixin.py:190} INFO - [2026-06-03T13:16:35.558+0000] {dagbag.py:588} INFO - Filling up the DagBag from /opt/airflow/dags/train_model_lakehouse_dag.py
[2026-06-03T13:16:35.587+0000] {processor.py:925} INFO - DAG(s) 'train_model_lakehouse' retrieved from /opt/airflow/dags/train_model_lakehouse_dag.py
[2026-06-03T13:16:35.662+0000] {logging_mixin.py:190} INFO - [2026-06-03T13:16:35.661+0000] {dag.py:3239} INFO - Sync 1 DAGs
[2026-06-03T13:16:35.695+0000] {logging_mixin.py:190} INFO - [2026-06-03T13:16:35.694+0000] {dag.py:4180} INFO - Setting next_dagrun for train_model_lakehouse to None, run_after=None
[2026-06-03T13:16:35.741+0000] {processor.py:208} INFO - Processing /opt/airflow/dags/train_model_lakehouse_dag.py took 0.214 seconds
[2026-06-03T13:17:05.862+0000] {processor.py:186} INFO - Started process (PID=248) to work on /opt/airflow/dags/train_model_lakehouse_dag.py
[2026-06-03T13:17:05.865+0000] {processor.py:914} INFO - Processing file /opt/airflow/dags/train_model_lakehouse_dag.py for tasks to queue
[2026-06-03T13:17:05.875+0000] {logging_mixin.py:190} INFO - [2026-06-03T13:17:05.874+0000] {dagbag.py:588} INFO - Filling up the DagBag from /opt/airflow/dags/train_model_lakehouse_dag.py
[2026-06-03T13:17:05.946+0000] {processor.py:925} INFO - DAG(s) 'train_model_lakehouse' retrieved from /opt/airflow/dags/train_model_lakehouse_dag.py
[2026-06-03T13:17:06.024+0000] {logging_mixin.py:190} INFO - [2026-06-03T13:17:06.024+0000] {dag.py:3239} INFO - Sync 1 DAGs
[2026-06-03T13:17:06.047+0000] {logging_mixin.py:190} INFO - [2026-06-03T13:17:06.047+0000] {dag.py:4180} INFO - Setting next_dagrun for train_model_lakehouse to None, run_after=None
[2026-06-03T13:17:06.074+0000] {processor.py:208} INFO - Processing /opt/airflow/dags/train_model_lakehouse_dag.py took 0.242 seconds
[2026-06-03T13:17:36.336+0000] {processor.py:186} INFO - Started process (PID=253) to work on /opt/airflow/dags/train_model_lakehouse_dag.py
[2026-06-03T13:17:36.371+0000] {processor.py:914} INFO - Processing file /opt/airflow/dags/train_model_lakehouse_dag.py for tasks to queue
[2026-06-03T13:17:36.379+0000] {logging_mixin.py:190} INFO - [2026-06-03T13:17:36.377+0000] {dagbag.py:588} INFO - Filling up the DagBag from /opt/airflow/dags/train_model_lakehouse_dag.py
[2026-06-03T13:17:36.412+0000] {processor.py:925} INFO - DAG(s) 'train_model_lakehouse' retrieved from /opt/airflow/dags/train_model_lakehouse_dag.py
[2026-06-03T13:17:36.506+0000] {logging_mixin.py:190} INFO - [2026-06-03T13:17:36.505+0000] {dag.py:3239} INFO - Sync 1 DAGs
[2026-06-03T13:17:36.557+0000] {logging_mixin.py:190} INFO - [2026-06-03T13:17:36.556+0000] {dag.py:4180} INFO - Setting next_dagrun for train_model_lakehouse to None, run_after=None
[2026-06-03T13:17:36.645+0000] {processor.py:208} INFO - Processing /opt/airflow/dags/train_model_lakehouse_dag.py took 0.331 seconds
[2026-06-03T13:18:06.980+0000] {processor.py:186} INFO - Started process (PID=258) to work on /opt/airflow/dags/train_model_lakehouse_dag.py
[2026-06-03T13:18:06.981+0000] {processor.py:914} INFO - Processing file /opt/airflow/dags/train_model_lakehouse_dag.py for tasks to queue
[2026-06-03T13:18:06.984+0000] {logging_mixin.py:190} INFO - [2026-06-03T13:18:06.984+0000] {dagbag.py:588} INFO - Filling up the DagBag from /opt/airflow/dags/train_model_lakehouse_dag.py
[2026-06-03T13:18:07.001+0000] {processor.py:925} INFO - DAG(s) 'train_model_lakehouse' retrieved from /opt/airflow/dags/train_model_lakehouse_dag.py
[2026-06-03T13:18:07.053+0000] {logging_mixin.py:190} INFO - [2026-06-03T13:18:07.052+0000] {dag.py:3239} INFO - Sync 1 DAGs
[2026-06-03T13:18:07.076+0000] {logging_mixin.py:190} INFO - [2026-06-03T13:18:07.075+0000] {dag.py:4180} INFO - Setting next_dagrun for train_model_lakehouse to None, run_after=None
[2026-06-03T13:18:07.135+0000] {processor.py:208} INFO - Processing /opt/airflow/dags/train_model_lakehouse_dag.py took 0.167 seconds
[2026-06-03T13:18:37.250+0000] {processor.py:186} INFO - Started process (PID=263) to work on /opt/airflow/dags/train_model_lakehouse_dag.py
[2026-06-03T13:18:37.252+0000] {processor.py:914} INFO - Processing file /opt/airflow/dags/train_model_lakehouse_dag.py for tasks to queue
[2026-06-03T13:18:37.259+0000] {logging_mixin.py:190} INFO - [2026-06-03T13:18:37.258+0000] {dagbag.py:588} INFO - Filling up the DagBag from /opt/airflow/dags/train_model_lakehouse_dag.py
[2026-06-03T13:18:37.293+0000] {processor.py:925} INFO - DAG(s) 'train_model_lakehouse' retrieved from /opt/airflow/dags/train_model_lakehouse_dag.py
[2026-06-03T13:18:37.390+0000] {logging_mixin.py:190} INFO - [2026-06-03T13:18:37.389+0000] {dag.py:3239} INFO - Sync 1 DAGs
[2026-06-03T13:18:37.423+0000] {logging_mixin.py:190} INFO - [2026-06-03T13:18:37.423+0000] {dag.py:4180} INFO - Setting next_dagrun for train_model_lakehouse to None, run_after=None
[2026-06-03T13:18:37.495+0000] {processor.py:208} INFO - Processing /opt/airflow/dags/train_model_lakehouse_dag.py took 0.266 seconds
[2026-06-03T13:19:07.718+0000] {processor.py:186} INFO - Started process (PID=268) to work on /opt/airflow/dags/train_model_lakehouse_dag.py
[2026-06-03T13:19:07.719+0000] {processor.py:914} INFO - Processing file /opt/airflow/dags/train_model_lakehouse_dag.py for tasks to queue
[2026-06-03T13:19:07.722+0000] {logging_mixin.py:190} INFO - [2026-06-03T13:19:07.721+0000] {dagbag.py:588} INFO - Filling up the DagBag from /opt/airflow/dags/train_model_lakehouse_dag.py
[2026-06-03T13:19:07.737+0000] {processor.py:925} INFO - DAG(s) 'train_model_lakehouse' retrieved from /opt/airflow/dags/train_model_lakehouse_dag.py
[2026-06-03T13:19:07.784+0000] {logging_mixin.py:190} INFO - [2026-06-03T13:19:07.784+0000] {dag.py:3239} INFO - Sync 1 DAGs
[2026-06-03T13:19:07.806+0000] {logging_mixin.py:190} INFO - [2026-06-03T13:19:07.806+0000] {dag.py:4180} INFO - Setting next_dagrun for train_model_lakehouse to None, run_after=None
[2026-06-03T13:19:07.832+0000] {processor.py:208} INFO - Processing /opt/airflow/dags/train_model_lakehouse_dag.py took 0.124 seconds
[2026-06-03T13:19:38.102+0000] {processor.py:186} INFO - Started process (PID=273) to work on /opt/airflow/dags/train_model_lakehouse_dag.py
[2026-06-03T13:19:38.137+0000] {processor.py:914} INFO - Processing file /opt/airflow/dags/train_model_lakehouse_dag.py for tasks to queue
[2026-06-03T13:19:38.141+0000] {logging_mixin.py:190} INFO - [2026-06-03T13:19:38.140+0000] {dagbag.py:588} INFO - Filling up the DagBag from /opt/airflow/dags/train_model_lakehouse_dag.py
[2026-06-03T13:19:38.157+0000] {processor.py:925} INFO - DAG(s) 'train_model_lakehouse' retrieved from /opt/airflow/dags/train_model_lakehouse_dag.py
[2026-06-03T13:19:38.201+0000] {logging_mixin.py:190} INFO - [2026-06-03T13:19:38.201+0000] {dag.py:3239} INFO - Sync 1 DAGs
[2026-06-03T13:19:38.223+0000] {logging_mixin.py:190} INFO - [2026-06-03T13:19:38.222+0000] {dag.py:4180} INFO - Setting next_dagrun for train_model_lakehouse to None, run_after=None
[2026-06-03T13:19:38.249+0000] {processor.py:208} INFO - Processing /opt/airflow/dags/train_model_lakehouse_dag.py took 0.158 seconds
[2026-06-03T13:20:08.448+0000] {processor.py:186} INFO - Started process (PID=278) to work on /opt/airflow/dags/train_model_lakehouse_dag.py
[2026-06-03T13:20:08.450+0000] {processor.py:914} INFO - Processing file /opt/airflow/dags/train_model_lakehouse_dag.py for tasks to queue
[2026-06-03T13:20:08.460+0000] {logging_mixin.py:190} INFO - [2026-06-03T13:20:08.458+0000] {dagbag.py:588} INFO - Filling up the DagBag from /opt/airflow/dags/train_model_lakehouse_dag.py
[2026-06-03T13:20:08.491+0000] {processor.py:925} INFO - DAG(s) 'train_model_lakehouse' retrieved from /opt/airflow/dags/train_model_lakehouse_dag.py
[2026-06-03T13:20:08.599+0000] {logging_mixin.py:190} INFO - [2026-06-03T13:20:08.599+0000] {dag.py:3239} INFO - Sync 1 DAGs
[2026-06-03T13:20:08.634+0000] {logging_mixin.py:190} INFO - [2026-06-03T13:20:08.634+0000] {dag.py:4180} INFO - Setting next_dagrun for train_model_lakehouse to None, run_after=None
[2026-06-03T13:20:08.674+0000] {processor.py:208} INFO - Processing /opt/airflow/dags/train_model_lakehouse_dag.py took 0.247 seconds
[2026-06-03T13:20:38.881+0000] {processor.py:186} INFO - Started process (PID=292) to work on /opt/airflow/dags/train_model_lakehouse_dag.py
[2026-06-03T13:20:38.901+0000] {processor.py:914} INFO - Processing file /opt/airflow/dags/train_model_lakehouse_dag.py for tasks to queue
[2026-06-03T13:20:38.910+0000] {logging_mixin.py:190} INFO - [2026-06-03T13:20:38.909+0000] {dagbag.py:588} INFO - Filling up the DagBag from /opt/airflow/dags/train_model_lakehouse_dag.py
[2026-06-03T13:20:38.944+0000] {processor.py:925} INFO - DAG(s) 'train_model_lakehouse' retrieved from /opt/airflow/dags/train_model_lakehouse_dag.py
[2026-06-03T13:20:39.041+0000] {logging_mixin.py:190} INFO - [2026-06-03T13:20:39.040+0000] {dag.py:3239} INFO - Sync 1 DAGs
[2026-06-03T13:20:39.068+0000] {logging_mixin.py:190} INFO - [2026-06-03T13:20:39.068+0000] {dag.py:4180} INFO - Setting next_dagrun for train_model_lakehouse to None, run_after=None
[2026-06-03T13:20:39.091+0000] {processor.py:208} INFO - Processing /opt/airflow/dags/train_model_lakehouse_dag.py took 0.232 seconds
[2026-06-03T13:21:09.286+0000] {processor.py:186} INFO - Started process (PID=297) to work on /opt/airflow/dags/train_model_lakehouse_dag.py
[2026-06-03T13:21:09.288+0000] {processor.py:914} INFO - Processing file /opt/airflow/dags/train_model_lakehouse_dag.py for tasks to queue
[2026-06-03T13:21:09.296+0000] {logging_mixin.py:190} INFO - [2026-06-03T13:21:09.295+0000] {dagbag.py:588} INFO - Filling up the DagBag from /opt/airflow/dags/train_model_lakehouse_dag.py
[2026-06-03T13:21:09.324+0000] {processor.py:925} INFO - DAG(s) 'train_model_lakehouse' retrieved from /opt/airflow/dags/train_model_lakehouse_dag.py
[2026-06-03T13:21:09.431+0000] {logging_mixin.py:190} INFO - [2026-06-03T13:21:09.431+0000] {dag.py:3239} INFO - Sync 1 DAGs
[2026-06-03T13:21:09.476+0000] {logging_mixin.py:190} INFO - [2026-06-03T13:21:09.475+0000] {dag.py:4180} INFO - Setting next_dagrun for train_model_lakehouse to None, run_after=None
[2026-06-03T13:21:09.526+0000] {processor.py:208} INFO - Processing /opt/airflow/dags/train_model_lakehouse_dag.py took 0.263 seconds
[2026-06-03T13:21:39.698+0000] {processor.py:186} INFO - Started process (PID=302) to work on /opt/airflow/dags/train_model_lakehouse_dag.py
[2026-06-03T13:21:39.706+0000] {processor.py:914} INFO - Processing file /opt/airflow/dags/train_model_lakehouse_dag.py for tasks to queue
[2026-06-03T13:21:39.713+0000] {logging_mixin.py:190} INFO - [2026-06-03T13:21:39.711+0000] {dagbag.py:588} INFO - Filling up the DagBag from /opt/airflow/dags/train_model_lakehouse_dag.py
[2026-06-03T13:21:39.746+0000] {processor.py:925} INFO - DAG(s) 'train_model_lakehouse' retrieved from /opt/airflow/dags/train_model_lakehouse_dag.py
[2026-06-03T13:21:39.900+0000] {logging_mixin.py:190} INFO - [2026-06-03T13:21:39.899+0000] {dag.py:3239} INFO - Sync 1 DAGs
[2026-06-03T13:21:39.942+0000] {logging_mixin.py:190} INFO - [2026-06-03T13:21:39.941+0000] {dag.py:4180} INFO - Setting next_dagrun for train_model_lakehouse to None, run_after=None
[2026-06-03T13:21:39.977+0000] {processor.py:208} INFO - Processing /opt/airflow/dags/train_model_lakehouse_dag.py took 0.304 seconds
[2026-06-03T13:22:10.256+0000] {processor.py:186} INFO - Started process (PID=307) to work on /opt/airflow/dags/train_model_lakehouse_dag.py
[2026-06-03T13:22:10.259+0000] {processor.py:914} INFO - Processing file /opt/airflow/dags/train_model_lakehouse_dag.py for tasks to queue
[2026-06-03T13:22:10.269+0000] {logging_mixin.py:190} INFO - [2026-06-03T13:22:10.267+0000] {dagbag.py:588} INFO - Filling up the DagBag from /opt/airflow/dags/train_model_lakehouse_dag.py
[2026-06-03T13:22:10.304+0000] {processor.py:925} INFO - DAG(s) 'train_model_lakehouse' retrieved from /opt/airflow/dags/train_model_lakehouse_dag.py
[2026-06-03T13:22:10.412+0000] {logging_mixin.py:190} INFO - [2026-06-03T13:22:10.411+0000] {dag.py:3239} INFO - Sync 1 DAGs
[2026-06-03T13:22:10.478+0000] {logging_mixin.py:190} INFO - [2026-06-03T13:22:10.477+0000] {dag.py:4180} INFO - Setting next_dagrun for train_model_lakehouse to None, run_after=None
[2026-06-03T13:22:10.568+0000] {processor.py:208} INFO - Processing /opt/airflow/dags/train_model_lakehouse_dag.py took 0.342 seconds
[2026-06-03T13:22:40.933+0000] {processor.py:186} INFO - Started process (PID=319) to work on /opt/airflow/dags/train_model_lakehouse_dag.py
[2026-06-03T13:22:40.936+0000] {processor.py:914} INFO - Processing file /opt/airflow/dags/train_model_lakehouse_dag.py for tasks to queue
[2026-06-03T13:22:40.943+0000] {logging_mixin.py:190} INFO - [2026-06-03T13:22:40.942+0000] {dagbag.py:588} INFO - Filling up the DagBag from /opt/airflow/dags/train_model_lakehouse_dag.py
[2026-06-03T13:22:40.976+0000] {processor.py:925} INFO - DAG(s) 'train_model_lakehouse' retrieved from /opt/airflow/dags/train_model_lakehouse_dag.py
[2026-06-03T13:22:41.068+0000] {logging_mixin.py:190} INFO - [2026-06-03T13:22:41.068+0000] {dag.py:3239} INFO - Sync 1 DAGs
[2026-06-03T13:22:41.094+0000] {logging_mixin.py:190} INFO - [2026-06-03T13:22:41.094+0000] {dag.py:4180} INFO - Setting next_dagrun for train_model_lakehouse to None, run_after=None
[2026-06-03T13:22:41.139+0000] {processor.py:208} INFO - Processing /opt/airflow/dags/train_model_lakehouse_dag.py took 0.228 seconds
[2026-06-03T13:23:11.411+0000] {processor.py:186} INFO - Started process (PID=324) to work on /opt/airflow/dags/train_model_lakehouse_dag.py
[2026-06-03T13:23:11.412+0000] {processor.py:914} INFO - Processing file /opt/airflow/dags/train_model_lakehouse_dag.py for tasks to queue
[2026-06-03T13:23:11.416+0000] {logging_mixin.py:190} INFO - [2026-06-03T13:23:11.415+0000] {dagbag.py:588} INFO - Filling up the DagBag from /opt/airflow/dags/train_model_lakehouse_dag.py
[2026-06-03T13:23:11.432+0000] {processor.py:925} INFO - DAG(s) 'train_model_lakehouse' retrieved from /opt/airflow/dags/train_model_lakehouse_dag.py
[2026-06-03T13:23:11.489+0000] {logging_mixin.py:190} INFO - [2026-06-03T13:23:11.489+0000] {dag.py:3239} INFO - Sync 1 DAGs
[2026-06-03T13:23:11.519+0000] {logging_mixin.py:190} INFO - [2026-06-03T13:23:11.518+0000] {dag.py:4180} INFO - Setting next_dagrun for train_model_lakehouse to None, run_after=None
[2026-06-03T13:23:11.552+0000] {processor.py:208} INFO - Processing /opt/airflow/dags/train_model_lakehouse_dag.py took 0.154 seconds
[2026-06-03T13:23:41.717+0000] {processor.py:186} INFO - Started process (PID=329) to work on /opt/airflow/dags/train_model_lakehouse_dag.py
[2026-06-03T13:23:41.719+0000] {processor.py:914} INFO - Processing file /opt/airflow/dags/train_model_lakehouse_dag.py for tasks to queue
[2026-06-03T13:23:41.726+0000] {logging_mixin.py:190} INFO - [2026-06-03T13:23:41.725+0000] {dagbag.py:588} INFO - Filling up the DagBag from /opt/airflow/dags/train_model_lakehouse_dag.py
[2026-06-03T13:23:41.759+0000] {processor.py:925} INFO - DAG(s) 'train_model_lakehouse' retrieved from /opt/airflow/dags/train_model_lakehouse_dag.py
[2026-06-03T13:23:41.866+0000] {logging_mixin.py:190} INFO - [2026-06-03T13:23:41.865+0000] {dag.py:3239} INFO - Sync 1 DAGs
[2026-06-03T13:23:41.919+0000] {logging_mixin.py:190} INFO - [2026-06-03T13:23:41.918+0000] {dag.py:4180} INFO - Setting next_dagrun for train_model_lakehouse to None, run_after=None
[2026-06-03T13:23:41.986+0000] {processor.py:208} INFO - Processing /opt/airflow/dags/train_model_lakehouse_dag.py took 0.293 seconds
[2026-06-03T13:24:12.193+0000] {processor.py:186} INFO - Started process (PID=334) to work on /opt/airflow/dags/train_model_lakehouse_dag.py
[2026-06-03T13:24:12.196+0000] {processor.py:914} INFO - Processing file /opt/airflow/dags/train_model_lakehouse_dag.py for tasks to queue
[2026-06-03T13:24:12.204+0000] {logging_mixin.py:190} INFO - [2026-06-03T13:24:12.203+0000] {dagbag.py:588} INFO - Filling up the DagBag from /opt/airflow/dags/train_model_lakehouse_dag.py
[2026-06-03T13:24:12.241+0000] {processor.py:925} INFO - DAG(s) 'train_model_lakehouse' retrieved from /opt/airflow/dags/train_model_lakehouse_dag.py
[2026-06-03T13:24:12.348+0000] {logging_mixin.py:190} INFO - [2026-06-03T13:24:12.348+0000] {dag.py:3239} INFO - Sync 1 DAGs
[2026-06-03T13:24:12.377+0000] {logging_mixin.py:190} INFO - [2026-06-03T13:24:12.377+0000] {dag.py:4180} INFO - Setting next_dagrun for train_model_lakehouse to None, run_after=None
[2026-06-03T13:24:12.406+0000] {processor.py:208} INFO - Processing /opt/airflow/dags/train_model_lakehouse_dag.py took 0.240 seconds
[2026-06-03T13:24:42.621+0000] {processor.py:186} INFO - Started process (PID=339) to work on /opt/airflow/dags/train_model_lakehouse_dag.py
[2026-06-03T13:24:42.623+0000] {processor.py:914} INFO - Processing file /opt/airflow/dags/train_model_lakehouse_dag.py for tasks to queue
[2026-06-03T13:24:42.631+0000] {logging_mixin.py:190} INFO - [2026-06-03T13:24:42.630+0000] {dagbag.py:588} INFO - Filling up the DagBag from /opt/airflow/dags/train_model_lakehouse_dag.py
[2026-06-03T13:24:42.665+0000] {processor.py:925} INFO - DAG(s) 'train_model_lakehouse' retrieved from /opt/airflow/dags/train_model_lakehouse_dag.py
[2026-06-03T13:24:42.770+0000] {logging_mixin.py:190} INFO - [2026-06-03T13:24:42.769+0000] {dag.py:3239} INFO - Sync 1 DAGs
[2026-06-03T13:24:42.815+0000] {logging_mixin.py:190} INFO - [2026-06-03T13:24:42.815+0000] {dag.py:4180} INFO - Setting next_dagrun for train_model_lakehouse to None, run_after=None
[2026-06-03T13:24:42.881+0000] {processor.py:208} INFO - Processing /opt/airflow/dags/train_model_lakehouse_dag.py took 0.282 seconds
[2026-06-03T13:25:12.976+0000] {processor.py:186} INFO - Started process (PID=344) to work on /opt/airflow/dags/train_model_lakehouse_dag.py
[2026-06-03T13:25:12.977+0000] {processor.py:914} INFO - Processing file /opt/airflow/dags/train_model_lakehouse_dag.py for tasks to queue
[2026-06-03T13:25:12.981+0000] {logging_mixin.py:190} INFO - [2026-06-03T13:25:12.981+0000] {dagbag.py:588} INFO - Filling up the DagBag from /opt/airflow/dags/train_model_lakehouse_dag.py
[2026-06-03T13:25:12.997+0000] {processor.py:925} INFO - DAG(s) 'train_model_lakehouse' retrieved from /opt/airflow/dags/train_model_lakehouse_dag.py
[2026-06-03T13:25:13.040+0000] {logging_mixin.py:190} INFO - [2026-06-03T13:25:13.039+0000] {dag.py:3239} INFO - Sync 1 DAGs
[2026-06-03T13:25:13.064+0000] {logging_mixin.py:190} INFO - [2026-06-03T13:25:13.063+0000] {dag.py:4180} INFO - Setting next_dagrun for train_model_lakehouse to None, run_after=None
[2026-06-03T13:25:13.115+0000] {processor.py:208} INFO - Processing /opt/airflow/dags/train_model_lakehouse_dag.py took 0.150 seconds
[2026-06-03T13:25:43.295+0000] {processor.py:186} INFO - Started process (PID=349) to work on /opt/airflow/dags/train_model_lakehouse_dag.py
[2026-06-03T13:25:43.297+0000] {processor.py:914} INFO - Processing file /opt/airflow/dags/train_model_lakehouse_dag.py for tasks to queue
[2026-06-03T13:25:43.304+0000] {logging_mixin.py:190} INFO - [2026-06-03T13:25:43.303+0000] {dagbag.py:588} INFO - Filling up the DagBag from /opt/airflow/dags/train_model_lakehouse_dag.py
[2026-06-03T13:25:43.335+0000] {processor.py:925} INFO - DAG(s) 'train_model_lakehouse' retrieved from /opt/airflow/dags/train_model_lakehouse_dag.py
[2026-06-03T13:25:43.434+0000] {logging_mixin.py:190} INFO - [2026-06-03T13:25:43.433+0000] {dag.py:3239} INFO - Sync 1 DAGs
[2026-06-03T13:25:43.486+0000] {logging_mixin.py:190} INFO - [2026-06-03T13:25:43.485+0000] {dag.py:4180} INFO - Setting next_dagrun for train_model_lakehouse to None, run_after=None
[2026-06-03T13:25:43.569+0000] {processor.py:208} INFO - Processing /opt/airflow/dags/train_model_lakehouse_dag.py took 0.299 seconds
[2026-06-03T13:26:13.700+0000] {processor.py:186} INFO - Started process (PID=354) to work on /opt/airflow/dags/train_model_lakehouse_dag.py
[2026-06-03T13:26:13.728+0000] {processor.py:914} INFO - Processing file /opt/airflow/dags/train_model_lakehouse_dag.py for tasks to queue
[2026-06-03T13:26:13.731+0000] {logging_mixin.py:190} INFO - [2026-06-03T13:26:13.730+0000] {dagbag.py:588} INFO - Filling up the DagBag from /opt/airflow/dags/train_model_lakehouse_dag.py
[2026-06-03T13:26:13.743+0000] {processor.py:925} INFO - DAG(s) 'train_model_lakehouse' retrieved from /opt/airflow/dags/train_model_lakehouse_dag.py
[2026-06-03T13:26:13.783+0000] {logging_mixin.py:190} INFO - [2026-06-03T13:26:13.783+0000] {dag.py:3239} INFO - Sync 1 DAGs
[2026-06-03T13:26:13.801+0000] {logging_mixin.py:190} INFO - [2026-06-03T13:26:13.801+0000] {dag.py:4180} INFO - Setting next_dagrun for train_model_lakehouse to None, run_after=None
[2026-06-03T13:26:13.826+0000] {processor.py:208} INFO - Processing /opt/airflow/dags/train_model_lakehouse_dag.py took 0.135 seconds
[2026-06-03T13:26:44.030+0000] {processor.py:186} INFO - Started process (PID=359) to work on /opt/airflow/dags/train_model_lakehouse_dag.py
[2026-06-03T13:26:44.032+0000] {processor.py:914} INFO - Processing file /opt/airflow/dags/train_model_lakehouse_dag.py for tasks to queue
[2026-06-03T13:26:44.041+0000] {logging_mixin.py:190} INFO - [2026-06-03T13:26:44.039+0000] {dagbag.py:588} INFO - Filling up the DagBag from /opt/airflow/dags/train_model_lakehouse_dag.py
[2026-06-03T13:26:44.079+0000] {processor.py:925} INFO - DAG(s) 'train_model_lakehouse' retrieved from /opt/airflow/dags/train_model_lakehouse_dag.py
[2026-06-03T13:26:44.192+0000] {logging_mixin.py:190} INFO - [2026-06-03T13:26:44.191+0000] {dag.py:3239} INFO - Sync 1 DAGs
[2026-06-03T13:26:44.251+0000] {logging_mixin.py:190} INFO - [2026-06-03T13:26:44.251+0000] {dag.py:4180} INFO - Setting next_dagrun for train_model_lakehouse to None, run_after=None
[2026-06-03T13:26:44.342+0000] {processor.py:208} INFO - Processing /opt/airflow/dags/train_model_lakehouse_dag.py took 0.338 seconds
[2026-06-03T13:27:36.865+0000] {processor.py:186} INFO - Started process (PID=166) to work on /opt/airflow/dags/train_model_lakehouse_dag.py
[2026-06-03T13:27:36.868+0000] {processor.py:914} INFO - Processing file /opt/airflow/dags/train_model_lakehouse_dag.py for tasks to queue
[2026-06-03T13:27:36.872+0000] {logging_mixin.py:190} INFO - [2026-06-03T13:27:36.871+0000] {dagbag.py:588} INFO - Filling up the DagBag from /opt/airflow/dags/train_model_lakehouse_dag.py
[2026-06-03T13:27:36.913+0000] {processor.py:925} INFO - DAG(s) 'train_model_lakehouse' retrieved from /opt/airflow/dags/train_model_lakehouse_dag.py
[2026-06-03T13:27:36.973+0000] {logging_mixin.py:190} INFO - [2026-06-03T13:27:36.973+0000] {dag.py:3239} INFO - Sync 1 DAGs
[2026-06-03T13:27:36.990+0000] {logging_mixin.py:190} INFO - [2026-06-03T13:27:36.989+0000] {dag.py:4180} INFO - Setting next_dagrun for train_model_lakehouse to None, run_after=None
[2026-06-03T13:27:37.010+0000] {processor.py:208} INFO - Processing /opt/airflow/dags/train_model_lakehouse_dag.py took 0.153 seconds
[2026-06-03T13:28:07.070+0000] {processor.py:186} INFO - Started process (PID=171) to work on /opt/airflow/dags/train_model_lakehouse_dag.py
[2026-06-03T13:28:07.072+0000] {processor.py:914} INFO - Processing file /opt/airflow/dags/train_model_lakehouse_dag.py for tasks to queue
[2026-06-03T13:28:07.076+0000] {logging_mixin.py:190} INFO - [2026-06-03T13:28:07.076+0000] {dagbag.py:588} INFO - Filling up the DagBag from /opt/airflow/dags/train_model_lakehouse_dag.py
[2026-06-03T13:28:07.094+0000] {processor.py:925} INFO - DAG(s) 'train_model_lakehouse' retrieved from /opt/airflow/dags/train_model_lakehouse_dag.py
[2026-06-03T13:28:07.161+0000] {logging_mixin.py:190} INFO - [2026-06-03T13:28:07.160+0000] {dag.py:3239} INFO - Sync 1 DAGs
[2026-06-03T13:28:07.190+0000] {logging_mixin.py:190} INFO - [2026-06-03T13:28:07.189+0000] {dag.py:4180} INFO - Setting next_dagrun for train_model_lakehouse to None, run_after=None
[2026-06-03T13:28:07.222+0000] {processor.py:208} INFO - Processing /opt/airflow/dags/train_model_lakehouse_dag.py took 0.166 seconds
[2026-06-03T13:28:37.509+0000] {processor.py:186} INFO - Started process (PID=176) to work on /opt/airflow/dags/train_model_lakehouse_dag.py
[2026-06-03T13:28:37.513+0000] {processor.py:914} INFO - Processing file /opt/airflow/dags/train_model_lakehouse_dag.py for tasks to queue
[2026-06-03T13:28:37.521+0000] {logging_mixin.py:190} INFO - [2026-06-03T13:28:37.520+0000] {dagbag.py:588} INFO - Filling up the DagBag from /opt/airflow/dags/train_model_lakehouse_dag.py
[2026-06-03T13:28:37.554+0000] {processor.py:925} INFO - DAG(s) 'train_model_lakehouse' retrieved from /opt/airflow/dags/train_model_lakehouse_dag.py
[2026-06-03T13:28:37.609+0000] {logging_mixin.py:190} INFO - [2026-06-03T13:28:37.609+0000] {dag.py:3239} INFO - Sync 1 DAGs
[2026-06-03T13:28:37.635+0000] {logging_mixin.py:190} INFO - [2026-06-03T13:28:37.634+0000] {dag.py:4180} INFO - Setting next_dagrun for train_model_lakehouse to None, run_after=None
[2026-06-03T13:28:37.667+0000] {processor.py:208} INFO - Processing /opt/airflow/dags/train_model_lakehouse_dag.py took 0.181 seconds
[2026-06-03T13:29:07.833+0000] {processor.py:186} INFO - Started process (PID=235) to work on /opt/airflow/dags/train_model_lakehouse_dag.py
[2026-06-03T13:29:07.868+0000] {processor.py:914} INFO - Processing file /opt/airflow/dags/train_model_lakehouse_dag.py for tasks to queue
[2026-06-03T13:29:07.876+0000] {logging_mixin.py:190} INFO - [2026-06-03T13:29:07.875+0000] {dagbag.py:588} INFO - Filling up the DagBag from /opt/airflow/dags/train_model_lakehouse_dag.py
[2026-06-03T13:29:07.907+0000] {processor.py:925} INFO - DAG(s) 'train_model_lakehouse' retrieved from /opt/airflow/dags/train_model_lakehouse_dag.py
[2026-06-03T13:29:07.995+0000] {logging_mixin.py:190} INFO - [2026-06-03T13:29:07.994+0000] {dag.py:3239} INFO - Sync 1 DAGs
[2026-06-03T13:29:08.036+0000] {logging_mixin.py:190} INFO - [2026-06-03T13:29:08.036+0000] {dag.py:4180} INFO - Setting next_dagrun for train_model_lakehouse to None, run_after=None
[2026-06-03T13:29:08.108+0000] {processor.py:208} INFO - Processing /opt/airflow/dags/train_model_lakehouse_dag.py took 0.298 seconds
[2026-06-03T13:29:38.279+0000] {processor.py:186} INFO - Started process (PID=247) to work on /opt/airflow/dags/train_model_lakehouse_dag.py
[2026-06-03T13:29:38.281+0000] {processor.py:914} INFO - Processing file /opt/airflow/dags/train_model_lakehouse_dag.py for tasks to queue
[2026-06-03T13:29:38.290+0000] {logging_mixin.py:190} INFO - [2026-06-03T13:29:38.288+0000] {dagbag.py:588} INFO - Filling up the DagBag from /opt/airflow/dags/train_model_lakehouse_dag.py
[2026-06-03T13:29:38.321+0000] {processor.py:925} INFO - DAG(s) 'train_model_lakehouse' retrieved from /opt/airflow/dags/train_model_lakehouse_dag.py
[2026-06-03T13:29:38.417+0000] {logging_mixin.py:190} INFO - [2026-06-03T13:29:38.416+0000] {dag.py:3239} INFO - Sync 1 DAGs
[2026-06-03T13:29:38.438+0000] {logging_mixin.py:190} INFO - [2026-06-03T13:29:38.438+0000] {dag.py:4180} INFO - Setting next_dagrun for train_model_lakehouse to None, run_after=None
[2026-06-03T13:29:38.494+0000] {processor.py:208} INFO - Processing /opt/airflow/dags/train_model_lakehouse_dag.py took 0.237 seconds
[2026-06-03T13:30:08.700+0000] {processor.py:186} INFO - Started process (PID=252) to work on /opt/airflow/dags/train_model_lakehouse_dag.py
[2026-06-03T13:30:08.739+0000] {processor.py:914} INFO - Processing file /opt/airflow/dags/train_model_lakehouse_dag.py for tasks to queue
[2026-06-03T13:30:08.750+0000] {logging_mixin.py:190} INFO - [2026-06-03T13:30:08.748+0000] {dagbag.py:588} INFO - Filling up the DagBag from /opt/airflow/dags/train_model_lakehouse_dag.py
[2026-06-03T13:30:08.784+0000] {processor.py:925} INFO - DAG(s) 'train_model_lakehouse' retrieved from /opt/airflow/dags/train_model_lakehouse_dag.py
[2026-06-03T13:30:08.895+0000] {logging_mixin.py:190} INFO - [2026-06-03T13:30:08.894+0000] {dag.py:3239} INFO - Sync 1 DAGs
[2026-06-03T13:30:08.931+0000] {logging_mixin.py:190} INFO - [2026-06-03T13:30:08.930+0000] {dag.py:4180} INFO - Setting next_dagrun for train_model_lakehouse to None, run_after=None
[2026-06-03T13:30:08.962+0000] {processor.py:208} INFO - Processing /opt/airflow/dags/train_model_lakehouse_dag.py took 0.286 seconds
[2026-06-03T13:30:39.107+0000] {processor.py:186} INFO - Started process (PID=257) to work on /opt/airflow/dags/train_model_lakehouse_dag.py
[2026-06-03T13:30:39.109+0000] {processor.py:914} INFO - Processing file /opt/airflow/dags/train_model_lakehouse_dag.py for tasks to queue
[2026-06-03T13:30:39.117+0000] {logging_mixin.py:190} INFO - [2026-06-03T13:30:39.115+0000] {dagbag.py:588} INFO - Filling up the DagBag from /opt/airflow/dags/train_model_lakehouse_dag.py
[2026-06-03T13:30:39.146+0000] {processor.py:925} INFO - DAG(s) 'train_model_lakehouse' retrieved from /opt/airflow/dags/train_model_lakehouse_dag.py
[2026-06-03T13:30:39.251+0000] {logging_mixin.py:190} INFO - [2026-06-03T13:30:39.250+0000] {dag.py:3239} INFO - Sync 1 DAGs
[2026-06-03T13:30:39.306+0000] {logging_mixin.py:190} INFO - [2026-06-03T13:30:39.305+0000] {dag.py:4180} INFO - Setting next_dagrun for train_model_lakehouse to None, run_after=None
[2026-06-03T13:30:39.362+0000] {processor.py:208} INFO - Processing /opt/airflow/dags/train_model_lakehouse_dag.py took 0.282 seconds
[2026-06-03T13:31:09.569+0000] {processor.py:186} INFO - Started process (PID=262) to work on /opt/airflow/dags/train_model_lakehouse_dag.py
[2026-06-03T13:31:09.571+0000] {processor.py:914} INFO - Processing file /opt/airflow/dags/train_model_lakehouse_dag.py for tasks to queue
[2026-06-03T13:31:09.578+0000] {logging_mixin.py:190} INFO - [2026-06-03T13:31:09.577+0000] {dagbag.py:588} INFO - Filling up the DagBag from /opt/airflow/dags/train_model_lakehouse_dag.py
[2026-06-03T13:31:09.607+0000] {processor.py:925} INFO - DAG(s) 'train_model_lakehouse' retrieved from /opt/airflow/dags/train_model_lakehouse_dag.py
[2026-06-03T13:31:09.722+0000] {logging_mixin.py:190} INFO - [2026-06-03T13:31:09.721+0000] {dag.py:3239} INFO - Sync 1 DAGs
[2026-06-03T13:31:09.781+0000] {logging_mixin.py:190} INFO - [2026-06-03T13:31:09.780+0000] {dag.py:4180} INFO - Setting next_dagrun for train_model_lakehouse to None, run_after=None
[2026-06-03T13:31:09.840+0000] {processor.py:208} INFO - Processing /opt/airflow/dags/train_model_lakehouse_dag.py took 0.297 seconds
[2026-06-03T13:31:39.980+0000] {processor.py:186} INFO - Started process (PID=267) to work on /opt/airflow/dags/train_model_lakehouse_dag.py
[2026-06-03T13:31:39.983+0000] {processor.py:914} INFO - Processing file /opt/airflow/dags/train_model_lakehouse_dag.py for tasks to queue
[2026-06-03T13:31:39.992+0000] {logging_mixin.py:190} INFO - [2026-06-03T13:31:39.991+0000] {dagbag.py:588} INFO - Filling up the DagBag from /opt/airflow/dags/train_model_lakehouse_dag.py
[2026-06-03T13:31:40.035+0000] {processor.py:925} INFO - DAG(s) 'train_model_lakehouse' retrieved from /opt/airflow/dags/train_model_lakehouse_dag.py
[2026-06-03T13:31:40.171+0000] {logging_mixin.py:190} INFO - [2026-06-03T13:31:40.170+0000] {dag.py:3239} INFO - Sync 1 DAGs
[2026-06-03T13:31:40.222+0000] {logging_mixin.py:190} INFO - [2026-06-03T13:31:40.222+0000] {dag.py:4180} INFO - Setting next_dagrun for train_model_lakehouse to None, run_after=None
[2026-06-03T13:31:40.301+0000] {processor.py:208} INFO - Processing /opt/airflow/dags/train_model_lakehouse_dag.py took 0.349 seconds
[2026-06-03T13:32:10.492+0000] {processor.py:186} INFO - Started process (PID=272) to work on /opt/airflow/dags/train_model_lakehouse_dag.py
[2026-06-03T13:32:10.513+0000] {processor.py:914} INFO - Processing file /opt/airflow/dags/train_model_lakehouse_dag.py for tasks to queue
[2026-06-03T13:32:10.519+0000] {logging_mixin.py:190} INFO - [2026-06-03T13:32:10.518+0000] {dagbag.py:588} INFO - Filling up the DagBag from /opt/airflow/dags/train_model_lakehouse_dag.py
[2026-06-03T13:32:10.536+0000] {processor.py:925} INFO - DAG(s) 'train_model_lakehouse' retrieved from /opt/airflow/dags/train_model_lakehouse_dag.py
[2026-06-03T13:32:10.583+0000] {logging_mixin.py:190} INFO - [2026-06-03T13:32:10.583+0000] {dag.py:3239} INFO - Sync 1 DAGs
[2026-06-03T13:32:10.606+0000] {logging_mixin.py:190} INFO - [2026-06-03T13:32:10.606+0000] {dag.py:4180} INFO - Setting next_dagrun for train_model_lakehouse to None, run_after=None
[2026-06-03T13:32:10.653+0000] {processor.py:208} INFO - Processing /opt/airflow/dags/train_model_lakehouse_dag.py took 0.173 seconds
[2026-06-03T13:33:21.062+0000] {processor.py:186} INFO - Started process (PID=166) to work on /opt/airflow/dags/train_model_lakehouse_dag.py
[2026-06-03T13:33:21.064+0000] {processor.py:914} INFO - Processing file /opt/airflow/dags/train_model_lakehouse_dag.py for tasks to queue
[2026-06-03T13:33:21.068+0000] {logging_mixin.py:190} INFO - [2026-06-03T13:33:21.068+0000] {dagbag.py:588} INFO - Filling up the DagBag from /opt/airflow/dags/train_model_lakehouse_dag.py
[2026-06-03T13:33:21.119+0000] {processor.py:925} INFO - DAG(s) 'train_model_lakehouse' retrieved from /opt/airflow/dags/train_model_lakehouse_dag.py
[2026-06-03T13:33:21.193+0000] {logging_mixin.py:190} INFO - [2026-06-03T13:33:21.193+0000] {dag.py:3239} INFO - Sync 1 DAGs
[2026-06-03T13:33:21.216+0000] {logging_mixin.py:190} INFO - [2026-06-03T13:33:21.215+0000] {dag.py:4180} INFO - Setting next_dagrun for train_model_lakehouse to None, run_after=None
[2026-06-03T13:33:21.244+0000] {processor.py:208} INFO - Processing /opt/airflow/dags/train_model_lakehouse_dag.py took 0.193 seconds
[2026-06-03T13:33:51.426+0000] {processor.py:186} INFO - Started process (PID=171) to work on /opt/airflow/dags/train_model_lakehouse_dag.py
[2026-06-03T13:33:51.427+0000] {processor.py:914} INFO - Processing file /opt/airflow/dags/train_model_lakehouse_dag.py for tasks to queue
[2026-06-03T13:33:51.430+0000] {logging_mixin.py:190} INFO - [2026-06-03T13:33:51.429+0000] {dagbag.py:588} INFO - Filling up the DagBag from /opt/airflow/dags/train_model_lakehouse_dag.py
[2026-06-03T13:33:51.445+0000] {processor.py:925} INFO - DAG(s) 'train_model_lakehouse' retrieved from /opt/airflow/dags/train_model_lakehouse_dag.py
[2026-06-03T13:33:51.487+0000] {logging_mixin.py:190} INFO - [2026-06-03T13:33:51.487+0000] {dag.py:3239} INFO - Sync 1 DAGs
[2026-06-03T13:33:51.508+0000] {logging_mixin.py:190} INFO - [2026-06-03T13:33:51.508+0000] {dag.py:4180} INFO - Setting next_dagrun for train_model_lakehouse to None, run_after=None
[2026-06-03T13:33:51.565+0000] {processor.py:208} INFO - Processing /opt/airflow/dags/train_model_lakehouse_dag.py took 0.149 seconds
[2026-06-03T13:34:21.668+0000] {processor.py:186} INFO - Started process (PID=307) to work on /opt/airflow/dags/train_model_lakehouse_dag.py
[2026-06-03T13:34:21.670+0000] {processor.py:914} INFO - Processing file /opt/airflow/dags/train_model_lakehouse_dag.py for tasks to queue
[2026-06-03T13:34:21.675+0000] {logging_mixin.py:190} INFO - [2026-06-03T13:34:21.674+0000] {dagbag.py:588} INFO - Filling up the DagBag from /opt/airflow/dags/train_model_lakehouse_dag.py
[2026-06-03T13:34:21.695+0000] {processor.py:925} INFO - DAG(s) 'train_model_lakehouse' retrieved from /opt/airflow/dags/train_model_lakehouse_dag.py
[2026-06-03T13:34:21.755+0000] {logging_mixin.py:190} INFO - [2026-06-03T13:34:21.755+0000] {dag.py:3239} INFO - Sync 1 DAGs
[2026-06-03T13:34:21.779+0000] {logging_mixin.py:190} INFO - [2026-06-03T13:34:21.779+0000] {dag.py:4180} INFO - Setting next_dagrun for train_model_lakehouse to None, run_after=None
[2026-06-03T13:34:21.807+0000] {processor.py:208} INFO - Processing /opt/airflow/dags/train_model_lakehouse_dag.py took 0.151 seconds
[2026-06-03T14:14:25.243+0000] {processor.py:186} INFO - Started process (PID=312) to work on /opt/airflow/dags/train_model_lakehouse_dag.py
[2026-06-03T14:14:25.245+0000] {processor.py:914} INFO - Processing file /opt/airflow/dags/train_model_lakehouse_dag.py for tasks to queue
[2026-06-03T14:14:25.249+0000] {logging_mixin.py:190} INFO - [2026-06-03T14:14:25.248+0000] {dagbag.py:588} INFO - Filling up the DagBag from /opt/airflow/dags/train_model_lakehouse_dag.py
[2026-06-03T14:14:25.269+0000] {processor.py:925} INFO - DAG(s) 'train_model_lakehouse' retrieved from /opt/airflow/dags/train_model_lakehouse_dag.py
[2026-06-03T14:14:25.365+0000] {logging_mixin.py:190} INFO - [2026-06-03T14:14:25.364+0000] {dag.py:3239} INFO - Sync 1 DAGs
[2026-06-03T14:14:25.392+0000] {logging_mixin.py:190} INFO - [2026-06-03T14:14:25.391+0000] {dag.py:4180} INFO - Setting next_dagrun for train_model_lakehouse to None, run_after=None
[2026-06-03T14:14:25.419+0000] {processor.py:208} INFO - Processing /opt/airflow/dags/train_model_lakehouse_dag.py took 0.190 seconds
[2026-06-03T14:14:55.505+0000] {processor.py:186} INFO - Started process (PID=317) to work on /opt/airflow/dags/train_model_lakehouse_dag.py
[2026-06-03T14:14:55.507+0000] {processor.py:914} INFO - Processing file /opt/airflow/dags/train_model_lakehouse_dag.py for tasks to queue
[2026-06-03T14:14:55.512+0000] {logging_mixin.py:190} INFO - [2026-06-03T14:14:55.511+0000] {dagbag.py:588} INFO - Filling up the DagBag from /opt/airflow/dags/train_model_lakehouse_dag.py
[2026-06-03T14:14:55.525+0000] {processor.py:925} INFO - DAG(s) 'train_model_lakehouse' retrieved from /opt/airflow/dags/train_model_lakehouse_dag.py
[2026-06-03T14:14:55.555+0000] {logging_mixin.py:190} INFO - [2026-06-03T14:14:55.555+0000] {dag.py:3239} INFO - Sync 1 DAGs
[2026-06-03T14:14:55.569+0000] {logging_mixin.py:190} INFO - [2026-06-03T14:14:55.569+0000] {dag.py:4180} INFO - Setting next_dagrun for train_model_lakehouse to None, run_after=None
[2026-06-03T14:14:55.611+0000] {processor.py:208} INFO - Processing /opt/airflow/dags/train_model_lakehouse_dag.py took 0.126 seconds
[2026-06-03T14:15:25.777+0000] {processor.py:186} INFO - Started process (PID=329) to work on /opt/airflow/dags/train_model_lakehouse_dag.py
[2026-06-03T14:15:25.778+0000] {processor.py:914} INFO - Processing file /opt/airflow/dags/train_model_lakehouse_dag.py for tasks to queue
[2026-06-03T14:15:25.781+0000] {logging_mixin.py:190} INFO - [2026-06-03T14:15:25.781+0000] {dagbag.py:588} INFO - Filling up the DagBag from /opt/airflow/dags/train_model_lakehouse_dag.py
[2026-06-03T14:15:25.792+0000] {processor.py:925} INFO - DAG(s) 'train_model_lakehouse' retrieved from /opt/airflow/dags/train_model_lakehouse_dag.py
[2026-06-03T14:15:25.822+0000] {logging_mixin.py:190} INFO - [2026-06-03T14:15:25.822+0000] {dag.py:3239} INFO - Sync 1 DAGs
[2026-06-03T14:15:25.839+0000] {logging_mixin.py:190} INFO - [2026-06-03T14:15:25.838+0000] {dag.py:4180} INFO - Setting next_dagrun for train_model_lakehouse to None, run_after=None
[2026-06-03T14:15:25.878+0000] {processor.py:208} INFO - Processing /opt/airflow/dags/train_model_lakehouse_dag.py took 0.117 seconds
[2026-06-03T14:15:56.170+0000] {processor.py:186} INFO - Started process (PID=341) to work on /opt/airflow/dags/train_model_lakehouse_dag.py
[2026-06-03T14:15:56.171+0000] {processor.py:914} INFO - Processing file /opt/airflow/dags/train_model_lakehouse_dag.py for tasks to queue
[2026-06-03T14:15:56.173+0000] {logging_mixin.py:190} INFO - [2026-06-03T14:15:56.173+0000] {dagbag.py:588} INFO - Filling up the DagBag from /opt/airflow/dags/train_model_lakehouse_dag.py
[2026-06-03T14:15:56.183+0000] {processor.py:925} INFO - DAG(s) 'train_model_lakehouse' retrieved from /opt/airflow/dags/train_model_lakehouse_dag.py
[2026-06-03T14:15:56.213+0000] {logging_mixin.py:190} INFO - [2026-06-03T14:15:56.213+0000] {dag.py:3239} INFO - Sync 1 DAGs
[2026-06-03T14:15:56.227+0000] {logging_mixin.py:190} INFO - [2026-06-03T14:15:56.227+0000] {dag.py:4180} INFO - Setting next_dagrun for train_model_lakehouse to None, run_after=None
[2026-06-03T14:15:56.270+0000] {processor.py:208} INFO - Processing /opt/airflow/dags/train_model_lakehouse_dag.py took 0.109 seconds
[2026-06-03T14:16:26.439+0000] {processor.py:186} INFO - Started process (PID=353) to work on /opt/airflow/dags/train_model_lakehouse_dag.py
[2026-06-03T14:16:26.466+0000] {processor.py:914} INFO - Processing file /opt/airflow/dags/train_model_lakehouse_dag.py for tasks to queue
[2026-06-03T14:16:26.468+0000] {logging_mixin.py:190} INFO - [2026-06-03T14:16:26.468+0000] {dagbag.py:588} INFO - Filling up the DagBag from /opt/airflow/dags/train_model_lakehouse_dag.py
[2026-06-03T14:16:26.479+0000] {processor.py:925} INFO - DAG(s) 'train_model_lakehouse' retrieved from /opt/airflow/dags/train_model_lakehouse_dag.py
[2026-06-03T14:16:26.512+0000] {logging_mixin.py:190} INFO - [2026-06-03T14:16:26.512+0000] {dag.py:3239} INFO - Sync 1 DAGs
[2026-06-03T14:16:26.530+0000] {logging_mixin.py:190} INFO - [2026-06-03T14:16:26.530+0000] {dag.py:4180} INFO - Setting next_dagrun for train_model_lakehouse to None, run_after=None
[2026-06-03T14:16:26.555+0000] {processor.py:208} INFO - Processing /opt/airflow/dags/train_model_lakehouse_dag.py took 0.125 seconds
[2026-06-03T14:16:56.765+0000] {processor.py:186} INFO - Started process (PID=358) to work on /opt/airflow/dags/train_model_lakehouse_dag.py
[2026-06-03T14:16:56.766+0000] {processor.py:914} INFO - Processing file /opt/airflow/dags/train_model_lakehouse_dag.py for tasks to queue
[2026-06-03T14:16:56.769+0000] {logging_mixin.py:190} INFO - [2026-06-03T14:16:56.768+0000] {dagbag.py:588} INFO - Filling up the DagBag from /opt/airflow/dags/train_model_lakehouse_dag.py
[2026-06-03T14:16:56.779+0000] {processor.py:925} INFO - DAG(s) 'train_model_lakehouse' retrieved from /opt/airflow/dags/train_model_lakehouse_dag.py
[2026-06-03T14:16:56.813+0000] {logging_mixin.py:190} INFO - [2026-06-03T14:16:56.813+0000] {dag.py:3239} INFO - Sync 1 DAGs
[2026-06-03T14:16:56.828+0000] {logging_mixin.py:190} INFO - [2026-06-03T14:16:56.828+0000] {dag.py:4180} INFO - Setting next_dagrun for train_model_lakehouse to None, run_after=None
[2026-06-03T14:16:56.874+0000] {processor.py:208} INFO - Processing /opt/airflow/dags/train_model_lakehouse_dag.py took 0.117 seconds
[2026-06-03T14:17:27.002+0000] {processor.py:186} INFO - Started process (PID=363) to work on /opt/airflow/dags/train_model_lakehouse_dag.py
[2026-06-03T14:17:27.034+0000] {processor.py:914} INFO - Processing file /opt/airflow/dags/train_model_lakehouse_dag.py for tasks to queue
[2026-06-03T14:17:27.037+0000] {logging_mixin.py:190} INFO - [2026-06-03T14:17:27.036+0000] {dagbag.py:588} INFO - Filling up the DagBag from /opt/airflow/dags/train_model_lakehouse_dag.py
[2026-06-03T14:17:27.047+0000] {processor.py:925} INFO - DAG(s) 'train_model_lakehouse' retrieved from /opt/airflow/dags/train_model_lakehouse_dag.py
[2026-06-03T14:17:27.089+0000] {logging_mixin.py:190} INFO - [2026-06-03T14:17:27.088+0000] {dag.py:3239} INFO - Sync 1 DAGs
[2026-06-03T14:17:27.103+0000] {logging_mixin.py:190} INFO - [2026-06-03T14:17:27.103+0000] {dag.py:4180} INFO - Setting next_dagrun for train_model_lakehouse to None, run_after=None
[2026-06-03T14:17:27.126+0000] {processor.py:208} INFO - Processing /opt/airflow/dags/train_model_lakehouse_dag.py took 0.133 seconds
[2026-06-03T14:17:57.386+0000] {processor.py:186} INFO - Started process (PID=368) to work on /opt/airflow/dags/train_model_lakehouse_dag.py
[2026-06-03T14:17:57.387+0000] {processor.py:914} INFO - Processing file /opt/airflow/dags/train_model_lakehouse_dag.py for tasks to queue
[2026-06-03T14:17:57.392+0000] {logging_mixin.py:190} INFO - [2026-06-03T14:17:57.391+0000] {dagbag.py:588} INFO - Filling up the DagBag from /opt/airflow/dags/train_model_lakehouse_dag.py
[2026-06-03T14:17:57.403+0000] {processor.py:925} INFO - DAG(s) 'train_model_lakehouse' retrieved from /opt/airflow/dags/train_model_lakehouse_dag.py
[2026-06-03T14:17:57.434+0000] {logging_mixin.py:190} INFO - [2026-06-03T14:17:57.433+0000] {dag.py:3239} INFO - Sync 1 DAGs
[2026-06-03T14:17:57.448+0000] {logging_mixin.py:190} INFO - [2026-06-03T14:17:57.447+0000] {dag.py:4180} INFO - Setting next_dagrun for train_model_lakehouse to None, run_after=None
[2026-06-03T14:17:57.494+0000] {processor.py:208} INFO - Processing /opt/airflow/dags/train_model_lakehouse_dag.py took 0.126 seconds
[2026-06-03T14:18:27.697+0000] {processor.py:186} INFO - Started process (PID=373) to work on /opt/airflow/dags/train_model_lakehouse_dag.py
[2026-06-03T14:18:27.699+0000] {processor.py:914} INFO - Processing file /opt/airflow/dags/train_model_lakehouse_dag.py for tasks to queue
[2026-06-03T14:18:27.703+0000] {logging_mixin.py:190} INFO - [2026-06-03T14:18:27.703+0000] {dagbag.py:588} INFO - Filling up the DagBag from /opt/airflow/dags/train_model_lakehouse_dag.py
[2026-06-03T14:18:27.714+0000] {processor.py:925} INFO - DAG(s) 'train_model_lakehouse' retrieved from /opt/airflow/dags/train_model_lakehouse_dag.py
[2026-06-03T14:18:27.747+0000] {logging_mixin.py:190} INFO - [2026-06-03T14:18:27.747+0000] {dag.py:3239} INFO - Sync 1 DAGs
[2026-06-03T14:18:27.761+0000] {logging_mixin.py:190} INFO - [2026-06-03T14:18:27.761+0000] {dag.py:4180} INFO - Setting next_dagrun for train_model_lakehouse to None, run_after=None
[2026-06-03T14:18:27.809+0000] {processor.py:208} INFO - Processing /opt/airflow/dags/train_model_lakehouse_dag.py took 0.130 seconds
[2026-06-03T14:18:58.000+0000] {processor.py:186} INFO - Started process (PID=378) to work on /opt/airflow/dags/train_model_lakehouse_dag.py
[2026-06-03T14:18:58.001+0000] {processor.py:914} INFO - Processing file /opt/airflow/dags/train_model_lakehouse_dag.py for tasks to queue
[2026-06-03T14:18:58.003+0000] {logging_mixin.py:190} INFO - [2026-06-03T14:18:58.003+0000] {dagbag.py:588} INFO - Filling up the DagBag from /opt/airflow/dags/train_model_lakehouse_dag.py
[2026-06-03T14:18:58.014+0000] {processor.py:925} INFO - DAG(s) 'train_model_lakehouse' retrieved from /opt/airflow/dags/train_model_lakehouse_dag.py
[2026-06-03T14:18:58.046+0000] {logging_mixin.py:190} INFO - [2026-06-03T14:18:58.046+0000] {dag.py:3239} INFO - Sync 1 DAGs
[2026-06-03T14:18:58.060+0000] {logging_mixin.py:190} INFO - [2026-06-03T14:18:58.060+0000] {dag.py:4180} INFO - Setting next_dagrun for train_model_lakehouse to None, run_after=None
[2026-06-03T14:18:58.107+0000] {processor.py:208} INFO - Processing /opt/airflow/dags/train_model_lakehouse_dag.py took 0.115 seconds
[2026-06-03T14:19:28.369+0000] {processor.py:186} INFO - Started process (PID=383) to work on /opt/airflow/dags/train_model_lakehouse_dag.py
[2026-06-03T14:19:28.402+0000] {processor.py:914} INFO - Processing file /opt/airflow/dags/train_model_lakehouse_dag.py for tasks to queue
[2026-06-03T14:19:28.405+0000] {logging_mixin.py:190} INFO - [2026-06-03T14:19:28.405+0000] {dagbag.py:588} INFO - Filling up the DagBag from /opt/airflow/dags/train_model_lakehouse_dag.py
[2026-06-03T14:19:28.420+0000] {processor.py:925} INFO - DAG(s) 'train_model_lakehouse' retrieved from /opt/airflow/dags/train_model_lakehouse_dag.py
[2026-06-03T14:19:28.466+0000] {logging_mixin.py:190} INFO - [2026-06-03T14:19:28.465+0000] {dag.py:3239} INFO - Sync 1 DAGs
[2026-06-03T14:19:28.480+0000] {logging_mixin.py:190} INFO - [2026-06-03T14:19:28.480+0000] {dag.py:4180} INFO - Setting next_dagrun for train_model_lakehouse to None, run_after=None
[2026-06-03T14:19:28.500+0000] {processor.py:208} INFO - Processing /opt/airflow/dags/train_model_lakehouse_dag.py took 0.137 seconds
[2026-06-03T14:19:58.620+0000] {processor.py:186} INFO - Started process (PID=388) to work on /opt/airflow/dags/train_model_lakehouse_dag.py
[2026-06-03T14:19:58.621+0000] {processor.py:914} INFO - Processing file /opt/airflow/dags/train_model_lakehouse_dag.py for tasks to queue
[2026-06-03T14:19:58.624+0000] {logging_mixin.py:190} INFO - [2026-06-03T14:19:58.623+0000] {dagbag.py:588} INFO - Filling up the DagBag from /opt/airflow/dags/train_model_lakehouse_dag.py
[2026-06-03T14:19:58.635+0000] {processor.py:925} INFO - DAG(s) 'train_model_lakehouse' retrieved from /opt/airflow/dags/train_model_lakehouse_dag.py
[2026-06-03T14:19:58.668+0000] {logging_mixin.py:190} INFO - [2026-06-03T14:19:58.668+0000] {dag.py:3239} INFO - Sync 1 DAGs
[2026-06-03T14:19:58.683+0000] {logging_mixin.py:190} INFO - [2026-06-03T14:19:58.683+0000] {dag.py:4180} INFO - Setting next_dagrun for train_model_lakehouse to None, run_after=None
[2026-06-03T14:19:58.701+0000] {processor.py:208} INFO - Processing /opt/airflow/dags/train_model_lakehouse_dag.py took 0.091 seconds
[2026-06-03T14:20:28.867+0000] {processor.py:186} INFO - Started process (PID=393) to work on /opt/airflow/dags/train_model_lakehouse_dag.py
[2026-06-03T14:20:28.901+0000] {processor.py:914} INFO - Processing file /opt/airflow/dags/train_model_lakehouse_dag.py for tasks to queue
[2026-06-03T14:20:28.907+0000] {logging_mixin.py:190} INFO - [2026-06-03T14:20:28.906+0000] {dagbag.py:588} INFO - Filling up the DagBag from /opt/airflow/dags/train_model_lakehouse_dag.py
[2026-06-03T14:20:28.933+0000] {processor.py:925} INFO - DAG(s) 'train_model_lakehouse' retrieved from /opt/airflow/dags/train_model_lakehouse_dag.py
[2026-06-03T14:20:28.968+0000] {logging_mixin.py:190} INFO - [2026-06-03T14:20:28.968+0000] {dag.py:3239} INFO - Sync 1 DAGs
[2026-06-03T14:20:28.983+0000] {logging_mixin.py:190} INFO - [2026-06-03T14:20:28.983+0000] {dag.py:4180} INFO - Setting next_dagrun for train_model_lakehouse to None, run_after=None
[2026-06-03T14:20:29.003+0000] {processor.py:208} INFO - Processing /opt/airflow/dags/train_model_lakehouse_dag.py took 0.146 seconds
[2026-06-03T14:20:59.212+0000] {processor.py:186} INFO - Started process (PID=458) to work on /opt/airflow/dags/train_model_lakehouse_dag.py
[2026-06-03T14:20:59.213+0000] {processor.py:914} INFO - Processing file /opt/airflow/dags/train_model_lakehouse_dag.py for tasks to queue
[2026-06-03T14:20:59.217+0000] {logging_mixin.py:190} INFO - [2026-06-03T14:20:59.216+0000] {dagbag.py:588} INFO - Filling up the DagBag from /opt/airflow/dags/train_model_lakehouse_dag.py
[2026-06-03T14:20:59.229+0000] {processor.py:925} INFO - DAG(s) 'train_model_lakehouse' retrieved from /opt/airflow/dags/train_model_lakehouse_dag.py
[2026-06-03T14:20:59.266+0000] {logging_mixin.py:190} INFO - [2026-06-03T14:20:59.266+0000] {dag.py:3239} INFO - Sync 1 DAGs
[2026-06-03T14:20:59.283+0000] {logging_mixin.py:190} INFO - [2026-06-03T14:20:59.283+0000] {dag.py:4180} INFO - Setting next_dagrun for train_model_lakehouse to None, run_after=None
[2026-06-03T14:20:59.303+0000] {processor.py:208} INFO - Processing /opt/airflow/dags/train_model_lakehouse_dag.py took 0.099 seconds
[2026-06-03T14:21:29.503+0000] {processor.py:186} INFO - Started process (PID=542) to work on /opt/airflow/dags/train_model_lakehouse_dag.py
[2026-06-03T14:21:29.504+0000] {processor.py:914} INFO - Processing file /opt/airflow/dags/train_model_lakehouse_dag.py for tasks to queue
[2026-06-03T14:21:29.508+0000] {logging_mixin.py:190} INFO - [2026-06-03T14:21:29.507+0000] {dagbag.py:588} INFO - Filling up the DagBag from /opt/airflow/dags/train_model_lakehouse_dag.py
[2026-06-03T14:21:29.519+0000] {processor.py:925} INFO - DAG(s) 'train_model_lakehouse' retrieved from /opt/airflow/dags/train_model_lakehouse_dag.py
[2026-06-03T14:21:29.550+0000] {logging_mixin.py:190} INFO - [2026-06-03T14:21:29.550+0000] {dag.py:3239} INFO - Sync 1 DAGs
[2026-06-03T14:21:29.564+0000] {logging_mixin.py:190} INFO - [2026-06-03T14:21:29.564+0000] {dag.py:4180} INFO - Setting next_dagrun for train_model_lakehouse to None, run_after=None
[2026-06-03T14:21:29.599+0000] {processor.py:208} INFO - Processing /opt/airflow/dags/train_model_lakehouse_dag.py took 0.105 seconds
[2026-06-03T14:21:59.846+0000] {processor.py:186} INFO - Started process (PID=547) to work on /opt/airflow/dags/train_model_lakehouse_dag.py
[2026-06-03T14:21:59.848+0000] {processor.py:914} INFO - Processing file /opt/airflow/dags/train_model_lakehouse_dag.py for tasks to queue
[2026-06-03T14:21:59.851+0000] {logging_mixin.py:190} INFO - [2026-06-03T14:21:59.851+0000] {dagbag.py:588} INFO - Filling up the DagBag from /opt/airflow/dags/train_model_lakehouse_dag.py
[2026-06-03T14:21:59.862+0000] {processor.py:925} INFO - DAG(s) 'train_model_lakehouse' retrieved from /opt/airflow/dags/train_model_lakehouse_dag.py
[2026-06-03T14:21:59.894+0000] {logging_mixin.py:190} INFO - [2026-06-03T14:21:59.894+0000] {dag.py:3239} INFO - Sync 1 DAGs
[2026-06-03T14:21:59.908+0000] {logging_mixin.py:190} INFO - [2026-06-03T14:21:59.908+0000] {dag.py:4180} INFO - Setting next_dagrun for train_model_lakehouse to None, run_after=None
[2026-06-03T14:21:59.943+0000] {processor.py:208} INFO - Processing /opt/airflow/dags/train_model_lakehouse_dag.py took 0.112 seconds
[2026-06-03T14:22:30.103+0000] {processor.py:186} INFO - Started process (PID=552) to work on /opt/airflow/dags/train_model_lakehouse_dag.py
[2026-06-03T14:22:30.123+0000] {processor.py:914} INFO - Processing file /opt/airflow/dags/train_model_lakehouse_dag.py for tasks to queue
[2026-06-03T14:22:30.126+0000] {logging_mixin.py:190} INFO - [2026-06-03T14:22:30.126+0000] {dagbag.py:588} INFO - Filling up the DagBag from /opt/airflow/dags/train_model_lakehouse_dag.py
[2026-06-03T14:22:30.136+0000] {processor.py:925} INFO - DAG(s) 'train_model_lakehouse' retrieved from /opt/airflow/dags/train_model_lakehouse_dag.py
[2026-06-03T14:22:30.171+0000] {logging_mixin.py:190} INFO - [2026-06-03T14:22:30.171+0000] {dag.py:3239} INFO - Sync 1 DAGs
[2026-06-03T14:22:30.187+0000] {logging_mixin.py:190} INFO - [2026-06-03T14:22:30.186+0000] {dag.py:4180} INFO - Setting next_dagrun for train_model_lakehouse to None, run_after=None
[2026-06-03T14:22:30.208+0000] {processor.py:208} INFO - Processing /opt/airflow/dags/train_model_lakehouse_dag.py took 0.114 seconds
[2026-06-03T14:23:00.293+0000] {processor.py:186} INFO - Started process (PID=557) to work on /opt/airflow/dags/train_model_lakehouse_dag.py
[2026-06-03T14:23:00.295+0000] {processor.py:914} INFO - Processing file /opt/airflow/dags/train_model_lakehouse_dag.py for tasks to queue
[2026-06-03T14:23:00.299+0000] {logging_mixin.py:190} INFO - [2026-06-03T14:23:00.298+0000] {dagbag.py:588} INFO - Filling up the DagBag from /opt/airflow/dags/train_model_lakehouse_dag.py
[2026-06-03T14:23:00.309+0000] {processor.py:925} INFO - DAG(s) 'train_model_lakehouse' retrieved from /opt/airflow/dags/train_model_lakehouse_dag.py
[2026-06-03T14:23:00.341+0000] {logging_mixin.py:190} INFO - [2026-06-03T14:23:00.341+0000] {dag.py:3239} INFO - Sync 1 DAGs
[2026-06-03T14:23:00.355+0000] {logging_mixin.py:190} INFO - [2026-06-03T14:23:00.355+0000] {dag.py:4180} INFO - Setting next_dagrun for train_model_lakehouse to None, run_after=None
[2026-06-03T14:23:00.375+0000] {processor.py:208} INFO - Processing /opt/airflow/dags/train_model_lakehouse_dag.py took 0.097 seconds
[2026-06-03T14:23:30.575+0000] {processor.py:186} INFO - Started process (PID=562) to work on /opt/airflow/dags/train_model_lakehouse_dag.py
[2026-06-03T14:23:30.577+0000] {processor.py:914} INFO - Processing file /opt/airflow/dags/train_model_lakehouse_dag.py for tasks to queue
[2026-06-03T14:23:30.581+0000] {logging_mixin.py:190} INFO - [2026-06-03T14:23:30.580+0000] {dagbag.py:588} INFO - Filling up the DagBag from /opt/airflow/dags/train_model_lakehouse_dag.py
[2026-06-03T14:23:30.592+0000] {processor.py:925} INFO - DAG(s) 'train_model_lakehouse' retrieved from /opt/airflow/dags/train_model_lakehouse_dag.py
[2026-06-03T14:23:30.624+0000] {logging_mixin.py:190} INFO - [2026-06-03T14:23:30.624+0000] {dag.py:3239} INFO - Sync 1 DAGs
[2026-06-03T14:23:30.640+0000] {logging_mixin.py:190} INFO - [2026-06-03T14:23:30.640+0000] {dag.py:4180} INFO - Setting next_dagrun for train_model_lakehouse to None, run_after=None
[2026-06-03T14:23:30.658+0000] {processor.py:208} INFO - Processing /opt/airflow/dags/train_model_lakehouse_dag.py took 0.095 seconds
[2026-06-03T14:24:00.905+0000] {processor.py:186} INFO - Started process (PID=567) to work on /opt/airflow/dags/train_model_lakehouse_dag.py
[2026-06-03T14:24:00.906+0000] {processor.py:914} INFO - Processing file /opt/airflow/dags/train_model_lakehouse_dag.py for tasks to queue
[2026-06-03T14:24:00.909+0000] {logging_mixin.py:190} INFO - [2026-06-03T14:24:00.909+0000] {dagbag.py:588} INFO - Filling up the DagBag from /opt/airflow/dags/train_model_lakehouse_dag.py
[2026-06-03T14:24:00.921+0000] {processor.py:925} INFO - DAG(s) 'train_model_lakehouse' retrieved from /opt/airflow/dags/train_model_lakehouse_dag.py
[2026-06-03T14:24:00.952+0000] {logging_mixin.py:190} INFO - [2026-06-03T14:24:00.952+0000] {dag.py:3239} INFO - Sync 1 DAGs
[2026-06-03T14:24:00.966+0000] {logging_mixin.py:190} INFO - [2026-06-03T14:24:00.966+0000] {dag.py:4180} INFO - Setting next_dagrun for train_model_lakehouse to None, run_after=None
[2026-06-03T14:24:01.008+0000] {processor.py:208} INFO - Processing /opt/airflow/dags/train_model_lakehouse_dag.py took 0.120 seconds
[2026-06-03T14:24:31.266+0000] {processor.py:186} INFO - Started process (PID=572) to work on /opt/airflow/dags/train_model_lakehouse_dag.py
[2026-06-03T14:24:31.292+0000] {processor.py:914} INFO - Processing file /opt/airflow/dags/train_model_lakehouse_dag.py for tasks to queue
[2026-06-03T14:24:31.294+0000] {logging_mixin.py:190} INFO - [2026-06-03T14:24:31.294+0000] {dagbag.py:588} INFO - Filling up the DagBag from /opt/airflow/dags/train_model_lakehouse_dag.py
[2026-06-03T14:24:31.306+0000] {processor.py:925} INFO - DAG(s) 'train_model_lakehouse' retrieved from /opt/airflow/dags/train_model_lakehouse_dag.py
[2026-06-03T14:24:31.341+0000] {logging_mixin.py:190} INFO - [2026-06-03T14:24:31.340+0000] {dag.py:3239} INFO - Sync 1 DAGs
[2026-06-03T14:24:31.356+0000] {logging_mixin.py:190} INFO - [2026-06-03T14:24:31.356+0000] {dag.py:4180} INFO - Setting next_dagrun for train_model_lakehouse to None, run_after=None
[2026-06-03T14:24:31.399+0000] {processor.py:208} INFO - Processing /opt/airflow/dags/train_model_lakehouse_dag.py took 0.141 seconds
[2026-06-03T14:25:01.521+0000] {processor.py:186} INFO - Started process (PID=577) to work on /opt/airflow/dags/train_model_lakehouse_dag.py
[2026-06-03T14:25:01.522+0000] {processor.py:914} INFO - Processing file /opt/airflow/dags/train_model_lakehouse_dag.py for tasks to queue
[2026-06-03T14:25:01.526+0000] {logging_mixin.py:190} INFO - [2026-06-03T14:25:01.525+0000] {dagbag.py:588} INFO - Filling up the DagBag from /opt/airflow/dags/train_model_lakehouse_dag.py
[2026-06-03T14:25:01.536+0000] {processor.py:925} INFO - DAG(s) 'train_model_lakehouse' retrieved from /opt/airflow/dags/train_model_lakehouse_dag.py
[2026-06-03T14:25:01.567+0000] {logging_mixin.py:190} INFO - [2026-06-03T14:25:01.567+0000] {dag.py:3239} INFO - Sync 1 DAGs
[2026-06-03T14:25:01.583+0000] {logging_mixin.py:190} INFO - [2026-06-03T14:25:01.583+0000] {dag.py:4180} INFO - Setting next_dagrun for train_model_lakehouse to None, run_after=None
[2026-06-03T14:25:01.626+0000] {processor.py:208} INFO - Processing /opt/airflow/dags/train_model_lakehouse_dag.py took 0.116 seconds
[2026-06-03T14:25:31.913+0000] {processor.py:186} INFO - Started process (PID=582) to work on /opt/airflow/dags/train_model_lakehouse_dag.py
[2026-06-03T14:25:31.940+0000] {processor.py:914} INFO - Processing file /opt/airflow/dags/train_model_lakehouse_dag.py for tasks to queue
[2026-06-03T14:25:31.944+0000] {logging_mixin.py:190} INFO - [2026-06-03T14:25:31.944+0000] {dagbag.py:588} INFO - Filling up the DagBag from /opt/airflow/dags/train_model_lakehouse_dag.py
[2026-06-03T14:25:31.959+0000] {processor.py:925} INFO - DAG(s) 'train_model_lakehouse' retrieved from /opt/airflow/dags/train_model_lakehouse_dag.py
[2026-06-03T14:25:31.991+0000] {logging_mixin.py:190} INFO - [2026-06-03T14:25:31.991+0000] {dag.py:3239} INFO - Sync 1 DAGs
[2026-06-03T14:25:32.004+0000] {logging_mixin.py:190} INFO - [2026-06-03T14:25:32.004+0000] {dag.py:4180} INFO - Setting next_dagrun for train_model_lakehouse to None, run_after=None
[2026-06-03T14:25:32.051+0000] {processor.py:208} INFO - Processing /opt/airflow/dags/train_model_lakehouse_dag.py took 0.148 seconds
[2026-06-03T14:26:02.159+0000] {processor.py:186} INFO - Started process (PID=718) to work on /opt/airflow/dags/train_model_lakehouse_dag.py
[2026-06-03T14:26:02.160+0000] {processor.py:914} INFO - Processing file /opt/airflow/dags/train_model_lakehouse_dag.py for tasks to queue
[2026-06-03T14:26:02.163+0000] {logging_mixin.py:190} INFO - [2026-06-03T14:26:02.163+0000] {dagbag.py:588} INFO - Filling up the DagBag from /opt/airflow/dags/train_model_lakehouse_dag.py
[2026-06-03T14:26:02.174+0000] {processor.py:925} INFO - DAG(s) 'train_model_lakehouse' retrieved from /opt/airflow/dags/train_model_lakehouse_dag.py
[2026-06-03T14:26:02.206+0000] {logging_mixin.py:190} INFO - [2026-06-03T14:26:02.206+0000] {dag.py:3239} INFO - Sync 1 DAGs
[2026-06-03T14:26:02.221+0000] {logging_mixin.py:190} INFO - [2026-06-03T14:26:02.221+0000] {dag.py:4180} INFO - Setting next_dagrun for train_model_lakehouse to None, run_after=None
[2026-06-03T14:26:02.241+0000] {processor.py:208} INFO - Processing /opt/airflow/dags/train_model_lakehouse_dag.py took 0.090 seconds
[2026-06-03T14:26:32.404+0000] {processor.py:186} INFO - Started process (PID=730) to work on /opt/airflow/dags/train_model_lakehouse_dag.py
[2026-06-03T14:26:32.405+0000] {processor.py:914} INFO - Processing file /opt/airflow/dags/train_model_lakehouse_dag.py for tasks to queue
[2026-06-03T14:26:32.409+0000] {logging_mixin.py:190} INFO - [2026-06-03T14:26:32.408+0000] {dagbag.py:588} INFO - Filling up the DagBag from /opt/airflow/dags/train_model_lakehouse_dag.py
[2026-06-03T14:26:32.419+0000] {processor.py:925} INFO - DAG(s) 'train_model_lakehouse' retrieved from /opt/airflow/dags/train_model_lakehouse_dag.py
[2026-06-03T14:26:32.450+0000] {logging_mixin.py:190} INFO - [2026-06-03T14:26:32.450+0000] {dag.py:3239} INFO - Sync 1 DAGs
[2026-06-03T14:26:32.466+0000] {logging_mixin.py:190} INFO - [2026-06-03T14:26:32.466+0000] {dag.py:4180} INFO - Setting next_dagrun for train_model_lakehouse to None, run_after=None
[2026-06-03T14:26:32.503+0000] {processor.py:208} INFO - Processing /opt/airflow/dags/train_model_lakehouse_dag.py took 0.106 seconds
[2026-06-03T14:27:02.732+0000] {processor.py:186} INFO - Started process (PID=735) to work on /opt/airflow/dags/train_model_lakehouse_dag.py
[2026-06-03T14:27:02.733+0000] {processor.py:914} INFO - Processing file /opt/airflow/dags/train_model_lakehouse_dag.py for tasks to queue
[2026-06-03T14:27:02.736+0000] {logging_mixin.py:190} INFO - [2026-06-03T14:27:02.735+0000] {dagbag.py:588} INFO - Filling up the DagBag from /opt/airflow/dags/train_model_lakehouse_dag.py
[2026-06-03T14:27:02.745+0000] {processor.py:925} INFO - DAG(s) 'train_model_lakehouse' retrieved from /opt/airflow/dags/train_model_lakehouse_dag.py
[2026-06-03T14:27:02.777+0000] {logging_mixin.py:190} INFO - [2026-06-03T14:27:02.776+0000] {dag.py:3239} INFO - Sync 1 DAGs
[2026-06-03T14:27:02.791+0000] {logging_mixin.py:190} INFO - [2026-06-03T14:27:02.791+0000] {dag.py:4180} INFO - Setting next_dagrun for train_model_lakehouse to None, run_after=None
[2026-06-03T14:27:02.831+0000] {processor.py:208} INFO - Processing /opt/airflow/dags/train_model_lakehouse_dag.py took 0.107 seconds
[2026-06-03T14:27:33.019+0000] {processor.py:186} INFO - Started process (PID=740) to work on /opt/airflow/dags/train_model_lakehouse_dag.py
[2026-06-03T14:27:33.039+0000] {processor.py:914} INFO - Processing file /opt/airflow/dags/train_model_lakehouse_dag.py for tasks to queue
[2026-06-03T14:27:33.041+0000] {logging_mixin.py:190} INFO - [2026-06-03T14:27:33.041+0000] {dagbag.py:588} INFO - Filling up the DagBag from /opt/airflow/dags/train_model_lakehouse_dag.py
[2026-06-03T14:27:33.051+0000] {processor.py:925} INFO - DAG(s) 'train_model_lakehouse' retrieved from /opt/airflow/dags/train_model_lakehouse_dag.py
[2026-06-03T14:27:33.083+0000] {logging_mixin.py:190} INFO - [2026-06-03T14:27:33.083+0000] {dag.py:3239} INFO - Sync 1 DAGs
[2026-06-03T14:27:33.097+0000] {logging_mixin.py:190} INFO - [2026-06-03T14:27:33.097+0000] {dag.py:4180} INFO - Setting next_dagrun for train_model_lakehouse to None, run_after=None
[2026-06-03T14:27:33.119+0000] {processor.py:208} INFO - Processing /opt/airflow/dags/train_model_lakehouse_dag.py took 0.109 seconds
[2026-06-03T14:27:47.239+0000] {processor.py:186} INFO - Started process (PID=745) to work on /opt/airflow/dags/train_model_lakehouse_dag.py
[2026-06-03T14:27:47.240+0000] {processor.py:914} INFO - Processing file /opt/airflow/dags/train_model_lakehouse_dag.py for tasks to queue
[2026-06-03T14:27:47.243+0000] {logging_mixin.py:190} INFO - [2026-06-03T14:27:47.242+0000] {dagbag.py:588} INFO - Filling up the DagBag from /opt/airflow/dags/train_model_lakehouse_dag.py
[2026-06-03T14:27:47.250+0000] {logging_mixin.py:190} INFO - [2026-06-03T14:27:47.248+0000] {dagbag.py:387} ERROR - Failed to import: /opt/airflow/dags/train_model_lakehouse_dag.py
Traceback (most recent call last):
  File "/home/airflow/.local/lib/python3.11/site-packages/airflow/models/dagbag.py", line 383, in parse
    loader.exec_module(new_module)
  File "<frozen importlib._bootstrap_external>", line 940, in exec_module
  File "<frozen importlib._bootstrap>", line 241, in _call_with_frames_removed
  File "/opt/airflow/dags/train_model_lakehouse_dag.py", line 13, in <module>
    train_model = SparkSubmitOperator(
                  ^^^^^^^^^^^^^^^^^^^^
  File "/home/airflow/.local/lib/python3.11/site-packages/airflow/models/baseoperator.py", line 506, in apply_defaults
    result = func(self, **kwargs, default_args=default_args)
             ^^^^^^^^^^^^^^^^^^^^^^^^^^^^^^^^^^^^^^^^^^^^^^^
  File "/home/airflow/.local/lib/python3.11/site-packages/airflow/providers/apache/spark/operators/spark_submit.py", line 139, in __init__
    super().__init__(**kwargs)
  File "/home/airflow/.local/lib/python3.11/site-packages/airflow/models/baseoperator.py", line 506, in apply_defaults
    result = func(self, **kwargs, default_args=default_args)
             ^^^^^^^^^^^^^^^^^^^^^^^^^^^^^^^^^^^^^^^^^^^^^^^
  File "/home/airflow/.local/lib/python3.11/site-packages/airflow/models/baseoperator.py", line 957, in __init__
    raise AirflowException(
airflow.exceptions.AirflowException: Invalid arguments were passed to SparkSubmitOperator (task_id: train_model). Invalid arguments were:
**kwargs: {'master': 'spark://spark-master:7077'}
[2026-06-03T14:27:47.251+0000] {processor.py:927} WARNING - No viable dags retrieved from /opt/airflow/dags/train_model_lakehouse_dag.py
[2026-06-03T14:27:47.280+0000] {processor.py:208} INFO - Processing /opt/airflow/dags/train_model_lakehouse_dag.py took 0.050 seconds
[2026-06-03T14:28:17.516+0000] {processor.py:186} INFO - Started process (PID=750) to work on /opt/airflow/dags/train_model_lakehouse_dag.py
[2026-06-03T14:28:17.537+0000] {processor.py:914} INFO - Processing file /opt/airflow/dags/train_model_lakehouse_dag.py for tasks to queue
[2026-06-03T14:28:17.539+0000] {logging_mixin.py:190} INFO - [2026-06-03T14:28:17.539+0000] {dagbag.py:588} INFO - Filling up the DagBag from /opt/airflow/dags/train_model_lakehouse_dag.py
[2026-06-03T14:28:17.546+0000] {logging_mixin.py:190} INFO - [2026-06-03T14:28:17.543+0000] {dagbag.py:387} ERROR - Failed to import: /opt/airflow/dags/train_model_lakehouse_dag.py
Traceback (most recent call last):
  File "/home/airflow/.local/lib/python3.11/site-packages/airflow/models/dagbag.py", line 383, in parse
    loader.exec_module(new_module)
  File "<frozen importlib._bootstrap_external>", line 940, in exec_module
  File "<frozen importlib._bootstrap>", line 241, in _call_with_frames_removed
  File "/opt/airflow/dags/train_model_lakehouse_dag.py", line 13, in <module>
    train_model = SparkSubmitOperator(
                  ^^^^^^^^^^^^^^^^^^^^
  File "/home/airflow/.local/lib/python3.11/site-packages/airflow/models/baseoperator.py", line 506, in apply_defaults
    result = func(self, **kwargs, default_args=default_args)
             ^^^^^^^^^^^^^^^^^^^^^^^^^^^^^^^^^^^^^^^^^^^^^^^
  File "/home/airflow/.local/lib/python3.11/site-packages/airflow/providers/apache/spark/operators/spark_submit.py", line 139, in __init__
    super().__init__(**kwargs)
  File "/home/airflow/.local/lib/python3.11/site-packages/airflow/models/baseoperator.py", line 506, in apply_defaults
    result = func(self, **kwargs, default_args=default_args)
             ^^^^^^^^^^^^^^^^^^^^^^^^^^^^^^^^^^^^^^^^^^^^^^^
  File "/home/airflow/.local/lib/python3.11/site-packages/airflow/models/baseoperator.py", line 957, in __init__
    raise AirflowException(
airflow.exceptions.AirflowException: Invalid arguments were passed to SparkSubmitOperator (task_id: train_model). Invalid arguments were:
**kwargs: {'master': 'spark://spark-master:7077'}
[2026-06-03T14:28:17.546+0000] {processor.py:927} WARNING - No viable dags retrieved from /opt/airflow/dags/train_model_lakehouse_dag.py
[2026-06-03T14:28:17.580+0000] {processor.py:208} INFO - Processing /opt/airflow/dags/train_model_lakehouse_dag.py took 0.073 seconds
[2026-06-03T14:28:53.259+0000] {processor.py:186} INFO - Started process (PID=166) to work on /opt/airflow/dags/train_model_lakehouse_dag.py
[2026-06-03T14:28:53.262+0000] {processor.py:914} INFO - Processing file /opt/airflow/dags/train_model_lakehouse_dag.py for tasks to queue
[2026-06-03T14:28:53.265+0000] {logging_mixin.py:190} INFO - [2026-06-03T14:28:53.265+0000] {dagbag.py:588} INFO - Filling up the DagBag from /opt/airflow/dags/train_model_lakehouse_dag.py
[2026-06-03T14:28:53.275+0000] {logging_mixin.py:190} INFO - [2026-06-03T14:28:53.270+0000] {dagbag.py:387} ERROR - Failed to import: /opt/airflow/dags/train_model_lakehouse_dag.py
Traceback (most recent call last):
  File "/home/airflow/.local/lib/python3.11/site-packages/airflow/models/dagbag.py", line 383, in parse
    loader.exec_module(new_module)
  File "<frozen importlib._bootstrap_external>", line 940, in exec_module
  File "<frozen importlib._bootstrap>", line 241, in _call_with_frames_removed
  File "/opt/airflow/dags/train_model_lakehouse_dag.py", line 13, in <module>
    train_model = SparkSubmitOperator(
                  ^^^^^^^^^^^^^^^^^^^^
  File "/home/airflow/.local/lib/python3.11/site-packages/airflow/models/baseoperator.py", line 506, in apply_defaults
    result = func(self, **kwargs, default_args=default_args)
             ^^^^^^^^^^^^^^^^^^^^^^^^^^^^^^^^^^^^^^^^^^^^^^^
  File "/home/airflow/.local/lib/python3.11/site-packages/airflow/providers/apache/spark/operators/spark_submit.py", line 139, in __init__
    super().__init__(**kwargs)
  File "/home/airflow/.local/lib/python3.11/site-packages/airflow/models/baseoperator.py", line 506, in apply_defaults
    result = func(self, **kwargs, default_args=default_args)
             ^^^^^^^^^^^^^^^^^^^^^^^^^^^^^^^^^^^^^^^^^^^^^^^
  File "/home/airflow/.local/lib/python3.11/site-packages/airflow/models/baseoperator.py", line 957, in __init__
    raise AirflowException(
airflow.exceptions.AirflowException: Invalid arguments were passed to SparkSubmitOperator (task_id: train_model). Invalid arguments were:
**kwargs: {'master': 'spark://spark-master:7077'}
[2026-06-03T14:28:53.276+0000] {processor.py:927} WARNING - No viable dags retrieved from /opt/airflow/dags/train_model_lakehouse_dag.py
[2026-06-03T14:28:53.343+0000] {processor.py:208} INFO - Processing /opt/airflow/dags/train_model_lakehouse_dag.py took 0.093 seconds
[2026-06-03T14:29:23.433+0000] {processor.py:186} INFO - Started process (PID=171) to work on /opt/airflow/dags/train_model_lakehouse_dag.py
[2026-06-03T14:29:23.434+0000] {processor.py:914} INFO - Processing file /opt/airflow/dags/train_model_lakehouse_dag.py for tasks to queue
[2026-06-03T14:29:23.437+0000] {logging_mixin.py:190} INFO - [2026-06-03T14:29:23.437+0000] {dagbag.py:588} INFO - Filling up the DagBag from /opt/airflow/dags/train_model_lakehouse_dag.py
[2026-06-03T14:29:23.445+0000] {logging_mixin.py:190} INFO - [2026-06-03T14:29:23.442+0000] {dagbag.py:387} ERROR - Failed to import: /opt/airflow/dags/train_model_lakehouse_dag.py
Traceback (most recent call last):
  File "/home/airflow/.local/lib/python3.11/site-packages/airflow/models/dagbag.py", line 383, in parse
    loader.exec_module(new_module)
  File "<frozen importlib._bootstrap_external>", line 940, in exec_module
  File "<frozen importlib._bootstrap>", line 241, in _call_with_frames_removed
  File "/opt/airflow/dags/train_model_lakehouse_dag.py", line 13, in <module>
    train_model = SparkSubmitOperator(
                  ^^^^^^^^^^^^^^^^^^^^
  File "/home/airflow/.local/lib/python3.11/site-packages/airflow/models/baseoperator.py", line 506, in apply_defaults
    result = func(self, **kwargs, default_args=default_args)
             ^^^^^^^^^^^^^^^^^^^^^^^^^^^^^^^^^^^^^^^^^^^^^^^
  File "/home/airflow/.local/lib/python3.11/site-packages/airflow/providers/apache/spark/operators/spark_submit.py", line 139, in __init__
    super().__init__(**kwargs)
  File "/home/airflow/.local/lib/python3.11/site-packages/airflow/models/baseoperator.py", line 506, in apply_defaults
    result = func(self, **kwargs, default_args=default_args)
             ^^^^^^^^^^^^^^^^^^^^^^^^^^^^^^^^^^^^^^^^^^^^^^^
  File "/home/airflow/.local/lib/python3.11/site-packages/airflow/models/baseoperator.py", line 957, in __init__
    raise AirflowException(
airflow.exceptions.AirflowException: Invalid arguments were passed to SparkSubmitOperator (task_id: train_model). Invalid arguments were:
**kwargs: {'master': 'spark://spark-master:7077'}
[2026-06-03T14:29:23.446+0000] {processor.py:927} WARNING - No viable dags retrieved from /opt/airflow/dags/train_model_lakehouse_dag.py
[2026-06-03T14:29:23.475+0000] {processor.py:208} INFO - Processing /opt/airflow/dags/train_model_lakehouse_dag.py took 0.050 seconds
[2026-06-03T14:29:53.753+0000] {processor.py:186} INFO - Started process (PID=176) to work on /opt/airflow/dags/train_model_lakehouse_dag.py
[2026-06-03T14:29:53.754+0000] {processor.py:914} INFO - Processing file /opt/airflow/dags/train_model_lakehouse_dag.py for tasks to queue
[2026-06-03T14:29:53.755+0000] {logging_mixin.py:190} INFO - [2026-06-03T14:29:53.755+0000] {dagbag.py:588} INFO - Filling up the DagBag from /opt/airflow/dags/train_model_lakehouse_dag.py
[2026-06-03T14:29:53.761+0000] {logging_mixin.py:190} INFO - [2026-06-03T14:29:53.759+0000] {dagbag.py:387} ERROR - Failed to import: /opt/airflow/dags/train_model_lakehouse_dag.py
Traceback (most recent call last):
  File "/home/airflow/.local/lib/python3.11/site-packages/airflow/models/dagbag.py", line 383, in parse
    loader.exec_module(new_module)
  File "<frozen importlib._bootstrap_external>", line 940, in exec_module
  File "<frozen importlib._bootstrap>", line 241, in _call_with_frames_removed
  File "/opt/airflow/dags/train_model_lakehouse_dag.py", line 13, in <module>
    train_model = SparkSubmitOperator(
                  ^^^^^^^^^^^^^^^^^^^^
  File "/home/airflow/.local/lib/python3.11/site-packages/airflow/models/baseoperator.py", line 506, in apply_defaults
    result = func(self, **kwargs, default_args=default_args)
             ^^^^^^^^^^^^^^^^^^^^^^^^^^^^^^^^^^^^^^^^^^^^^^^
  File "/home/airflow/.local/lib/python3.11/site-packages/airflow/providers/apache/spark/operators/spark_submit.py", line 139, in __init__
    super().__init__(**kwargs)
  File "/home/airflow/.local/lib/python3.11/site-packages/airflow/models/baseoperator.py", line 506, in apply_defaults
    result = func(self, **kwargs, default_args=default_args)
             ^^^^^^^^^^^^^^^^^^^^^^^^^^^^^^^^^^^^^^^^^^^^^^^
  File "/home/airflow/.local/lib/python3.11/site-packages/airflow/models/baseoperator.py", line 957, in __init__
    raise AirflowException(
airflow.exceptions.AirflowException: Invalid arguments were passed to SparkSubmitOperator (task_id: train_model). Invalid arguments were:
**kwargs: {'master': 'spark://spark-master:7077'}
[2026-06-03T14:29:53.762+0000] {processor.py:927} WARNING - No viable dags retrieved from /opt/airflow/dags/train_model_lakehouse_dag.py
[2026-06-03T14:29:53.787+0000] {processor.py:208} INFO - Processing /opt/airflow/dags/train_model_lakehouse_dag.py took 0.040 seconds
[2026-06-03T14:30:24.018+0000] {processor.py:186} INFO - Started process (PID=181) to work on /opt/airflow/dags/train_model_lakehouse_dag.py
[2026-06-03T14:30:24.019+0000] {processor.py:914} INFO - Processing file /opt/airflow/dags/train_model_lakehouse_dag.py for tasks to queue
[2026-06-03T14:30:24.021+0000] {logging_mixin.py:190} INFO - [2026-06-03T14:30:24.021+0000] {dagbag.py:588} INFO - Filling up the DagBag from /opt/airflow/dags/train_model_lakehouse_dag.py
[2026-06-03T14:30:24.031+0000] {logging_mixin.py:190} INFO - [2026-06-03T14:30:24.027+0000] {dagbag.py:387} ERROR - Failed to import: /opt/airflow/dags/train_model_lakehouse_dag.py
Traceback (most recent call last):
  File "/home/airflow/.local/lib/python3.11/site-packages/airflow/models/dagbag.py", line 383, in parse
    loader.exec_module(new_module)
  File "<frozen importlib._bootstrap_external>", line 940, in exec_module
  File "<frozen importlib._bootstrap>", line 241, in _call_with_frames_removed
  File "/opt/airflow/dags/train_model_lakehouse_dag.py", line 13, in <module>
    train_model = SparkSubmitOperator(
                  ^^^^^^^^^^^^^^^^^^^^
  File "/home/airflow/.local/lib/python3.11/site-packages/airflow/models/baseoperator.py", line 506, in apply_defaults
    result = func(self, **kwargs, default_args=default_args)
             ^^^^^^^^^^^^^^^^^^^^^^^^^^^^^^^^^^^^^^^^^^^^^^^
  File "/home/airflow/.local/lib/python3.11/site-packages/airflow/providers/apache/spark/operators/spark_submit.py", line 139, in __init__
    super().__init__(**kwargs)
  File "/home/airflow/.local/lib/python3.11/site-packages/airflow/models/baseoperator.py", line 506, in apply_defaults
    result = func(self, **kwargs, default_args=default_args)
             ^^^^^^^^^^^^^^^^^^^^^^^^^^^^^^^^^^^^^^^^^^^^^^^
  File "/home/airflow/.local/lib/python3.11/site-packages/airflow/models/baseoperator.py", line 957, in __init__
    raise AirflowException(
airflow.exceptions.AirflowException: Invalid arguments were passed to SparkSubmitOperator (task_id: train_model). Invalid arguments were:
**kwargs: {'master': 'spark://spark-master:7077'}
[2026-06-03T14:30:24.032+0000] {processor.py:927} WARNING - No viable dags retrieved from /opt/airflow/dags/train_model_lakehouse_dag.py
[2026-06-03T14:30:24.063+0000] {processor.py:208} INFO - Processing /opt/airflow/dags/train_model_lakehouse_dag.py took 0.060 seconds
[2026-06-03T14:30:54.306+0000] {processor.py:186} INFO - Started process (PID=186) to work on /opt/airflow/dags/train_model_lakehouse_dag.py
[2026-06-03T14:30:54.308+0000] {processor.py:914} INFO - Processing file /opt/airflow/dags/train_model_lakehouse_dag.py for tasks to queue
[2026-06-03T14:30:54.312+0000] {logging_mixin.py:190} INFO - [2026-06-03T14:30:54.311+0000] {dagbag.py:588} INFO - Filling up the DagBag from /opt/airflow/dags/train_model_lakehouse_dag.py
[2026-06-03T14:30:54.330+0000] {logging_mixin.py:190} INFO - [2026-06-03T14:30:54.325+0000] {dagbag.py:387} ERROR - Failed to import: /opt/airflow/dags/train_model_lakehouse_dag.py
Traceback (most recent call last):
  File "/home/airflow/.local/lib/python3.11/site-packages/airflow/models/dagbag.py", line 383, in parse
    loader.exec_module(new_module)
  File "<frozen importlib._bootstrap_external>", line 940, in exec_module
  File "<frozen importlib._bootstrap>", line 241, in _call_with_frames_removed
  File "/opt/airflow/dags/train_model_lakehouse_dag.py", line 13, in <module>
    train_model = SparkSubmitOperator(
                  ^^^^^^^^^^^^^^^^^^^^
  File "/home/airflow/.local/lib/python3.11/site-packages/airflow/models/baseoperator.py", line 506, in apply_defaults
    result = func(self, **kwargs, default_args=default_args)
             ^^^^^^^^^^^^^^^^^^^^^^^^^^^^^^^^^^^^^^^^^^^^^^^
  File "/home/airflow/.local/lib/python3.11/site-packages/airflow/providers/apache/spark/operators/spark_submit.py", line 139, in __init__
    super().__init__(**kwargs)
  File "/home/airflow/.local/lib/python3.11/site-packages/airflow/models/baseoperator.py", line 506, in apply_defaults
    result = func(self, **kwargs, default_args=default_args)
             ^^^^^^^^^^^^^^^^^^^^^^^^^^^^^^^^^^^^^^^^^^^^^^^
  File "/home/airflow/.local/lib/python3.11/site-packages/airflow/models/baseoperator.py", line 957, in __init__
    raise AirflowException(
airflow.exceptions.AirflowException: Invalid arguments were passed to SparkSubmitOperator (task_id: train_model). Invalid arguments were:
**kwargs: {'master': 'spark://spark-master:7077'}
[2026-06-03T14:30:54.332+0000] {processor.py:927} WARNING - No viable dags retrieved from /opt/airflow/dags/train_model_lakehouse_dag.py
[2026-06-03T14:30:54.374+0000] {processor.py:208} INFO - Processing /opt/airflow/dags/train_model_lakehouse_dag.py took 0.092 seconds
[2026-06-03T14:31:01.385+0000] {processor.py:186} INFO - Started process (PID=191) to work on /opt/airflow/dags/train_model_lakehouse_dag.py
[2026-06-03T14:31:01.385+0000] {processor.py:914} INFO - Processing file /opt/airflow/dags/train_model_lakehouse_dag.py for tasks to queue
[2026-06-03T14:31:01.387+0000] {logging_mixin.py:190} INFO - [2026-06-03T14:31:01.386+0000] {dagbag.py:588} INFO - Filling up the DagBag from /opt/airflow/dags/train_model_lakehouse_dag.py
[2026-06-03T14:31:01.433+0000] {processor.py:925} INFO - DAG(s) 'train_model_lakehouse' retrieved from /opt/airflow/dags/train_model_lakehouse_dag.py
[2026-06-03T14:31:01.774+0000] {logging_mixin.py:190} INFO - [2026-06-03T14:31:01.774+0000] {dag.py:3239} INFO - Sync 1 DAGs
[2026-06-03T14:31:01.786+0000] {logging_mixin.py:190} INFO - [2026-06-03T14:31:01.786+0000] {dag.py:4180} INFO - Setting next_dagrun for train_model_lakehouse to None, run_after=None
[2026-06-03T14:31:01.806+0000] {processor.py:208} INFO - Processing /opt/airflow/dags/train_model_lakehouse_dag.py took 0.430 seconds
[2026-06-03T14:31:32.096+0000] {processor.py:186} INFO - Started process (PID=196) to work on /opt/airflow/dags/train_model_lakehouse_dag.py
[2026-06-03T14:31:32.099+0000] {processor.py:914} INFO - Processing file /opt/airflow/dags/train_model_lakehouse_dag.py for tasks to queue
[2026-06-03T14:31:32.101+0000] {logging_mixin.py:190} INFO - [2026-06-03T14:31:32.100+0000] {dagbag.py:588} INFO - Filling up the DagBag from /opt/airflow/dags/train_model_lakehouse_dag.py
[2026-06-03T14:31:32.113+0000] {processor.py:925} INFO - DAG(s) 'train_model_lakehouse' retrieved from /opt/airflow/dags/train_model_lakehouse_dag.py
[2026-06-03T14:31:32.143+0000] {logging_mixin.py:190} INFO - [2026-06-03T14:31:32.143+0000] {dag.py:3239} INFO - Sync 1 DAGs
[2026-06-03T14:31:32.157+0000] {logging_mixin.py:190} INFO - [2026-06-03T14:31:32.157+0000] {dag.py:4180} INFO - Setting next_dagrun for train_model_lakehouse to None, run_after=None
[2026-06-03T14:31:32.198+0000] {processor.py:208} INFO - Processing /opt/airflow/dags/train_model_lakehouse_dag.py took 0.116 seconds
[2026-06-03T14:32:02.340+0000] {processor.py:186} INFO - Started process (PID=201) to work on /opt/airflow/dags/train_model_lakehouse_dag.py
[2026-06-03T14:32:02.341+0000] {processor.py:914} INFO - Processing file /opt/airflow/dags/train_model_lakehouse_dag.py for tasks to queue
[2026-06-03T14:32:02.343+0000] {logging_mixin.py:190} INFO - [2026-06-03T14:32:02.342+0000] {dagbag.py:588} INFO - Filling up the DagBag from /opt/airflow/dags/train_model_lakehouse_dag.py
[2026-06-03T14:32:02.355+0000] {processor.py:925} INFO - DAG(s) 'train_model_lakehouse' retrieved from /opt/airflow/dags/train_model_lakehouse_dag.py
[2026-06-03T14:32:02.385+0000] {logging_mixin.py:190} INFO - [2026-06-03T14:32:02.385+0000] {dag.py:3239} INFO - Sync 1 DAGs
[2026-06-03T14:32:02.399+0000] {logging_mixin.py:190} INFO - [2026-06-03T14:32:02.398+0000] {dag.py:4180} INFO - Setting next_dagrun for train_model_lakehouse to None, run_after=None
[2026-06-03T14:32:02.441+0000] {processor.py:208} INFO - Processing /opt/airflow/dags/train_model_lakehouse_dag.py took 0.121 seconds
[2026-06-03T14:32:32.707+0000] {processor.py:186} INFO - Started process (PID=206) to work on /opt/airflow/dags/train_model_lakehouse_dag.py
[2026-06-03T14:32:32.733+0000] {processor.py:914} INFO - Processing file /opt/airflow/dags/train_model_lakehouse_dag.py for tasks to queue
[2026-06-03T14:32:32.734+0000] {logging_mixin.py:190} INFO - [2026-06-03T14:32:32.733+0000] {dagbag.py:588} INFO - Filling up the DagBag from /opt/airflow/dags/train_model_lakehouse_dag.py
[2026-06-03T14:32:32.745+0000] {processor.py:925} INFO - DAG(s) 'train_model_lakehouse' retrieved from /opt/airflow/dags/train_model_lakehouse_dag.py
[2026-06-03T14:32:32.777+0000] {logging_mixin.py:190} INFO - [2026-06-03T14:32:32.777+0000] {dag.py:3239} INFO - Sync 1 DAGs
[2026-06-03T14:32:32.793+0000] {logging_mixin.py:190} INFO - [2026-06-03T14:32:32.793+0000] {dag.py:4180} INFO - Setting next_dagrun for train_model_lakehouse to None, run_after=None
[2026-06-03T14:32:32.811+0000] {processor.py:208} INFO - Processing /opt/airflow/dags/train_model_lakehouse_dag.py took 0.111 seconds
[2026-06-03T14:33:02.959+0000] {processor.py:186} INFO - Started process (PID=211) to work on /opt/airflow/dags/train_model_lakehouse_dag.py
[2026-06-03T14:33:02.961+0000] {processor.py:914} INFO - Processing file /opt/airflow/dags/train_model_lakehouse_dag.py for tasks to queue
[2026-06-03T14:33:02.962+0000] {logging_mixin.py:190} INFO - [2026-06-03T14:33:02.962+0000] {dagbag.py:588} INFO - Filling up the DagBag from /opt/airflow/dags/train_model_lakehouse_dag.py
[2026-06-03T14:33:02.973+0000] {processor.py:925} INFO - DAG(s) 'train_model_lakehouse' retrieved from /opt/airflow/dags/train_model_lakehouse_dag.py
[2026-06-03T14:33:03.007+0000] {logging_mixin.py:190} INFO - [2026-06-03T14:33:03.007+0000] {dag.py:3239} INFO - Sync 1 DAGs
[2026-06-03T14:33:03.023+0000] {logging_mixin.py:190} INFO - [2026-06-03T14:33:03.023+0000] {dag.py:4180} INFO - Setting next_dagrun for train_model_lakehouse to None, run_after=None
[2026-06-03T14:33:03.069+0000] {processor.py:208} INFO - Processing /opt/airflow/dags/train_model_lakehouse_dag.py took 0.122 seconds
[2026-06-03T14:33:33.317+0000] {processor.py:186} INFO - Started process (PID=216) to work on /opt/airflow/dags/train_model_lakehouse_dag.py
[2026-06-03T14:33:33.335+0000] {processor.py:914} INFO - Processing file /opt/airflow/dags/train_model_lakehouse_dag.py for tasks to queue
[2026-06-03T14:33:33.337+0000] {logging_mixin.py:190} INFO - [2026-06-03T14:33:33.336+0000] {dagbag.py:588} INFO - Filling up the DagBag from /opt/airflow/dags/train_model_lakehouse_dag.py
[2026-06-03T14:33:33.350+0000] {processor.py:925} INFO - DAG(s) 'train_model_lakehouse' retrieved from /opt/airflow/dags/train_model_lakehouse_dag.py
[2026-06-03T14:33:33.380+0000] {logging_mixin.py:190} INFO - [2026-06-03T14:33:33.380+0000] {dag.py:3239} INFO - Sync 1 DAGs
[2026-06-03T14:33:33.395+0000] {logging_mixin.py:190} INFO - [2026-06-03T14:33:33.395+0000] {dag.py:4180} INFO - Setting next_dagrun for train_model_lakehouse to None, run_after=None
[2026-06-03T14:33:33.439+0000] {processor.py:208} INFO - Processing /opt/airflow/dags/train_model_lakehouse_dag.py took 0.135 seconds
[2026-06-03T14:34:03.600+0000] {processor.py:186} INFO - Started process (PID=221) to work on /opt/airflow/dags/train_model_lakehouse_dag.py
[2026-06-03T14:34:03.601+0000] {processor.py:914} INFO - Processing file /opt/airflow/dags/train_model_lakehouse_dag.py for tasks to queue
[2026-06-03T14:34:03.602+0000] {logging_mixin.py:190} INFO - [2026-06-03T14:34:03.602+0000] {dagbag.py:588} INFO - Filling up the DagBag from /opt/airflow/dags/train_model_lakehouse_dag.py
[2026-06-03T14:34:03.614+0000] {processor.py:925} INFO - DAG(s) 'train_model_lakehouse' retrieved from /opt/airflow/dags/train_model_lakehouse_dag.py
[2026-06-03T14:34:03.648+0000] {logging_mixin.py:190} INFO - [2026-06-03T14:34:03.648+0000] {dag.py:3239} INFO - Sync 1 DAGs
[2026-06-03T14:34:03.667+0000] {logging_mixin.py:190} INFO - [2026-06-03T14:34:03.667+0000] {dag.py:4180} INFO - Setting next_dagrun for train_model_lakehouse to None, run_after=None
[2026-06-03T14:34:03.714+0000] {processor.py:208} INFO - Processing /opt/airflow/dags/train_model_lakehouse_dag.py took 0.122 seconds
[2026-06-03T14:34:33.914+0000] {processor.py:186} INFO - Started process (PID=226) to work on /opt/airflow/dags/train_model_lakehouse_dag.py
[2026-06-03T14:34:33.942+0000] {processor.py:914} INFO - Processing file /opt/airflow/dags/train_model_lakehouse_dag.py for tasks to queue
[2026-06-03T14:34:33.943+0000] {logging_mixin.py:190} INFO - [2026-06-03T14:34:33.943+0000] {dagbag.py:588} INFO - Filling up the DagBag from /opt/airflow/dags/train_model_lakehouse_dag.py
[2026-06-03T14:34:33.955+0000] {processor.py:925} INFO - DAG(s) 'train_model_lakehouse' retrieved from /opt/airflow/dags/train_model_lakehouse_dag.py
[2026-06-03T14:34:33.989+0000] {logging_mixin.py:190} INFO - [2026-06-03T14:34:33.989+0000] {dag.py:3239} INFO - Sync 1 DAGs
[2026-06-03T14:34:34.006+0000] {logging_mixin.py:190} INFO - [2026-06-03T14:34:34.005+0000] {dag.py:4180} INFO - Setting next_dagrun for train_model_lakehouse to None, run_after=None
[2026-06-03T14:34:34.027+0000] {processor.py:208} INFO - Processing /opt/airflow/dags/train_model_lakehouse_dag.py took 0.123 seconds
[2026-06-03T14:35:04.199+0000] {processor.py:186} INFO - Started process (PID=231) to work on /opt/airflow/dags/train_model_lakehouse_dag.py
[2026-06-03T14:35:04.200+0000] {processor.py:914} INFO - Processing file /opt/airflow/dags/train_model_lakehouse_dag.py for tasks to queue
[2026-06-03T14:35:04.203+0000] {logging_mixin.py:190} INFO - [2026-06-03T14:35:04.203+0000] {dagbag.py:588} INFO - Filling up the DagBag from /opt/airflow/dags/train_model_lakehouse_dag.py
[2026-06-03T14:35:04.215+0000] {processor.py:925} INFO - DAG(s) 'train_model_lakehouse' retrieved from /opt/airflow/dags/train_model_lakehouse_dag.py
[2026-06-03T14:35:04.246+0000] {logging_mixin.py:190} INFO - [2026-06-03T14:35:04.246+0000] {dag.py:3239} INFO - Sync 1 DAGs
[2026-06-03T14:35:04.261+0000] {logging_mixin.py:190} INFO - [2026-06-03T14:35:04.260+0000] {dag.py:4180} INFO - Setting next_dagrun for train_model_lakehouse to None, run_after=None
[2026-06-03T14:35:04.308+0000] {processor.py:208} INFO - Processing /opt/airflow/dags/train_model_lakehouse_dag.py took 0.128 seconds
[2026-06-03T14:35:34.515+0000] {processor.py:186} INFO - Started process (PID=236) to work on /opt/airflow/dags/train_model_lakehouse_dag.py
[2026-06-03T14:35:34.517+0000] {processor.py:914} INFO - Processing file /opt/airflow/dags/train_model_lakehouse_dag.py for tasks to queue
[2026-06-03T14:35:34.518+0000] {logging_mixin.py:190} INFO - [2026-06-03T14:35:34.518+0000] {dagbag.py:588} INFO - Filling up the DagBag from /opt/airflow/dags/train_model_lakehouse_dag.py
[2026-06-03T14:35:34.529+0000] {processor.py:925} INFO - DAG(s) 'train_model_lakehouse' retrieved from /opt/airflow/dags/train_model_lakehouse_dag.py
[2026-06-03T14:35:34.559+0000] {logging_mixin.py:190} INFO - [2026-06-03T14:35:34.559+0000] {dag.py:3239} INFO - Sync 1 DAGs
[2026-06-03T14:35:34.574+0000] {logging_mixin.py:190} INFO - [2026-06-03T14:35:34.574+0000] {dag.py:4180} INFO - Setting next_dagrun for train_model_lakehouse to None, run_after=None
[2026-06-03T14:35:34.622+0000] {processor.py:208} INFO - Processing /opt/airflow/dags/train_model_lakehouse_dag.py took 0.119 seconds
[2026-06-03T14:36:04.793+0000] {processor.py:186} INFO - Started process (PID=358) to work on /opt/airflow/dags/train_model_lakehouse_dag.py
[2026-06-03T14:36:04.794+0000] {processor.py:914} INFO - Processing file /opt/airflow/dags/train_model_lakehouse_dag.py for tasks to queue
[2026-06-03T14:36:04.796+0000] {logging_mixin.py:190} INFO - [2026-06-03T14:36:04.796+0000] {dagbag.py:588} INFO - Filling up the DagBag from /opt/airflow/dags/train_model_lakehouse_dag.py
[2026-06-03T14:36:04.808+0000] {processor.py:925} INFO - DAG(s) 'train_model_lakehouse' retrieved from /opt/airflow/dags/train_model_lakehouse_dag.py
[2026-06-03T14:36:04.840+0000] {logging_mixin.py:190} INFO - [2026-06-03T14:36:04.839+0000] {dag.py:3239} INFO - Sync 1 DAGs
[2026-06-03T14:36:04.856+0000] {logging_mixin.py:190} INFO - [2026-06-03T14:36:04.855+0000] {dag.py:4180} INFO - Setting next_dagrun for train_model_lakehouse to None, run_after=None
[2026-06-03T14:36:04.897+0000] {processor.py:208} INFO - Processing /opt/airflow/dags/train_model_lakehouse_dag.py took 0.115 seconds
[2026-06-03T14:36:35.102+0000] {processor.py:186} INFO - Started process (PID=367) to work on /opt/airflow/dags/train_model_lakehouse_dag.py
[2026-06-03T14:36:35.121+0000] {processor.py:914} INFO - Processing file /opt/airflow/dags/train_model_lakehouse_dag.py for tasks to queue
[2026-06-03T14:36:35.122+0000] {logging_mixin.py:190} INFO - [2026-06-03T14:36:35.122+0000] {dagbag.py:588} INFO - Filling up the DagBag from /opt/airflow/dags/train_model_lakehouse_dag.py
[2026-06-03T14:36:35.137+0000] {processor.py:925} INFO - DAG(s) 'train_model_lakehouse' retrieved from /opt/airflow/dags/train_model_lakehouse_dag.py
[2026-06-03T14:36:35.169+0000] {logging_mixin.py:190} INFO - [2026-06-03T14:36:35.169+0000] {dag.py:3239} INFO - Sync 1 DAGs
[2026-06-03T14:36:35.183+0000] {logging_mixin.py:190} INFO - [2026-06-03T14:36:35.183+0000] {dag.py:4180} INFO - Setting next_dagrun for train_model_lakehouse to None, run_after=None
[2026-06-03T14:36:35.204+0000] {processor.py:208} INFO - Processing /opt/airflow/dags/train_model_lakehouse_dag.py took 0.122 seconds
[2026-06-03T14:37:05.369+0000] {processor.py:186} INFO - Started process (PID=420) to work on /opt/airflow/dags/train_model_lakehouse_dag.py
[2026-06-03T14:37:05.370+0000] {processor.py:914} INFO - Processing file /opt/airflow/dags/train_model_lakehouse_dag.py for tasks to queue
[2026-06-03T14:37:05.371+0000] {logging_mixin.py:190} INFO - [2026-06-03T14:37:05.371+0000] {dagbag.py:588} INFO - Filling up the DagBag from /opt/airflow/dags/train_model_lakehouse_dag.py
[2026-06-03T14:37:05.385+0000] {processor.py:925} INFO - DAG(s) 'train_model_lakehouse' retrieved from /opt/airflow/dags/train_model_lakehouse_dag.py
[2026-06-03T14:37:05.417+0000] {logging_mixin.py:190} INFO - [2026-06-03T14:37:05.416+0000] {dag.py:3239} INFO - Sync 1 DAGs
[2026-06-03T14:37:05.431+0000] {logging_mixin.py:190} INFO - [2026-06-03T14:37:05.431+0000] {dag.py:4180} INFO - Setting next_dagrun for train_model_lakehouse to None, run_after=None
[2026-06-03T14:37:05.469+0000] {processor.py:208} INFO - Processing /opt/airflow/dags/train_model_lakehouse_dag.py took 0.111 seconds
[2026-06-03T14:37:35.692+0000] {processor.py:186} INFO - Started process (PID=425) to work on /opt/airflow/dags/train_model_lakehouse_dag.py
[2026-06-03T14:37:35.711+0000] {processor.py:914} INFO - Processing file /opt/airflow/dags/train_model_lakehouse_dag.py for tasks to queue
[2026-06-03T14:37:35.712+0000] {logging_mixin.py:190} INFO - [2026-06-03T14:37:35.712+0000] {dagbag.py:588} INFO - Filling up the DagBag from /opt/airflow/dags/train_model_lakehouse_dag.py
[2026-06-03T14:37:35.723+0000] {processor.py:925} INFO - DAG(s) 'train_model_lakehouse' retrieved from /opt/airflow/dags/train_model_lakehouse_dag.py
[2026-06-03T14:37:35.755+0000] {logging_mixin.py:190} INFO - [2026-06-03T14:37:35.755+0000] {dag.py:3239} INFO - Sync 1 DAGs
[2026-06-03T14:37:35.772+0000] {logging_mixin.py:190} INFO - [2026-06-03T14:37:35.771+0000] {dag.py:4180} INFO - Setting next_dagrun for train_model_lakehouse to None, run_after=None
[2026-06-03T14:37:35.793+0000] {processor.py:208} INFO - Processing /opt/airflow/dags/train_model_lakehouse_dag.py took 0.110 seconds
[2026-06-03T14:38:06.006+0000] {processor.py:186} INFO - Started process (PID=430) to work on /opt/airflow/dags/train_model_lakehouse_dag.py
[2026-06-03T14:38:06.008+0000] {processor.py:914} INFO - Processing file /opt/airflow/dags/train_model_lakehouse_dag.py for tasks to queue
[2026-06-03T14:38:06.010+0000] {logging_mixin.py:190} INFO - [2026-06-03T14:38:06.009+0000] {dagbag.py:588} INFO - Filling up the DagBag from /opt/airflow/dags/train_model_lakehouse_dag.py
[2026-06-03T14:38:06.023+0000] {processor.py:925} INFO - DAG(s) 'train_model_lakehouse' retrieved from /opt/airflow/dags/train_model_lakehouse_dag.py
[2026-06-03T14:38:06.055+0000] {logging_mixin.py:190} INFO - [2026-06-03T14:38:06.055+0000] {dag.py:3239} INFO - Sync 1 DAGs
[2026-06-03T14:38:06.071+0000] {logging_mixin.py:190} INFO - [2026-06-03T14:38:06.071+0000] {dag.py:4180} INFO - Setting next_dagrun for train_model_lakehouse to None, run_after=None
[2026-06-03T14:38:06.108+0000] {processor.py:208} INFO - Processing /opt/airflow/dags/train_model_lakehouse_dag.py took 0.123 seconds
[2026-06-03T14:38:36.325+0000] {processor.py:186} INFO - Started process (PID=449) to work on /opt/airflow/dags/train_model_lakehouse_dag.py
[2026-06-03T14:38:36.326+0000] {processor.py:914} INFO - Processing file /opt/airflow/dags/train_model_lakehouse_dag.py for tasks to queue
[2026-06-03T14:38:36.327+0000] {logging_mixin.py:190} INFO - [2026-06-03T14:38:36.327+0000] {dagbag.py:588} INFO - Filling up the DagBag from /opt/airflow/dags/train_model_lakehouse_dag.py
[2026-06-03T14:38:36.339+0000] {processor.py:925} INFO - DAG(s) 'train_model_lakehouse' retrieved from /opt/airflow/dags/train_model_lakehouse_dag.py
[2026-06-03T14:38:36.369+0000] {logging_mixin.py:190} INFO - [2026-06-03T14:38:36.369+0000] {dag.py:3239} INFO - Sync 1 DAGs
[2026-06-03T14:38:36.386+0000] {logging_mixin.py:190} INFO - [2026-06-03T14:38:36.386+0000] {dag.py:4180} INFO - Setting next_dagrun for train_model_lakehouse to None, run_after=None
[2026-06-03T14:38:36.422+0000] {processor.py:208} INFO - Processing /opt/airflow/dags/train_model_lakehouse_dag.py took 0.104 seconds
[2026-06-03T14:39:06.671+0000] {processor.py:186} INFO - Started process (PID=454) to work on /opt/airflow/dags/train_model_lakehouse_dag.py
[2026-06-03T14:39:06.672+0000] {processor.py:914} INFO - Processing file /opt/airflow/dags/train_model_lakehouse_dag.py for tasks to queue
[2026-06-03T14:39:06.673+0000] {logging_mixin.py:190} INFO - [2026-06-03T14:39:06.673+0000] {dagbag.py:588} INFO - Filling up the DagBag from /opt/airflow/dags/train_model_lakehouse_dag.py
[2026-06-03T14:39:06.683+0000] {processor.py:925} INFO - DAG(s) 'train_model_lakehouse' retrieved from /opt/airflow/dags/train_model_lakehouse_dag.py
[2026-06-03T14:39:06.716+0000] {logging_mixin.py:190} INFO - [2026-06-03T14:39:06.715+0000] {dag.py:3239} INFO - Sync 1 DAGs
[2026-06-03T14:39:06.731+0000] {logging_mixin.py:190} INFO - [2026-06-03T14:39:06.731+0000] {dag.py:4180} INFO - Setting next_dagrun for train_model_lakehouse to None, run_after=None
[2026-06-03T14:39:06.770+0000] {processor.py:208} INFO - Processing /opt/airflow/dags/train_model_lakehouse_dag.py took 0.109 seconds
[2026-06-03T14:39:36.906+0000] {processor.py:186} INFO - Started process (PID=459) to work on /opt/airflow/dags/train_model_lakehouse_dag.py
[2026-06-03T14:39:36.924+0000] {processor.py:914} INFO - Processing file /opt/airflow/dags/train_model_lakehouse_dag.py for tasks to queue
[2026-06-03T14:39:36.925+0000] {logging_mixin.py:190} INFO - [2026-06-03T14:39:36.925+0000] {dagbag.py:588} INFO - Filling up the DagBag from /opt/airflow/dags/train_model_lakehouse_dag.py
[2026-06-03T14:39:36.938+0000] {processor.py:925} INFO - DAG(s) 'train_model_lakehouse' retrieved from /opt/airflow/dags/train_model_lakehouse_dag.py
[2026-06-03T14:39:36.985+0000] {logging_mixin.py:190} INFO - [2026-06-03T14:39:36.984+0000] {dag.py:3239} INFO - Sync 1 DAGs
[2026-06-03T14:39:37.011+0000] {logging_mixin.py:190} INFO - [2026-06-03T14:39:37.010+0000] {dag.py:4180} INFO - Setting next_dagrun for train_model_lakehouse to None, run_after=None
[2026-06-03T14:39:37.038+0000] {processor.py:208} INFO - Processing /opt/airflow/dags/train_model_lakehouse_dag.py took 0.142 seconds
[2026-06-03T14:40:07.228+0000] {processor.py:186} INFO - Started process (PID=464) to work on /opt/airflow/dags/train_model_lakehouse_dag.py
[2026-06-03T14:40:07.229+0000] {processor.py:914} INFO - Processing file /opt/airflow/dags/train_model_lakehouse_dag.py for tasks to queue
[2026-06-03T14:40:07.230+0000] {logging_mixin.py:190} INFO - [2026-06-03T14:40:07.230+0000] {dagbag.py:588} INFO - Filling up the DagBag from /opt/airflow/dags/train_model_lakehouse_dag.py
[2026-06-03T14:40:07.241+0000] {processor.py:925} INFO - DAG(s) 'train_model_lakehouse' retrieved from /opt/airflow/dags/train_model_lakehouse_dag.py
[2026-06-03T14:40:07.273+0000] {logging_mixin.py:190} INFO - [2026-06-03T14:40:07.272+0000] {dag.py:3239} INFO - Sync 1 DAGs
[2026-06-03T14:40:07.289+0000] {logging_mixin.py:190} INFO - [2026-06-03T14:40:07.289+0000] {dag.py:4180} INFO - Setting next_dagrun for train_model_lakehouse to None, run_after=None
[2026-06-03T14:40:07.306+0000] {processor.py:208} INFO - Processing /opt/airflow/dags/train_model_lakehouse_dag.py took 0.085 seconds
[2026-06-03T14:40:37.525+0000] {processor.py:186} INFO - Started process (PID=469) to work on /opt/airflow/dags/train_model_lakehouse_dag.py
[2026-06-03T14:40:37.552+0000] {processor.py:914} INFO - Processing file /opt/airflow/dags/train_model_lakehouse_dag.py for tasks to queue
[2026-06-03T14:40:37.555+0000] {logging_mixin.py:190} INFO - [2026-06-03T14:40:37.554+0000] {dagbag.py:588} INFO - Filling up the DagBag from /opt/airflow/dags/train_model_lakehouse_dag.py
[2026-06-03T14:40:37.575+0000] {processor.py:925} INFO - DAG(s) 'train_model_lakehouse' retrieved from /opt/airflow/dags/train_model_lakehouse_dag.py
[2026-06-03T14:40:37.607+0000] {logging_mixin.py:190} INFO - [2026-06-03T14:40:37.607+0000] {dag.py:3239} INFO - Sync 1 DAGs
[2026-06-03T14:40:37.622+0000] {logging_mixin.py:190} INFO - [2026-06-03T14:40:37.622+0000] {dag.py:4180} INFO - Setting next_dagrun for train_model_lakehouse to None, run_after=None
[2026-06-03T14:40:37.642+0000] {processor.py:208} INFO - Processing /opt/airflow/dags/train_model_lakehouse_dag.py took 0.132 seconds
[2026-06-03T14:41:07.820+0000] {processor.py:186} INFO - Started process (PID=474) to work on /opt/airflow/dags/train_model_lakehouse_dag.py
[2026-06-03T14:41:07.822+0000] {processor.py:914} INFO - Processing file /opt/airflow/dags/train_model_lakehouse_dag.py for tasks to queue
[2026-06-03T14:41:07.824+0000] {logging_mixin.py:190} INFO - [2026-06-03T14:41:07.823+0000] {dagbag.py:588} INFO - Filling up the DagBag from /opt/airflow/dags/train_model_lakehouse_dag.py
[2026-06-03T14:41:07.838+0000] {processor.py:925} INFO - DAG(s) 'train_model_lakehouse' retrieved from /opt/airflow/dags/train_model_lakehouse_dag.py
[2026-06-03T14:41:07.874+0000] {logging_mixin.py:190} INFO - [2026-06-03T14:41:07.874+0000] {dag.py:3239} INFO - Sync 1 DAGs
[2026-06-03T14:41:07.889+0000] {logging_mixin.py:190} INFO - [2026-06-03T14:41:07.889+0000] {dag.py:4180} INFO - Setting next_dagrun for train_model_lakehouse to None, run_after=None
[2026-06-03T14:41:07.927+0000] {processor.py:208} INFO - Processing /opt/airflow/dags/train_model_lakehouse_dag.py took 0.121 seconds
[2026-06-03T14:41:38.153+0000] {processor.py:186} INFO - Started process (PID=479) to work on /opt/airflow/dags/train_model_lakehouse_dag.py
[2026-06-03T14:41:38.181+0000] {processor.py:914} INFO - Processing file /opt/airflow/dags/train_model_lakehouse_dag.py for tasks to queue
[2026-06-03T14:41:38.182+0000] {logging_mixin.py:190} INFO - [2026-06-03T14:41:38.181+0000] {dagbag.py:588} INFO - Filling up the DagBag from /opt/airflow/dags/train_model_lakehouse_dag.py
[2026-06-03T14:41:38.192+0000] {processor.py:925} INFO - DAG(s) 'train_model_lakehouse' retrieved from /opt/airflow/dags/train_model_lakehouse_dag.py
[2026-06-03T14:41:38.226+0000] {logging_mixin.py:190} INFO - [2026-06-03T14:41:38.225+0000] {dag.py:3239} INFO - Sync 1 DAGs
[2026-06-03T14:41:38.241+0000] {logging_mixin.py:190} INFO - [2026-06-03T14:41:38.241+0000] {dag.py:4180} INFO - Setting next_dagrun for train_model_lakehouse to None, run_after=None
[2026-06-03T14:41:38.261+0000] {processor.py:208} INFO - Processing /opt/airflow/dags/train_model_lakehouse_dag.py took 0.116 seconds
[2026-06-03T14:42:08.455+0000] {processor.py:186} INFO - Started process (PID=484) to work on /opt/airflow/dags/train_model_lakehouse_dag.py
[2026-06-03T14:42:08.456+0000] {processor.py:914} INFO - Processing file /opt/airflow/dags/train_model_lakehouse_dag.py for tasks to queue
[2026-06-03T14:42:08.457+0000] {logging_mixin.py:190} INFO - [2026-06-03T14:42:08.457+0000] {dagbag.py:588} INFO - Filling up the DagBag from /opt/airflow/dags/train_model_lakehouse_dag.py
[2026-06-03T14:42:08.468+0000] {processor.py:925} INFO - DAG(s) 'train_model_lakehouse' retrieved from /opt/airflow/dags/train_model_lakehouse_dag.py
[2026-06-03T14:42:08.499+0000] {logging_mixin.py:190} INFO - [2026-06-03T14:42:08.499+0000] {dag.py:3239} INFO - Sync 1 DAGs
[2026-06-03T14:42:08.515+0000] {logging_mixin.py:190} INFO - [2026-06-03T14:42:08.515+0000] {dag.py:4180} INFO - Setting next_dagrun for train_model_lakehouse to None, run_after=None
[2026-06-03T14:42:08.545+0000] {processor.py:208} INFO - Processing /opt/airflow/dags/train_model_lakehouse_dag.py took 0.096 seconds
[2026-06-03T14:42:38.716+0000] {processor.py:186} INFO - Started process (PID=489) to work on /opt/airflow/dags/train_model_lakehouse_dag.py
[2026-06-03T14:42:38.718+0000] {processor.py:914} INFO - Processing file /opt/airflow/dags/train_model_lakehouse_dag.py for tasks to queue
[2026-06-03T14:42:38.719+0000] {logging_mixin.py:190} INFO - [2026-06-03T14:42:38.719+0000] {dagbag.py:588} INFO - Filling up the DagBag from /opt/airflow/dags/train_model_lakehouse_dag.py
[2026-06-03T14:42:38.733+0000] {processor.py:925} INFO - DAG(s) 'train_model_lakehouse' retrieved from /opt/airflow/dags/train_model_lakehouse_dag.py
[2026-06-03T14:42:38.765+0000] {logging_mixin.py:190} INFO - [2026-06-03T14:42:38.765+0000] {dag.py:3239} INFO - Sync 1 DAGs
[2026-06-03T14:42:38.780+0000] {logging_mixin.py:190} INFO - [2026-06-03T14:42:38.780+0000] {dag.py:4180} INFO - Setting next_dagrun for train_model_lakehouse to None, run_after=None
[2026-06-03T14:42:38.816+0000] {processor.py:208} INFO - Processing /opt/airflow/dags/train_model_lakehouse_dag.py took 0.109 seconds
[2026-06-03T14:43:09.024+0000] {processor.py:186} INFO - Started process (PID=494) to work on /opt/airflow/dags/train_model_lakehouse_dag.py
[2026-06-03T14:43:09.025+0000] {processor.py:914} INFO - Processing file /opt/airflow/dags/train_model_lakehouse_dag.py for tasks to queue
[2026-06-03T14:43:09.026+0000] {logging_mixin.py:190} INFO - [2026-06-03T14:43:09.026+0000] {dagbag.py:588} INFO - Filling up the DagBag from /opt/airflow/dags/train_model_lakehouse_dag.py
[2026-06-03T14:43:09.039+0000] {processor.py:925} INFO - DAG(s) 'train_model_lakehouse' retrieved from /opt/airflow/dags/train_model_lakehouse_dag.py
[2026-06-03T14:43:09.071+0000] {logging_mixin.py:190} INFO - [2026-06-03T14:43:09.071+0000] {dag.py:3239} INFO - Sync 1 DAGs
[2026-06-03T14:43:09.086+0000] {logging_mixin.py:190} INFO - [2026-06-03T14:43:09.086+0000] {dag.py:4180} INFO - Setting next_dagrun for train_model_lakehouse to None, run_after=None
[2026-06-03T14:43:09.125+0000] {processor.py:208} INFO - Processing /opt/airflow/dags/train_model_lakehouse_dag.py took 0.119 seconds
[2026-06-03T14:43:39.299+0000] {processor.py:186} INFO - Started process (PID=499) to work on /opt/airflow/dags/train_model_lakehouse_dag.py
[2026-06-03T14:43:39.319+0000] {processor.py:914} INFO - Processing file /opt/airflow/dags/train_model_lakehouse_dag.py for tasks to queue
[2026-06-03T14:43:39.321+0000] {logging_mixin.py:190} INFO - [2026-06-03T14:43:39.321+0000] {dagbag.py:588} INFO - Filling up the DagBag from /opt/airflow/dags/train_model_lakehouse_dag.py
[2026-06-03T14:43:39.334+0000] {processor.py:925} INFO - DAG(s) 'train_model_lakehouse' retrieved from /opt/airflow/dags/train_model_lakehouse_dag.py
[2026-06-03T14:43:39.371+0000] {logging_mixin.py:190} INFO - [2026-06-03T14:43:39.371+0000] {dag.py:3239} INFO - Sync 1 DAGs
[2026-06-03T14:43:39.386+0000] {logging_mixin.py:190} INFO - [2026-06-03T14:43:39.386+0000] {dag.py:4180} INFO - Setting next_dagrun for train_model_lakehouse to None, run_after=None
[2026-06-03T14:43:39.407+0000] {processor.py:208} INFO - Processing /opt/airflow/dags/train_model_lakehouse_dag.py took 0.119 seconds
[2026-06-03T14:44:09.650+0000] {processor.py:186} INFO - Started process (PID=504) to work on /opt/airflow/dags/train_model_lakehouse_dag.py
[2026-06-03T14:44:09.651+0000] {processor.py:914} INFO - Processing file /opt/airflow/dags/train_model_lakehouse_dag.py for tasks to queue
[2026-06-03T14:44:09.652+0000] {logging_mixin.py:190} INFO - [2026-06-03T14:44:09.651+0000] {dagbag.py:588} INFO - Filling up the DagBag from /opt/airflow/dags/train_model_lakehouse_dag.py
[2026-06-03T14:44:09.663+0000] {processor.py:925} INFO - DAG(s) 'train_model_lakehouse' retrieved from /opt/airflow/dags/train_model_lakehouse_dag.py
[2026-06-03T14:44:09.695+0000] {logging_mixin.py:190} INFO - [2026-06-03T14:44:09.694+0000] {dag.py:3239} INFO - Sync 1 DAGs
[2026-06-03T14:44:09.711+0000] {logging_mixin.py:190} INFO - [2026-06-03T14:44:09.711+0000] {dag.py:4180} INFO - Setting next_dagrun for train_model_lakehouse to None, run_after=None
[2026-06-03T14:44:09.748+0000] {processor.py:208} INFO - Processing /opt/airflow/dags/train_model_lakehouse_dag.py took 0.106 seconds
[2026-06-03T14:44:39.879+0000] {processor.py:186} INFO - Started process (PID=509) to work on /opt/airflow/dags/train_model_lakehouse_dag.py
[2026-06-03T14:44:39.880+0000] {processor.py:914} INFO - Processing file /opt/airflow/dags/train_model_lakehouse_dag.py for tasks to queue
[2026-06-03T14:44:39.882+0000] {logging_mixin.py:190} INFO - [2026-06-03T14:44:39.882+0000] {dagbag.py:588} INFO - Filling up the DagBag from /opt/airflow/dags/train_model_lakehouse_dag.py
[2026-06-03T14:44:39.896+0000] {processor.py:925} INFO - DAG(s) 'train_model_lakehouse' retrieved from /opt/airflow/dags/train_model_lakehouse_dag.py
[2026-06-03T14:44:39.929+0000] {logging_mixin.py:190} INFO - [2026-06-03T14:44:39.929+0000] {dag.py:3239} INFO - Sync 1 DAGs
[2026-06-03T14:44:39.946+0000] {logging_mixin.py:190} INFO - [2026-06-03T14:44:39.946+0000] {dag.py:4180} INFO - Setting next_dagrun for train_model_lakehouse to None, run_after=None
[2026-06-03T14:44:39.985+0000] {processor.py:208} INFO - Processing /opt/airflow/dags/train_model_lakehouse_dag.py took 0.116 seconds
[2026-06-03T14:45:10.201+0000] {processor.py:186} INFO - Started process (PID=514) to work on /opt/airflow/dags/train_model_lakehouse_dag.py
[2026-06-03T14:45:10.202+0000] {processor.py:914} INFO - Processing file /opt/airflow/dags/train_model_lakehouse_dag.py for tasks to queue
[2026-06-03T14:45:10.203+0000] {logging_mixin.py:190} INFO - [2026-06-03T14:45:10.203+0000] {dagbag.py:588} INFO - Filling up the DagBag from /opt/airflow/dags/train_model_lakehouse_dag.py
[2026-06-03T14:45:10.213+0000] {processor.py:925} INFO - DAG(s) 'train_model_lakehouse' retrieved from /opt/airflow/dags/train_model_lakehouse_dag.py
[2026-06-03T14:45:10.243+0000] {logging_mixin.py:190} INFO - [2026-06-03T14:45:10.243+0000] {dag.py:3239} INFO - Sync 1 DAGs
[2026-06-03T14:45:10.258+0000] {logging_mixin.py:190} INFO - [2026-06-03T14:45:10.258+0000] {dag.py:4180} INFO - Setting next_dagrun for train_model_lakehouse to None, run_after=None
[2026-06-03T14:45:10.298+0000] {processor.py:208} INFO - Processing /opt/airflow/dags/train_model_lakehouse_dag.py took 0.103 seconds
[2026-06-03T14:45:40.420+0000] {processor.py:186} INFO - Started process (PID=519) to work on /opt/airflow/dags/train_model_lakehouse_dag.py
[2026-06-03T14:45:40.421+0000] {processor.py:914} INFO - Processing file /opt/airflow/dags/train_model_lakehouse_dag.py for tasks to queue
[2026-06-03T14:45:40.423+0000] {logging_mixin.py:190} INFO - [2026-06-03T14:45:40.422+0000] {dagbag.py:588} INFO - Filling up the DagBag from /opt/airflow/dags/train_model_lakehouse_dag.py
[2026-06-03T14:45:40.434+0000] {processor.py:925} INFO - DAG(s) 'train_model_lakehouse' retrieved from /opt/airflow/dags/train_model_lakehouse_dag.py
[2026-06-03T14:45:40.465+0000] {logging_mixin.py:190} INFO - [2026-06-03T14:45:40.465+0000] {dag.py:3239} INFO - Sync 1 DAGs
[2026-06-03T14:45:40.481+0000] {logging_mixin.py:190} INFO - [2026-06-03T14:45:40.481+0000] {dag.py:4180} INFO - Setting next_dagrun for train_model_lakehouse to None, run_after=None
[2026-06-03T14:45:40.523+0000] {processor.py:208} INFO - Processing /opt/airflow/dags/train_model_lakehouse_dag.py took 0.111 seconds
[2026-06-03T14:46:10.770+0000] {processor.py:186} INFO - Started process (PID=524) to work on /opt/airflow/dags/train_model_lakehouse_dag.py
[2026-06-03T14:46:10.772+0000] {processor.py:914} INFO - Processing file /opt/airflow/dags/train_model_lakehouse_dag.py for tasks to queue
[2026-06-03T14:46:10.774+0000] {logging_mixin.py:190} INFO - [2026-06-03T14:46:10.773+0000] {dagbag.py:588} INFO - Filling up the DagBag from /opt/airflow/dags/train_model_lakehouse_dag.py
[2026-06-03T14:46:10.785+0000] {processor.py:925} INFO - DAG(s) 'train_model_lakehouse' retrieved from /opt/airflow/dags/train_model_lakehouse_dag.py
[2026-06-03T14:46:10.819+0000] {logging_mixin.py:190} INFO - [2026-06-03T14:46:10.819+0000] {dag.py:3239} INFO - Sync 1 DAGs
[2026-06-03T14:46:10.835+0000] {logging_mixin.py:190} INFO - [2026-06-03T14:46:10.835+0000] {dag.py:4180} INFO - Setting next_dagrun for train_model_lakehouse to None, run_after=None
[2026-06-03T14:46:10.856+0000] {processor.py:208} INFO - Processing /opt/airflow/dags/train_model_lakehouse_dag.py took 0.099 seconds
[2026-06-03T14:46:41.027+0000] {processor.py:186} INFO - Started process (PID=529) to work on /opt/airflow/dags/train_model_lakehouse_dag.py
[2026-06-03T14:46:41.054+0000] {processor.py:914} INFO - Processing file /opt/airflow/dags/train_model_lakehouse_dag.py for tasks to queue
[2026-06-03T14:46:41.056+0000] {logging_mixin.py:190} INFO - [2026-06-03T14:46:41.055+0000] {dagbag.py:588} INFO - Filling up the DagBag from /opt/airflow/dags/train_model_lakehouse_dag.py
[2026-06-03T14:46:41.067+0000] {processor.py:925} INFO - DAG(s) 'train_model_lakehouse' retrieved from /opt/airflow/dags/train_model_lakehouse_dag.py
[2026-06-03T14:46:41.101+0000] {logging_mixin.py:190} INFO - [2026-06-03T14:46:41.101+0000] {dag.py:3239} INFO - Sync 1 DAGs
[2026-06-03T14:46:41.119+0000] {logging_mixin.py:190} INFO - [2026-06-03T14:46:41.119+0000] {dag.py:4180} INFO - Setting next_dagrun for train_model_lakehouse to None, run_after=None
[2026-06-03T14:46:41.166+0000] {processor.py:208} INFO - Processing /opt/airflow/dags/train_model_lakehouse_dag.py took 0.146 seconds
[2026-06-03T14:47:11.311+0000] {processor.py:186} INFO - Started process (PID=534) to work on /opt/airflow/dags/train_model_lakehouse_dag.py
[2026-06-03T14:47:11.311+0000] {processor.py:914} INFO - Processing file /opt/airflow/dags/train_model_lakehouse_dag.py for tasks to queue
[2026-06-03T14:47:11.313+0000] {logging_mixin.py:190} INFO - [2026-06-03T14:47:11.312+0000] {dagbag.py:588} INFO - Filling up the DagBag from /opt/airflow/dags/train_model_lakehouse_dag.py
[2026-06-03T14:47:11.323+0000] {processor.py:925} INFO - DAG(s) 'train_model_lakehouse' retrieved from /opt/airflow/dags/train_model_lakehouse_dag.py
[2026-06-03T14:47:11.351+0000] {logging_mixin.py:190} INFO - [2026-06-03T14:47:11.351+0000] {dag.py:3239} INFO - Sync 1 DAGs
[2026-06-03T14:47:11.365+0000] {logging_mixin.py:190} INFO - [2026-06-03T14:47:11.364+0000] {dag.py:4180} INFO - Setting next_dagrun for train_model_lakehouse to None, run_after=None
[2026-06-03T14:47:11.401+0000] {processor.py:208} INFO - Processing /opt/airflow/dags/train_model_lakehouse_dag.py took 0.098 seconds
[2026-06-03T14:47:41.681+0000] {processor.py:186} INFO - Started process (PID=539) to work on /opt/airflow/dags/train_model_lakehouse_dag.py
[2026-06-03T14:47:41.682+0000] {processor.py:914} INFO - Processing file /opt/airflow/dags/train_model_lakehouse_dag.py for tasks to queue
[2026-06-03T14:47:41.684+0000] {logging_mixin.py:190} INFO - [2026-06-03T14:47:41.684+0000] {dagbag.py:588} INFO - Filling up the DagBag from /opt/airflow/dags/train_model_lakehouse_dag.py
[2026-06-03T14:47:41.694+0000] {processor.py:925} INFO - DAG(s) 'train_model_lakehouse' retrieved from /opt/airflow/dags/train_model_lakehouse_dag.py
[2026-06-03T14:47:41.724+0000] {logging_mixin.py:190} INFO - [2026-06-03T14:47:41.724+0000] {dag.py:3239} INFO - Sync 1 DAGs
[2026-06-03T14:47:41.738+0000] {logging_mixin.py:190} INFO - [2026-06-03T14:47:41.738+0000] {dag.py:4180} INFO - Setting next_dagrun for train_model_lakehouse to None, run_after=None
[2026-06-03T14:47:41.773+0000] {processor.py:208} INFO - Processing /opt/airflow/dags/train_model_lakehouse_dag.py took 0.099 seconds
[2026-06-03T14:53:20.049+0000] {processor.py:186} INFO - Started process (PID=166) to work on /opt/airflow/dags/train_model_lakehouse_dag.py
[2026-06-03T14:53:20.050+0000] {processor.py:914} INFO - Processing file /opt/airflow/dags/train_model_lakehouse_dag.py for tasks to queue
[2026-06-03T14:53:20.053+0000] {logging_mixin.py:190} INFO - [2026-06-03T14:53:20.052+0000] {dagbag.py:588} INFO - Filling up the DagBag from /opt/airflow/dags/train_model_lakehouse_dag.py
[2026-06-03T14:53:20.094+0000] {processor.py:925} INFO - DAG(s) 'train_model_lakehouse' retrieved from /opt/airflow/dags/train_model_lakehouse_dag.py
[2026-06-03T14:53:20.145+0000] {logging_mixin.py:190} INFO - [2026-06-03T14:53:20.145+0000] {dag.py:3239} INFO - Sync 1 DAGs
[2026-06-03T14:53:20.158+0000] {logging_mixin.py:190} INFO - [2026-06-03T14:53:20.158+0000] {dag.py:4180} INFO - Setting next_dagrun for train_model_lakehouse to None, run_after=None
[2026-06-03T14:53:20.174+0000] {processor.py:208} INFO - Processing /opt/airflow/dags/train_model_lakehouse_dag.py took 0.132 seconds
[2026-06-03T14:53:50.313+0000] {processor.py:186} INFO - Started process (PID=171) to work on /opt/airflow/dags/train_model_lakehouse_dag.py
[2026-06-03T14:53:50.314+0000] {processor.py:914} INFO - Processing file /opt/airflow/dags/train_model_lakehouse_dag.py for tasks to queue
[2026-06-03T14:53:50.316+0000] {logging_mixin.py:190} INFO - [2026-06-03T14:53:50.316+0000] {dagbag.py:588} INFO - Filling up the DagBag from /opt/airflow/dags/train_model_lakehouse_dag.py
[2026-06-03T14:53:50.333+0000] {processor.py:925} INFO - DAG(s) 'train_model_lakehouse' retrieved from /opt/airflow/dags/train_model_lakehouse_dag.py
[2026-06-03T14:53:50.370+0000] {logging_mixin.py:190} INFO - [2026-06-03T14:53:50.370+0000] {dag.py:3239} INFO - Sync 1 DAGs
[2026-06-03T14:53:50.383+0000] {logging_mixin.py:190} INFO - [2026-06-03T14:53:50.383+0000] {dag.py:4180} INFO - Setting next_dagrun for train_model_lakehouse to None, run_after=None
[2026-06-03T14:53:50.401+0000] {processor.py:208} INFO - Processing /opt/airflow/dags/train_model_lakehouse_dag.py took 0.094 seconds
[2026-06-03T14:54:20.595+0000] {processor.py:186} INFO - Started process (PID=176) to work on /opt/airflow/dags/train_model_lakehouse_dag.py
[2026-06-03T14:54:20.615+0000] {processor.py:914} INFO - Processing file /opt/airflow/dags/train_model_lakehouse_dag.py for tasks to queue
[2026-06-03T14:54:20.618+0000] {logging_mixin.py:190} INFO - [2026-06-03T14:54:20.618+0000] {dagbag.py:588} INFO - Filling up the DagBag from /opt/airflow/dags/train_model_lakehouse_dag.py
[2026-06-03T14:54:20.631+0000] {processor.py:925} INFO - DAG(s) 'train_model_lakehouse' retrieved from /opt/airflow/dags/train_model_lakehouse_dag.py
[2026-06-03T14:54:20.666+0000] {logging_mixin.py:190} INFO - [2026-06-03T14:54:20.666+0000] {dag.py:3239} INFO - Sync 1 DAGs
[2026-06-03T14:54:20.680+0000] {logging_mixin.py:190} INFO - [2026-06-03T14:54:20.679+0000] {dag.py:4180} INFO - Setting next_dagrun for train_model_lakehouse to None, run_after=None
[2026-06-03T14:54:20.699+0000] {processor.py:208} INFO - Processing /opt/airflow/dags/train_model_lakehouse_dag.py took 0.115 seconds
[2026-06-03T14:54:50.861+0000] {processor.py:186} INFO - Started process (PID=181) to work on /opt/airflow/dags/train_model_lakehouse_dag.py
[2026-06-03T14:54:50.862+0000] {processor.py:914} INFO - Processing file /opt/airflow/dags/train_model_lakehouse_dag.py for tasks to queue
[2026-06-03T14:54:50.865+0000] {logging_mixin.py:190} INFO - [2026-06-03T14:54:50.865+0000] {dagbag.py:588} INFO - Filling up the DagBag from /opt/airflow/dags/train_model_lakehouse_dag.py
[2026-06-03T14:54:50.875+0000] {processor.py:925} INFO - DAG(s) 'train_model_lakehouse' retrieved from /opt/airflow/dags/train_model_lakehouse_dag.py
[2026-06-03T14:54:50.908+0000] {logging_mixin.py:190} INFO - [2026-06-03T14:54:50.908+0000] {dag.py:3239} INFO - Sync 1 DAGs
[2026-06-03T14:54:50.921+0000] {logging_mixin.py:190} INFO - [2026-06-03T14:54:50.921+0000] {dag.py:4180} INFO - Setting next_dagrun for train_model_lakehouse to None, run_after=None
[2026-06-03T14:54:50.960+0000] {processor.py:208} INFO - Processing /opt/airflow/dags/train_model_lakehouse_dag.py took 0.105 seconds
[2026-06-03T14:55:21.123+0000] {processor.py:186} INFO - Started process (PID=186) to work on /opt/airflow/dags/train_model_lakehouse_dag.py
[2026-06-03T14:55:21.123+0000] {processor.py:914} INFO - Processing file /opt/airflow/dags/train_model_lakehouse_dag.py for tasks to queue
[2026-06-03T14:55:21.126+0000] {logging_mixin.py:190} INFO - [2026-06-03T14:55:21.126+0000] {dagbag.py:588} INFO - Filling up the DagBag from /opt/airflow/dags/train_model_lakehouse_dag.py
[2026-06-03T14:55:21.137+0000] {processor.py:925} INFO - DAG(s) 'train_model_lakehouse' retrieved from /opt/airflow/dags/train_model_lakehouse_dag.py
[2026-06-03T14:55:21.171+0000] {logging_mixin.py:190} INFO - [2026-06-03T14:55:21.171+0000] {dag.py:3239} INFO - Sync 1 DAGs
[2026-06-03T14:55:21.188+0000] {logging_mixin.py:190} INFO - [2026-06-03T14:55:21.188+0000] {dag.py:4180} INFO - Setting next_dagrun for train_model_lakehouse to None, run_after=None
[2026-06-03T14:55:21.208+0000] {processor.py:208} INFO - Processing /opt/airflow/dags/train_model_lakehouse_dag.py took 0.093 seconds
[2026-06-03T14:55:51.445+0000] {processor.py:186} INFO - Started process (PID=191) to work on /opt/airflow/dags/train_model_lakehouse_dag.py
[2026-06-03T14:55:51.468+0000] {processor.py:914} INFO - Processing file /opt/airflow/dags/train_model_lakehouse_dag.py for tasks to queue
[2026-06-03T14:55:51.471+0000] {logging_mixin.py:190} INFO - [2026-06-03T14:55:51.470+0000] {dagbag.py:588} INFO - Filling up the DagBag from /opt/airflow/dags/train_model_lakehouse_dag.py
[2026-06-03T14:55:51.482+0000] {processor.py:925} INFO - DAG(s) 'train_model_lakehouse' retrieved from /opt/airflow/dags/train_model_lakehouse_dag.py
[2026-06-03T14:55:51.515+0000] {logging_mixin.py:190} INFO - [2026-06-03T14:55:51.515+0000] {dag.py:3239} INFO - Sync 1 DAGs
[2026-06-03T14:55:51.529+0000] {logging_mixin.py:190} INFO - [2026-06-03T14:55:51.529+0000] {dag.py:4180} INFO - Setting next_dagrun for train_model_lakehouse to None, run_after=None
[2026-06-03T14:55:51.549+0000] {processor.py:208} INFO - Processing /opt/airflow/dags/train_model_lakehouse_dag.py took 0.112 seconds
[2026-06-03T14:56:21.687+0000] {processor.py:186} INFO - Started process (PID=196) to work on /opt/airflow/dags/train_model_lakehouse_dag.py
[2026-06-03T14:56:21.687+0000] {processor.py:914} INFO - Processing file /opt/airflow/dags/train_model_lakehouse_dag.py for tasks to queue
[2026-06-03T14:56:21.690+0000] {logging_mixin.py:190} INFO - [2026-06-03T14:56:21.689+0000] {dagbag.py:588} INFO - Filling up the DagBag from /opt/airflow/dags/train_model_lakehouse_dag.py
[2026-06-03T14:56:21.700+0000] {processor.py:925} INFO - DAG(s) 'train_model_lakehouse' retrieved from /opt/airflow/dags/train_model_lakehouse_dag.py
[2026-06-03T14:56:21.731+0000] {logging_mixin.py:190} INFO - [2026-06-03T14:56:21.731+0000] {dag.py:3239} INFO - Sync 1 DAGs
[2026-06-03T14:56:21.745+0000] {logging_mixin.py:190} INFO - [2026-06-03T14:56:21.745+0000] {dag.py:4180} INFO - Setting next_dagrun for train_model_lakehouse to None, run_after=None
[2026-06-03T14:56:21.764+0000] {processor.py:208} INFO - Processing /opt/airflow/dags/train_model_lakehouse_dag.py took 0.085 seconds
[2026-06-03T14:56:52.035+0000] {processor.py:186} INFO - Started process (PID=201) to work on /opt/airflow/dags/train_model_lakehouse_dag.py
[2026-06-03T14:56:52.047+0000] {processor.py:914} INFO - Processing file /opt/airflow/dags/train_model_lakehouse_dag.py for tasks to queue
[2026-06-03T14:56:52.050+0000] {logging_mixin.py:190} INFO - [2026-06-03T14:56:52.049+0000] {dagbag.py:588} INFO - Filling up the DagBag from /opt/airflow/dags/train_model_lakehouse_dag.py
[2026-06-03T14:56:52.061+0000] {processor.py:925} INFO - DAG(s) 'train_model_lakehouse' retrieved from /opt/airflow/dags/train_model_lakehouse_dag.py
[2026-06-03T14:56:52.097+0000] {logging_mixin.py:190} INFO - [2026-06-03T14:56:52.096+0000] {dag.py:3239} INFO - Sync 1 DAGs
[2026-06-03T14:56:52.118+0000] {logging_mixin.py:190} INFO - [2026-06-03T14:56:52.118+0000] {dag.py:4180} INFO - Setting next_dagrun for train_model_lakehouse to None, run_after=None
[2026-06-03T14:56:52.138+0000] {processor.py:208} INFO - Processing /opt/airflow/dags/train_model_lakehouse_dag.py took 0.112 seconds
[2026-06-03T14:57:22.262+0000] {processor.py:186} INFO - Started process (PID=206) to work on /opt/airflow/dags/train_model_lakehouse_dag.py
[2026-06-03T14:57:22.262+0000] {processor.py:914} INFO - Processing file /opt/airflow/dags/train_model_lakehouse_dag.py for tasks to queue
[2026-06-03T14:57:22.264+0000] {logging_mixin.py:190} INFO - [2026-06-03T14:57:22.264+0000] {dagbag.py:588} INFO - Filling up the DagBag from /opt/airflow/dags/train_model_lakehouse_dag.py
[2026-06-03T14:57:22.275+0000] {processor.py:925} INFO - DAG(s) 'train_model_lakehouse' retrieved from /opt/airflow/dags/train_model_lakehouse_dag.py
[2026-06-03T14:57:22.306+0000] {logging_mixin.py:190} INFO - [2026-06-03T14:57:22.306+0000] {dag.py:3239} INFO - Sync 1 DAGs
[2026-06-03T14:57:22.321+0000] {logging_mixin.py:190} INFO - [2026-06-03T14:57:22.321+0000] {dag.py:4180} INFO - Setting next_dagrun for train_model_lakehouse to None, run_after=None
[2026-06-03T14:57:22.346+0000] {processor.py:208} INFO - Processing /opt/airflow/dags/train_model_lakehouse_dag.py took 0.092 seconds
[2026-06-03T14:57:52.595+0000] {processor.py:186} INFO - Started process (PID=211) to work on /opt/airflow/dags/train_model_lakehouse_dag.py
[2026-06-03T14:57:52.595+0000] {processor.py:914} INFO - Processing file /opt/airflow/dags/train_model_lakehouse_dag.py for tasks to queue
[2026-06-03T14:57:52.598+0000] {logging_mixin.py:190} INFO - [2026-06-03T14:57:52.597+0000] {dagbag.py:588} INFO - Filling up the DagBag from /opt/airflow/dags/train_model_lakehouse_dag.py
[2026-06-03T14:57:52.608+0000] {processor.py:925} INFO - DAG(s) 'train_model_lakehouse' retrieved from /opt/airflow/dags/train_model_lakehouse_dag.py
[2026-06-03T14:57:52.643+0000] {logging_mixin.py:190} INFO - [2026-06-03T14:57:52.643+0000] {dag.py:3239} INFO - Sync 1 DAGs
[2026-06-03T14:57:52.662+0000] {logging_mixin.py:190} INFO - [2026-06-03T14:57:52.662+0000] {dag.py:4180} INFO - Setting next_dagrun for train_model_lakehouse to None, run_after=None
[2026-06-03T14:57:52.682+0000] {processor.py:208} INFO - Processing /opt/airflow/dags/train_model_lakehouse_dag.py took 0.096 seconds
[2026-06-03T15:06:49.470+0000] {processor.py:186} INFO - Started process (PID=166) to work on /opt/airflow/dags/train_model_lakehouse_dag.py
[2026-06-03T15:06:49.472+0000] {processor.py:914} INFO - Processing file /opt/airflow/dags/train_model_lakehouse_dag.py for tasks to queue
[2026-06-03T15:06:49.475+0000] {logging_mixin.py:190} INFO - [2026-06-03T15:06:49.474+0000] {dagbag.py:588} INFO - Filling up the DagBag from /opt/airflow/dags/train_model_lakehouse_dag.py
[2026-06-03T15:06:49.512+0000] {processor.py:925} INFO - DAG(s) 'train_model_lakehouse' retrieved from /opt/airflow/dags/train_model_lakehouse_dag.py
[2026-06-03T15:06:49.602+0000] {logging_mixin.py:190} INFO - [2026-06-03T15:06:49.602+0000] {dag.py:3239} INFO - Sync 1 DAGs
[2026-06-03T15:06:49.616+0000] {logging_mixin.py:190} INFO - [2026-06-03T15:06:49.616+0000] {dag.py:4180} INFO - Setting next_dagrun for train_model_lakehouse to None, run_after=None
[2026-06-03T15:06:49.639+0000] {processor.py:208} INFO - Processing /opt/airflow/dags/train_model_lakehouse_dag.py took 0.176 seconds
[2026-06-03T15:07:19.783+0000] {processor.py:186} INFO - Started process (PID=171) to work on /opt/airflow/dags/train_model_lakehouse_dag.py
[2026-06-03T15:07:19.784+0000] {processor.py:914} INFO - Processing file /opt/airflow/dags/train_model_lakehouse_dag.py for tasks to queue
[2026-06-03T15:07:19.786+0000] {logging_mixin.py:190} INFO - [2026-06-03T15:07:19.786+0000] {dagbag.py:588} INFO - Filling up the DagBag from /opt/airflow/dags/train_model_lakehouse_dag.py
[2026-06-03T15:07:19.796+0000] {processor.py:925} INFO - DAG(s) 'train_model_lakehouse' retrieved from /opt/airflow/dags/train_model_lakehouse_dag.py
[2026-06-03T15:07:19.825+0000] {logging_mixin.py:190} INFO - [2026-06-03T15:07:19.825+0000] {dag.py:3239} INFO - Sync 1 DAGs
[2026-06-03T15:07:19.838+0000] {logging_mixin.py:190} INFO - [2026-06-03T15:07:19.838+0000] {dag.py:4180} INFO - Setting next_dagrun for train_model_lakehouse to None, run_after=None
[2026-06-03T15:07:19.872+0000] {processor.py:208} INFO - Processing /opt/airflow/dags/train_model_lakehouse_dag.py took 0.095 seconds
[2026-06-03T15:07:50.008+0000] {processor.py:186} INFO - Started process (PID=176) to work on /opt/airflow/dags/train_model_lakehouse_dag.py
[2026-06-03T15:07:50.032+0000] {processor.py:914} INFO - Processing file /opt/airflow/dags/train_model_lakehouse_dag.py for tasks to queue
[2026-06-03T15:07:50.035+0000] {logging_mixin.py:190} INFO - [2026-06-03T15:07:50.034+0000] {dagbag.py:588} INFO - Filling up the DagBag from /opt/airflow/dags/train_model_lakehouse_dag.py
[2026-06-03T15:07:50.044+0000] {processor.py:925} INFO - DAG(s) 'train_model_lakehouse' retrieved from /opt/airflow/dags/train_model_lakehouse_dag.py
[2026-06-03T15:07:50.076+0000] {logging_mixin.py:190} INFO - [2026-06-03T15:07:50.076+0000] {dag.py:3239} INFO - Sync 1 DAGs
[2026-06-03T15:07:50.090+0000] {logging_mixin.py:190} INFO - [2026-06-03T15:07:50.090+0000] {dag.py:4180} INFO - Setting next_dagrun for train_model_lakehouse to None, run_after=None
[2026-06-03T15:07:50.111+0000] {processor.py:208} INFO - Processing /opt/airflow/dags/train_model_lakehouse_dag.py took 0.110 seconds
[2026-06-03T15:08:20.290+0000] {processor.py:186} INFO - Started process (PID=253) to work on /opt/airflow/dags/train_model_lakehouse_dag.py
[2026-06-03T15:08:20.291+0000] {processor.py:914} INFO - Processing file /opt/airflow/dags/train_model_lakehouse_dag.py for tasks to queue
[2026-06-03T15:08:20.295+0000] {logging_mixin.py:190} INFO - [2026-06-03T15:08:20.294+0000] {dagbag.py:588} INFO - Filling up the DagBag from /opt/airflow/dags/train_model_lakehouse_dag.py
[2026-06-03T15:08:20.309+0000] {processor.py:925} INFO - DAG(s) 'train_model_lakehouse' retrieved from /opt/airflow/dags/train_model_lakehouse_dag.py
[2026-06-03T15:08:20.347+0000] {logging_mixin.py:190} INFO - [2026-06-03T15:08:20.346+0000] {dag.py:3239} INFO - Sync 1 DAGs
[2026-06-03T15:08:20.370+0000] {logging_mixin.py:190} INFO - [2026-06-03T15:08:20.369+0000] {dag.py:4180} INFO - Setting next_dagrun for train_model_lakehouse to None, run_after=None
[2026-06-03T15:08:20.394+0000] {processor.py:208} INFO - Processing /opt/airflow/dags/train_model_lakehouse_dag.py took 0.114 seconds
[2026-06-03T15:08:50.602+0000] {processor.py:186} INFO - Started process (PID=350) to work on /opt/airflow/dags/train_model_lakehouse_dag.py
[2026-06-03T15:08:50.604+0000] {processor.py:914} INFO - Processing file /opt/airflow/dags/train_model_lakehouse_dag.py for tasks to queue
[2026-06-03T15:08:50.611+0000] {logging_mixin.py:190} INFO - [2026-06-03T15:08:50.610+0000] {dagbag.py:588} INFO - Filling up the DagBag from /opt/airflow/dags/train_model_lakehouse_dag.py
[2026-06-03T15:08:50.626+0000] {processor.py:925} INFO - DAG(s) 'train_model_lakehouse' retrieved from /opt/airflow/dags/train_model_lakehouse_dag.py
[2026-06-03T15:08:50.657+0000] {logging_mixin.py:190} INFO - [2026-06-03T15:08:50.657+0000] {dag.py:3239} INFO - Sync 1 DAGs
[2026-06-03T15:08:50.671+0000] {logging_mixin.py:190} INFO - [2026-06-03T15:08:50.671+0000] {dag.py:4180} INFO - Setting next_dagrun for train_model_lakehouse to None, run_after=None
[2026-06-03T15:08:50.689+0000] {processor.py:208} INFO - Processing /opt/airflow/dags/train_model_lakehouse_dag.py took 0.104 seconds
[2026-06-03T15:09:20.931+0000] {processor.py:186} INFO - Started process (PID=362) to work on /opt/airflow/dags/train_model_lakehouse_dag.py
[2026-06-03T15:09:20.932+0000] {processor.py:914} INFO - Processing file /opt/airflow/dags/train_model_lakehouse_dag.py for tasks to queue
[2026-06-03T15:09:20.934+0000] {logging_mixin.py:190} INFO - [2026-06-03T15:09:20.934+0000] {dagbag.py:588} INFO - Filling up the DagBag from /opt/airflow/dags/train_model_lakehouse_dag.py
[2026-06-03T15:09:20.944+0000] {processor.py:925} INFO - DAG(s) 'train_model_lakehouse' retrieved from /opt/airflow/dags/train_model_lakehouse_dag.py
[2026-06-03T15:09:20.974+0000] {logging_mixin.py:190} INFO - [2026-06-03T15:09:20.974+0000] {dag.py:3239} INFO - Sync 1 DAGs
[2026-06-03T15:09:20.988+0000] {logging_mixin.py:190} INFO - [2026-06-03T15:09:20.987+0000] {dag.py:4180} INFO - Setting next_dagrun for train_model_lakehouse to None, run_after=None
[2026-06-03T15:09:21.035+0000] {processor.py:208} INFO - Processing /opt/airflow/dags/train_model_lakehouse_dag.py took 0.113 seconds
[2026-06-03T15:09:51.207+0000] {processor.py:186} INFO - Started process (PID=367) to work on /opt/airflow/dags/train_model_lakehouse_dag.py
[2026-06-03T15:09:51.208+0000] {processor.py:914} INFO - Processing file /opt/airflow/dags/train_model_lakehouse_dag.py for tasks to queue
[2026-06-03T15:09:51.210+0000] {logging_mixin.py:190} INFO - [2026-06-03T15:09:51.210+0000] {dagbag.py:588} INFO - Filling up the DagBag from /opt/airflow/dags/train_model_lakehouse_dag.py
[2026-06-03T15:09:51.221+0000] {processor.py:925} INFO - DAG(s) 'train_model_lakehouse' retrieved from /opt/airflow/dags/train_model_lakehouse_dag.py
[2026-06-03T15:09:51.253+0000] {logging_mixin.py:190} INFO - [2026-06-03T15:09:51.253+0000] {dag.py:3239} INFO - Sync 1 DAGs
[2026-06-03T15:09:51.269+0000] {logging_mixin.py:190} INFO - [2026-06-03T15:09:51.268+0000] {dag.py:4180} INFO - Setting next_dagrun for train_model_lakehouse to None, run_after=None
[2026-06-03T15:09:51.289+0000] {processor.py:208} INFO - Processing /opt/airflow/dags/train_model_lakehouse_dag.py took 0.090 seconds
[2026-06-03T15:10:21.547+0000] {processor.py:186} INFO - Started process (PID=372) to work on /opt/airflow/dags/train_model_lakehouse_dag.py
[2026-06-03T15:10:21.550+0000] {processor.py:914} INFO - Processing file /opt/airflow/dags/train_model_lakehouse_dag.py for tasks to queue
[2026-06-03T15:10:21.552+0000] {logging_mixin.py:190} INFO - [2026-06-03T15:10:21.552+0000] {dagbag.py:588} INFO - Filling up the DagBag from /opt/airflow/dags/train_model_lakehouse_dag.py
[2026-06-03T15:10:21.563+0000] {processor.py:925} INFO - DAG(s) 'train_model_lakehouse' retrieved from /opt/airflow/dags/train_model_lakehouse_dag.py
[2026-06-03T15:10:21.592+0000] {logging_mixin.py:190} INFO - [2026-06-03T15:10:21.592+0000] {dag.py:3239} INFO - Sync 1 DAGs
[2026-06-03T15:10:21.606+0000] {logging_mixin.py:190} INFO - [2026-06-03T15:10:21.606+0000] {dag.py:4180} INFO - Setting next_dagrun for train_model_lakehouse to None, run_after=None
[2026-06-03T15:10:21.650+0000] {processor.py:208} INFO - Processing /opt/airflow/dags/train_model_lakehouse_dag.py took 0.113 seconds
[2026-06-03T15:10:51.762+0000] {processor.py:186} INFO - Started process (PID=377) to work on /opt/airflow/dags/train_model_lakehouse_dag.py
[2026-06-03T15:10:51.763+0000] {processor.py:914} INFO - Processing file /opt/airflow/dags/train_model_lakehouse_dag.py for tasks to queue
[2026-06-03T15:10:51.766+0000] {logging_mixin.py:190} INFO - [2026-06-03T15:10:51.765+0000] {dagbag.py:588} INFO - Filling up the DagBag from /opt/airflow/dags/train_model_lakehouse_dag.py
[2026-06-03T15:10:51.777+0000] {processor.py:925} INFO - DAG(s) 'train_model_lakehouse' retrieved from /opt/airflow/dags/train_model_lakehouse_dag.py
[2026-06-03T15:10:51.808+0000] {logging_mixin.py:190} INFO - [2026-06-03T15:10:51.808+0000] {dag.py:3239} INFO - Sync 1 DAGs
[2026-06-03T15:10:51.823+0000] {logging_mixin.py:190} INFO - [2026-06-03T15:10:51.823+0000] {dag.py:4180} INFO - Setting next_dagrun for train_model_lakehouse to None, run_after=None
[2026-06-03T15:10:51.840+0000] {processor.py:208} INFO - Processing /opt/airflow/dags/train_model_lakehouse_dag.py took 0.086 seconds
[2026-06-03T15:24:36.395+0000] {processor.py:186} INFO - Started process (PID=166) to work on /opt/airflow/dags/train_model_lakehouse_dag.py
[2026-06-03T15:24:36.396+0000] {processor.py:914} INFO - Processing file /opt/airflow/dags/train_model_lakehouse_dag.py for tasks to queue
[2026-06-03T15:24:36.400+0000] {logging_mixin.py:190} INFO - [2026-06-03T15:24:36.400+0000] {dagbag.py:588} INFO - Filling up the DagBag from /opt/airflow/dags/train_model_lakehouse_dag.py
[2026-06-03T15:24:36.441+0000] {processor.py:925} INFO - DAG(s) 'train_model_lakehouse' retrieved from /opt/airflow/dags/train_model_lakehouse_dag.py
[2026-06-03T15:24:36.490+0000] {logging_mixin.py:190} INFO - [2026-06-03T15:24:36.490+0000] {dag.py:3239} INFO - Sync 1 DAGs
[2026-06-03T15:24:36.504+0000] {logging_mixin.py:190} INFO - [2026-06-03T15:24:36.504+0000] {dag.py:4180} INFO - Setting next_dagrun for train_model_lakehouse to None, run_after=None
[2026-06-03T15:24:36.521+0000] {processor.py:208} INFO - Processing /opt/airflow/dags/train_model_lakehouse_dag.py took 0.135 seconds
[2026-06-03T15:25:06.561+0000] {processor.py:186} INFO - Started process (PID=171) to work on /opt/airflow/dags/train_model_lakehouse_dag.py
[2026-06-03T15:25:06.562+0000] {processor.py:914} INFO - Processing file /opt/airflow/dags/train_model_lakehouse_dag.py for tasks to queue
[2026-06-03T15:25:06.564+0000] {logging_mixin.py:190} INFO - [2026-06-03T15:25:06.564+0000] {dagbag.py:588} INFO - Filling up the DagBag from /opt/airflow/dags/train_model_lakehouse_dag.py
[2026-06-03T15:25:06.576+0000] {processor.py:925} INFO - DAG(s) 'train_model_lakehouse' retrieved from /opt/airflow/dags/train_model_lakehouse_dag.py
[2026-06-03T15:25:06.608+0000] {logging_mixin.py:190} INFO - [2026-06-03T15:25:06.608+0000] {dag.py:3239} INFO - Sync 1 DAGs
[2026-06-03T15:25:06.622+0000] {logging_mixin.py:190} INFO - [2026-06-03T15:25:06.622+0000] {dag.py:4180} INFO - Setting next_dagrun for train_model_lakehouse to None, run_after=None
[2026-06-03T15:25:06.642+0000] {processor.py:208} INFO - Processing /opt/airflow/dags/train_model_lakehouse_dag.py took 0.089 seconds
[2026-06-03T15:25:36.791+0000] {processor.py:186} INFO - Started process (PID=176) to work on /opt/airflow/dags/train_model_lakehouse_dag.py
[2026-06-03T15:25:36.792+0000] {processor.py:914} INFO - Processing file /opt/airflow/dags/train_model_lakehouse_dag.py for tasks to queue
[2026-06-03T15:25:36.795+0000] {logging_mixin.py:190} INFO - [2026-06-03T15:25:36.794+0000] {dagbag.py:588} INFO - Filling up the DagBag from /opt/airflow/dags/train_model_lakehouse_dag.py
[2026-06-03T15:25:36.809+0000] {processor.py:925} INFO - DAG(s) 'train_model_lakehouse' retrieved from /opt/airflow/dags/train_model_lakehouse_dag.py
[2026-06-03T15:25:36.844+0000] {logging_mixin.py:190} INFO - [2026-06-03T15:25:36.844+0000] {dag.py:3239} INFO - Sync 1 DAGs
[2026-06-03T15:25:36.858+0000] {logging_mixin.py:190} INFO - [2026-06-03T15:25:36.858+0000] {dag.py:4180} INFO - Setting next_dagrun for train_model_lakehouse to None, run_after=None
[2026-06-03T15:25:36.876+0000] {processor.py:208} INFO - Processing /opt/airflow/dags/train_model_lakehouse_dag.py took 0.094 seconds
[2026-06-03T15:26:07.057+0000] {processor.py:186} INFO - Started process (PID=347) to work on /opt/airflow/dags/train_model_lakehouse_dag.py
[2026-06-03T15:26:07.061+0000] {processor.py:914} INFO - Processing file /opt/airflow/dags/train_model_lakehouse_dag.py for tasks to queue
[2026-06-03T15:26:07.064+0000] {logging_mixin.py:190} INFO - [2026-06-03T15:26:07.064+0000] {dagbag.py:588} INFO - Filling up the DagBag from /opt/airflow/dags/train_model_lakehouse_dag.py
[2026-06-03T15:26:07.075+0000] {processor.py:925} INFO - DAG(s) 'train_model_lakehouse' retrieved from /opt/airflow/dags/train_model_lakehouse_dag.py
[2026-06-03T15:26:07.109+0000] {logging_mixin.py:190} INFO - [2026-06-03T15:26:07.109+0000] {dag.py:3239} INFO - Sync 1 DAGs
[2026-06-03T15:26:07.124+0000] {logging_mixin.py:190} INFO - [2026-06-03T15:26:07.124+0000] {dag.py:4180} INFO - Setting next_dagrun for train_model_lakehouse to None, run_after=None
[2026-06-03T15:26:07.150+0000] {processor.py:208} INFO - Processing /opt/airflow/dags/train_model_lakehouse_dag.py took 0.103 seconds
[2026-06-03T15:26:37.350+0000] {processor.py:186} INFO - Started process (PID=359) to work on /opt/airflow/dags/train_model_lakehouse_dag.py
[2026-06-03T15:26:37.351+0000] {processor.py:914} INFO - Processing file /opt/airflow/dags/train_model_lakehouse_dag.py for tasks to queue
[2026-06-03T15:26:37.353+0000] {logging_mixin.py:190} INFO - [2026-06-03T15:26:37.353+0000] {dagbag.py:588} INFO - Filling up the DagBag from /opt/airflow/dags/train_model_lakehouse_dag.py
[2026-06-03T15:26:37.363+0000] {processor.py:925} INFO - DAG(s) 'train_model_lakehouse' retrieved from /opt/airflow/dags/train_model_lakehouse_dag.py
[2026-06-03T15:26:37.394+0000] {logging_mixin.py:190} INFO - [2026-06-03T15:26:37.393+0000] {dag.py:3239} INFO - Sync 1 DAGs
[2026-06-03T15:26:37.408+0000] {logging_mixin.py:190} INFO - [2026-06-03T15:26:37.408+0000] {dag.py:4180} INFO - Setting next_dagrun for train_model_lakehouse to None, run_after=None
[2026-06-03T15:26:37.435+0000] {processor.py:208} INFO - Processing /opt/airflow/dags/train_model_lakehouse_dag.py took 0.091 seconds
[2026-06-03T15:27:07.641+0000] {processor.py:186} INFO - Started process (PID=364) to work on /opt/airflow/dags/train_model_lakehouse_dag.py
[2026-06-03T15:27:07.642+0000] {processor.py:914} INFO - Processing file /opt/airflow/dags/train_model_lakehouse_dag.py for tasks to queue
[2026-06-03T15:27:07.645+0000] {logging_mixin.py:190} INFO - [2026-06-03T15:27:07.645+0000] {dagbag.py:588} INFO - Filling up the DagBag from /opt/airflow/dags/train_model_lakehouse_dag.py
[2026-06-03T15:27:07.656+0000] {processor.py:925} INFO - DAG(s) 'train_model_lakehouse' retrieved from /opt/airflow/dags/train_model_lakehouse_dag.py
[2026-06-03T15:27:07.689+0000] {logging_mixin.py:190} INFO - [2026-06-03T15:27:07.688+0000] {dag.py:3239} INFO - Sync 1 DAGs
[2026-06-03T15:27:07.703+0000] {logging_mixin.py:190} INFO - [2026-06-03T15:27:07.703+0000] {dag.py:4180} INFO - Setting next_dagrun for train_model_lakehouse to None, run_after=None
[2026-06-03T15:27:07.722+0000] {processor.py:208} INFO - Processing /opt/airflow/dags/train_model_lakehouse_dag.py took 0.090 seconds
[2026-06-03T15:27:37.924+0000] {processor.py:186} INFO - Started process (PID=369) to work on /opt/airflow/dags/train_model_lakehouse_dag.py
[2026-06-03T15:27:37.925+0000] {processor.py:914} INFO - Processing file /opt/airflow/dags/train_model_lakehouse_dag.py for tasks to queue
[2026-06-03T15:27:37.927+0000] {logging_mixin.py:190} INFO - [2026-06-03T15:27:37.927+0000] {dagbag.py:588} INFO - Filling up the DagBag from /opt/airflow/dags/train_model_lakehouse_dag.py
[2026-06-03T15:27:37.937+0000] {processor.py:925} INFO - DAG(s) 'train_model_lakehouse' retrieved from /opt/airflow/dags/train_model_lakehouse_dag.py
[2026-06-03T15:27:37.968+0000] {logging_mixin.py:190} INFO - [2026-06-03T15:27:37.968+0000] {dag.py:3239} INFO - Sync 1 DAGs
[2026-06-03T15:27:37.982+0000] {logging_mixin.py:190} INFO - [2026-06-03T15:27:37.982+0000] {dag.py:4180} INFO - Setting next_dagrun for train_model_lakehouse to None, run_after=None
[2026-06-03T15:27:38.018+0000] {processor.py:208} INFO - Processing /opt/airflow/dags/train_model_lakehouse_dag.py took 0.104 seconds
[2026-06-03T15:28:08.251+0000] {processor.py:186} INFO - Started process (PID=374) to work on /opt/airflow/dags/train_model_lakehouse_dag.py
[2026-06-03T15:28:08.252+0000] {processor.py:914} INFO - Processing file /opt/airflow/dags/train_model_lakehouse_dag.py for tasks to queue
[2026-06-03T15:28:08.254+0000] {logging_mixin.py:190} INFO - [2026-06-03T15:28:08.254+0000] {dagbag.py:588} INFO - Filling up the DagBag from /opt/airflow/dags/train_model_lakehouse_dag.py
[2026-06-03T15:28:08.265+0000] {processor.py:925} INFO - DAG(s) 'train_model_lakehouse' retrieved from /opt/airflow/dags/train_model_lakehouse_dag.py
[2026-06-03T15:28:08.295+0000] {logging_mixin.py:190} INFO - [2026-06-03T15:28:08.295+0000] {dag.py:3239} INFO - Sync 1 DAGs
[2026-06-03T15:28:08.310+0000] {logging_mixin.py:190} INFO - [2026-06-03T15:28:08.310+0000] {dag.py:4180} INFO - Setting next_dagrun for train_model_lakehouse to None, run_after=None
[2026-06-03T15:28:08.346+0000] {processor.py:208} INFO - Processing /opt/airflow/dags/train_model_lakehouse_dag.py took 0.104 seconds
[2026-06-03T15:28:38.504+0000] {processor.py:186} INFO - Started process (PID=379) to work on /opt/airflow/dags/train_model_lakehouse_dag.py
[2026-06-03T15:28:38.505+0000] {processor.py:914} INFO - Processing file /opt/airflow/dags/train_model_lakehouse_dag.py for tasks to queue
[2026-06-03T15:28:38.507+0000] {logging_mixin.py:190} INFO - [2026-06-03T15:28:38.507+0000] {dagbag.py:588} INFO - Filling up the DagBag from /opt/airflow/dags/train_model_lakehouse_dag.py
[2026-06-03T15:28:38.519+0000] {processor.py:925} INFO - DAG(s) 'train_model_lakehouse' retrieved from /opt/airflow/dags/train_model_lakehouse_dag.py
[2026-06-03T15:28:38.550+0000] {logging_mixin.py:190} INFO - [2026-06-03T15:28:38.550+0000] {dag.py:3239} INFO - Sync 1 DAGs
[2026-06-03T15:28:38.565+0000] {logging_mixin.py:190} INFO - [2026-06-03T15:28:38.565+0000] {dag.py:4180} INFO - Setting next_dagrun for train_model_lakehouse to None, run_after=None
[2026-06-03T15:28:38.600+0000] {processor.py:208} INFO - Processing /opt/airflow/dags/train_model_lakehouse_dag.py took 0.103 seconds
[2026-06-03T15:29:08.773+0000] {processor.py:186} INFO - Started process (PID=384) to work on /opt/airflow/dags/train_model_lakehouse_dag.py
[2026-06-03T15:29:08.774+0000] {processor.py:914} INFO - Processing file /opt/airflow/dags/train_model_lakehouse_dag.py for tasks to queue
[2026-06-03T15:29:08.777+0000] {logging_mixin.py:190} INFO - [2026-06-03T15:29:08.776+0000] {dagbag.py:588} INFO - Filling up the DagBag from /opt/airflow/dags/train_model_lakehouse_dag.py
[2026-06-03T15:29:08.786+0000] {processor.py:925} INFO - DAG(s) 'train_model_lakehouse' retrieved from /opt/airflow/dags/train_model_lakehouse_dag.py
[2026-06-03T15:29:08.818+0000] {logging_mixin.py:190} INFO - [2026-06-03T15:29:08.818+0000] {dag.py:3239} INFO - Sync 1 DAGs
[2026-06-03T15:29:08.833+0000] {logging_mixin.py:190} INFO - [2026-06-03T15:29:08.833+0000] {dag.py:4180} INFO - Setting next_dagrun for train_model_lakehouse to None, run_after=None
[2026-06-03T15:29:08.871+0000] {processor.py:208} INFO - Processing /opt/airflow/dags/train_model_lakehouse_dag.py took 0.104 seconds
[2026-06-03T15:29:39.115+0000] {processor.py:186} INFO - Started process (PID=389) to work on /opt/airflow/dags/train_model_lakehouse_dag.py
[2026-06-03T15:29:39.116+0000] {processor.py:914} INFO - Processing file /opt/airflow/dags/train_model_lakehouse_dag.py for tasks to queue
[2026-06-03T15:29:39.119+0000] {logging_mixin.py:190} INFO - [2026-06-03T15:29:39.118+0000] {dagbag.py:588} INFO - Filling up the DagBag from /opt/airflow/dags/train_model_lakehouse_dag.py
[2026-06-03T15:29:39.129+0000] {processor.py:925} INFO - DAG(s) 'train_model_lakehouse' retrieved from /opt/airflow/dags/train_model_lakehouse_dag.py
[2026-06-03T15:29:39.161+0000] {logging_mixin.py:190} INFO - [2026-06-03T15:29:39.161+0000] {dag.py:3239} INFO - Sync 1 DAGs
[2026-06-03T15:29:39.175+0000] {logging_mixin.py:190} INFO - [2026-06-03T15:29:39.175+0000] {dag.py:4180} INFO - Setting next_dagrun for train_model_lakehouse to None, run_after=None
[2026-06-03T15:29:39.213+0000] {processor.py:208} INFO - Processing /opt/airflow/dags/train_model_lakehouse_dag.py took 0.106 seconds
[2026-06-03T15:30:09.344+0000] {processor.py:186} INFO - Started process (PID=394) to work on /opt/airflow/dags/train_model_lakehouse_dag.py
[2026-06-03T15:30:09.346+0000] {processor.py:914} INFO - Processing file /opt/airflow/dags/train_model_lakehouse_dag.py for tasks to queue
[2026-06-03T15:30:09.349+0000] {logging_mixin.py:190} INFO - [2026-06-03T15:30:09.349+0000] {dagbag.py:588} INFO - Filling up the DagBag from /opt/airflow/dags/train_model_lakehouse_dag.py
[2026-06-03T15:30:09.360+0000] {processor.py:925} INFO - DAG(s) 'train_model_lakehouse' retrieved from /opt/airflow/dags/train_model_lakehouse_dag.py
[2026-06-03T15:30:09.399+0000] {logging_mixin.py:190} INFO - [2026-06-03T15:30:09.399+0000] {dag.py:3239} INFO - Sync 1 DAGs
[2026-06-03T15:30:09.415+0000] {logging_mixin.py:190} INFO - [2026-06-03T15:30:09.414+0000] {dag.py:4180} INFO - Setting next_dagrun for train_model_lakehouse to None, run_after=None
[2026-06-03T15:30:09.462+0000] {processor.py:208} INFO - Processing /opt/airflow/dags/train_model_lakehouse_dag.py took 0.125 seconds
[2026-06-03T15:30:39.691+0000] {processor.py:186} INFO - Started process (PID=399) to work on /opt/airflow/dags/train_model_lakehouse_dag.py
[2026-06-03T15:30:39.692+0000] {processor.py:914} INFO - Processing file /opt/airflow/dags/train_model_lakehouse_dag.py for tasks to queue
[2026-06-03T15:30:39.695+0000] {logging_mixin.py:190} INFO - [2026-06-03T15:30:39.694+0000] {dagbag.py:588} INFO - Filling up the DagBag from /opt/airflow/dags/train_model_lakehouse_dag.py
[2026-06-03T15:30:39.704+0000] {processor.py:925} INFO - DAG(s) 'train_model_lakehouse' retrieved from /opt/airflow/dags/train_model_lakehouse_dag.py
[2026-06-03T15:30:39.736+0000] {logging_mixin.py:190} INFO - [2026-06-03T15:30:39.736+0000] {dag.py:3239} INFO - Sync 1 DAGs
[2026-06-03T15:30:39.753+0000] {logging_mixin.py:190} INFO - [2026-06-03T15:30:39.753+0000] {dag.py:4180} INFO - Setting next_dagrun for train_model_lakehouse to None, run_after=None
[2026-06-03T15:30:39.773+0000] {processor.py:208} INFO - Processing /opt/airflow/dags/train_model_lakehouse_dag.py took 0.090 seconds
[2026-06-03T15:31:09.977+0000] {processor.py:186} INFO - Started process (PID=404) to work on /opt/airflow/dags/train_model_lakehouse_dag.py
[2026-06-03T15:31:10.003+0000] {processor.py:914} INFO - Processing file /opt/airflow/dags/train_model_lakehouse_dag.py for tasks to queue
[2026-06-03T15:31:10.006+0000] {logging_mixin.py:190} INFO - [2026-06-03T15:31:10.006+0000] {dagbag.py:588} INFO - Filling up the DagBag from /opt/airflow/dags/train_model_lakehouse_dag.py
[2026-06-03T15:31:10.019+0000] {processor.py:925} INFO - DAG(s) 'train_model_lakehouse' retrieved from /opt/airflow/dags/train_model_lakehouse_dag.py
[2026-06-03T15:31:10.051+0000] {logging_mixin.py:190} INFO - [2026-06-03T15:31:10.051+0000] {dag.py:3239} INFO - Sync 1 DAGs
[2026-06-03T15:31:10.066+0000] {logging_mixin.py:190} INFO - [2026-06-03T15:31:10.065+0000] {dag.py:4180} INFO - Setting next_dagrun for train_model_lakehouse to None, run_after=None
[2026-06-03T15:31:10.085+0000] {processor.py:208} INFO - Processing /opt/airflow/dags/train_model_lakehouse_dag.py took 0.120 seconds
[2026-06-03T15:31:40.269+0000] {processor.py:186} INFO - Started process (PID=409) to work on /opt/airflow/dags/train_model_lakehouse_dag.py
[2026-06-03T15:31:40.270+0000] {processor.py:914} INFO - Processing file /opt/airflow/dags/train_model_lakehouse_dag.py for tasks to queue
[2026-06-03T15:31:40.272+0000] {logging_mixin.py:190} INFO - [2026-06-03T15:31:40.272+0000] {dagbag.py:588} INFO - Filling up the DagBag from /opt/airflow/dags/train_model_lakehouse_dag.py
[2026-06-03T15:31:40.282+0000] {processor.py:925} INFO - DAG(s) 'train_model_lakehouse' retrieved from /opt/airflow/dags/train_model_lakehouse_dag.py
[2026-06-03T15:31:40.314+0000] {logging_mixin.py:190} INFO - [2026-06-03T15:31:40.314+0000] {dag.py:3239} INFO - Sync 1 DAGs
[2026-06-03T15:31:40.328+0000] {logging_mixin.py:190} INFO - [2026-06-03T15:31:40.328+0000] {dag.py:4180} INFO - Setting next_dagrun for train_model_lakehouse to None, run_after=None
[2026-06-03T15:31:40.373+0000] {processor.py:208} INFO - Processing /opt/airflow/dags/train_model_lakehouse_dag.py took 0.111 seconds
[2026-06-03T15:32:10.554+0000] {processor.py:186} INFO - Started process (PID=414) to work on /opt/airflow/dags/train_model_lakehouse_dag.py
[2026-06-03T15:32:10.571+0000] {processor.py:914} INFO - Processing file /opt/airflow/dags/train_model_lakehouse_dag.py for tasks to queue
[2026-06-03T15:32:10.574+0000] {logging_mixin.py:190} INFO - [2026-06-03T15:32:10.574+0000] {dagbag.py:588} INFO - Filling up the DagBag from /opt/airflow/dags/train_model_lakehouse_dag.py
[2026-06-03T15:32:10.584+0000] {processor.py:925} INFO - DAG(s) 'train_model_lakehouse' retrieved from /opt/airflow/dags/train_model_lakehouse_dag.py
[2026-06-03T15:32:10.617+0000] {logging_mixin.py:190} INFO - [2026-06-03T15:32:10.617+0000] {dag.py:3239} INFO - Sync 1 DAGs
[2026-06-03T15:32:10.633+0000] {logging_mixin.py:190} INFO - [2026-06-03T15:32:10.633+0000] {dag.py:4180} INFO - Setting next_dagrun for train_model_lakehouse to None, run_after=None
[2026-06-03T15:32:10.654+0000] {processor.py:208} INFO - Processing /opt/airflow/dags/train_model_lakehouse_dag.py took 0.107 seconds
[2026-06-03T15:32:40.824+0000] {processor.py:186} INFO - Started process (PID=419) to work on /opt/airflow/dags/train_model_lakehouse_dag.py
[2026-06-03T15:32:40.825+0000] {processor.py:914} INFO - Processing file /opt/airflow/dags/train_model_lakehouse_dag.py for tasks to queue
[2026-06-03T15:32:40.828+0000] {logging_mixin.py:190} INFO - [2026-06-03T15:32:40.828+0000] {dagbag.py:588} INFO - Filling up the DagBag from /opt/airflow/dags/train_model_lakehouse_dag.py
[2026-06-03T15:32:40.843+0000] {processor.py:925} INFO - DAG(s) 'train_model_lakehouse' retrieved from /opt/airflow/dags/train_model_lakehouse_dag.py
[2026-06-03T15:32:40.875+0000] {logging_mixin.py:190} INFO - [2026-06-03T15:32:40.875+0000] {dag.py:3239} INFO - Sync 1 DAGs
[2026-06-03T15:32:40.890+0000] {logging_mixin.py:190} INFO - [2026-06-03T15:32:40.889+0000] {dag.py:4180} INFO - Setting next_dagrun for train_model_lakehouse to None, run_after=None
[2026-06-03T15:32:40.934+0000] {processor.py:208} INFO - Processing /opt/airflow/dags/train_model_lakehouse_dag.py took 0.121 seconds
[2026-06-03T15:33:11.108+0000] {processor.py:186} INFO - Started process (PID=424) to work on /opt/airflow/dags/train_model_lakehouse_dag.py
[2026-06-03T15:33:11.109+0000] {processor.py:914} INFO - Processing file /opt/airflow/dags/train_model_lakehouse_dag.py for tasks to queue
[2026-06-03T15:33:11.111+0000] {logging_mixin.py:190} INFO - [2026-06-03T15:33:11.111+0000] {dagbag.py:588} INFO - Filling up the DagBag from /opt/airflow/dags/train_model_lakehouse_dag.py
[2026-06-03T15:33:11.122+0000] {processor.py:925} INFO - DAG(s) 'train_model_lakehouse' retrieved from /opt/airflow/dags/train_model_lakehouse_dag.py
[2026-06-03T15:33:11.155+0000] {logging_mixin.py:190} INFO - [2026-06-03T15:33:11.154+0000] {dag.py:3239} INFO - Sync 1 DAGs
[2026-06-03T15:33:11.169+0000] {logging_mixin.py:190} INFO - [2026-06-03T15:33:11.169+0000] {dag.py:4180} INFO - Setting next_dagrun for train_model_lakehouse to None, run_after=None
[2026-06-03T15:33:11.189+0000] {processor.py:208} INFO - Processing /opt/airflow/dags/train_model_lakehouse_dag.py took 0.091 seconds
[2026-06-03T15:33:41.417+0000] {processor.py:186} INFO - Started process (PID=429) to work on /opt/airflow/dags/train_model_lakehouse_dag.py
[2026-06-03T15:33:41.418+0000] {processor.py:914} INFO - Processing file /opt/airflow/dags/train_model_lakehouse_dag.py for tasks to queue
[2026-06-03T15:33:41.422+0000] {logging_mixin.py:190} INFO - [2026-06-03T15:33:41.421+0000] {dagbag.py:588} INFO - Filling up the DagBag from /opt/airflow/dags/train_model_lakehouse_dag.py
[2026-06-03T15:33:41.433+0000] {processor.py:925} INFO - DAG(s) 'train_model_lakehouse' retrieved from /opt/airflow/dags/train_model_lakehouse_dag.py
[2026-06-03T15:33:41.464+0000] {logging_mixin.py:190} INFO - [2026-06-03T15:33:41.464+0000] {dag.py:3239} INFO - Sync 1 DAGs
[2026-06-03T15:33:41.478+0000] {logging_mixin.py:190} INFO - [2026-06-03T15:33:41.478+0000] {dag.py:4180} INFO - Setting next_dagrun for train_model_lakehouse to None, run_after=None
[2026-06-03T15:33:41.513+0000] {processor.py:208} INFO - Processing /opt/airflow/dags/train_model_lakehouse_dag.py took 0.105 seconds
[2026-06-03T15:33:45.604+0000] {processor.py:186} INFO - Started process (PID=434) to work on /opt/airflow/dags/train_model_lakehouse_dag.py
[2026-06-03T15:33:45.622+0000] {processor.py:914} INFO - Processing file /opt/airflow/dags/train_model_lakehouse_dag.py for tasks to queue
[2026-06-03T15:33:45.627+0000] {logging_mixin.py:190} INFO - [2026-06-03T15:33:45.626+0000] {dagbag.py:588} INFO - Filling up the DagBag from /opt/airflow/dags/train_model_lakehouse_dag.py
[2026-06-03T15:33:45.643+0000] {processor.py:925} INFO - DAG(s) 'train_model_lakehouse' retrieved from /opt/airflow/dags/train_model_lakehouse_dag.py
[2026-06-03T15:33:45.968+0000] {logging_mixin.py:190} INFO - [2026-06-03T15:33:45.967+0000] {dag.py:3239} INFO - Sync 1 DAGs
[2026-06-03T15:33:45.979+0000] {logging_mixin.py:190} INFO - [2026-06-03T15:33:45.979+0000] {dag.py:4180} INFO - Setting next_dagrun for train_model_lakehouse to None, run_after=None
[2026-06-03T15:33:46.019+0000] {processor.py:208} INFO - Processing /opt/airflow/dags/train_model_lakehouse_dag.py took 0.430 seconds
[2026-06-03T15:34:16.305+0000] {processor.py:186} INFO - Started process (PID=493) to work on /opt/airflow/dags/train_model_lakehouse_dag.py
[2026-06-03T15:34:16.307+0000] {processor.py:914} INFO - Processing file /opt/airflow/dags/train_model_lakehouse_dag.py for tasks to queue
[2026-06-03T15:34:16.310+0000] {logging_mixin.py:190} INFO - [2026-06-03T15:34:16.309+0000] {dagbag.py:588} INFO - Filling up the DagBag from /opt/airflow/dags/train_model_lakehouse_dag.py
[2026-06-03T15:34:16.323+0000] {processor.py:925} INFO - DAG(s) 'train_model_lakehouse' retrieved from /opt/airflow/dags/train_model_lakehouse_dag.py
[2026-06-03T15:34:16.359+0000] {logging_mixin.py:190} INFO - [2026-06-03T15:34:16.358+0000] {dag.py:3239} INFO - Sync 1 DAGs
[2026-06-03T15:34:16.372+0000] {logging_mixin.py:190} INFO - [2026-06-03T15:34:16.371+0000] {dag.py:4180} INFO - Setting next_dagrun for train_model_lakehouse to None, run_after=None
[2026-06-03T15:34:16.387+0000] {processor.py:208} INFO - Processing /opt/airflow/dags/train_model_lakehouse_dag.py took 0.089 seconds
[2026-06-03T15:34:46.609+0000] {processor.py:186} INFO - Started process (PID=499) to work on /opt/airflow/dags/train_model_lakehouse_dag.py
[2026-06-03T15:34:46.632+0000] {processor.py:914} INFO - Processing file /opt/airflow/dags/train_model_lakehouse_dag.py for tasks to queue
[2026-06-03T15:34:46.634+0000] {logging_mixin.py:190} INFO - [2026-06-03T15:34:46.634+0000] {dagbag.py:588} INFO - Filling up the DagBag from /opt/airflow/dags/train_model_lakehouse_dag.py
[2026-06-03T15:34:46.644+0000] {processor.py:925} INFO - DAG(s) 'train_model_lakehouse' retrieved from /opt/airflow/dags/train_model_lakehouse_dag.py
[2026-06-03T15:34:46.676+0000] {logging_mixin.py:190} INFO - [2026-06-03T15:34:46.675+0000] {dag.py:3239} INFO - Sync 1 DAGs
[2026-06-03T15:34:46.691+0000] {logging_mixin.py:190} INFO - [2026-06-03T15:34:46.690+0000] {dag.py:4180} INFO - Setting next_dagrun for train_model_lakehouse to None, run_after=None
[2026-06-03T15:34:46.712+0000] {processor.py:208} INFO - Processing /opt/airflow/dags/train_model_lakehouse_dag.py took 0.111 seconds
[2026-06-03T15:35:16.894+0000] {processor.py:186} INFO - Started process (PID=578) to work on /opt/airflow/dags/train_model_lakehouse_dag.py
[2026-06-03T15:35:16.897+0000] {processor.py:914} INFO - Processing file /opt/airflow/dags/train_model_lakehouse_dag.py for tasks to queue
[2026-06-03T15:35:16.901+0000] {logging_mixin.py:190} INFO - [2026-06-03T15:35:16.900+0000] {dagbag.py:588} INFO - Filling up the DagBag from /opt/airflow/dags/train_model_lakehouse_dag.py
[2026-06-03T15:35:16.920+0000] {processor.py:925} INFO - DAG(s) 'train_model_lakehouse' retrieved from /opt/airflow/dags/train_model_lakehouse_dag.py
[2026-06-03T15:35:16.973+0000] {logging_mixin.py:190} INFO - [2026-06-03T15:35:16.973+0000] {dag.py:3239} INFO - Sync 1 DAGs
[2026-06-03T15:35:17.003+0000] {logging_mixin.py:190} INFO - [2026-06-03T15:35:17.002+0000] {dag.py:4180} INFO - Setting next_dagrun for train_model_lakehouse to None, run_after=None
[2026-06-03T15:35:17.044+0000] {processor.py:208} INFO - Processing /opt/airflow/dags/train_model_lakehouse_dag.py took 0.171 seconds
[2026-06-03T15:35:47.266+0000] {processor.py:186} INFO - Started process (PID=636) to work on /opt/airflow/dags/train_model_lakehouse_dag.py
[2026-06-03T15:35:47.270+0000] {processor.py:914} INFO - Processing file /opt/airflow/dags/train_model_lakehouse_dag.py for tasks to queue
[2026-06-03T15:35:47.273+0000] {logging_mixin.py:190} INFO - [2026-06-03T15:35:47.272+0000] {dagbag.py:588} INFO - Filling up the DagBag from /opt/airflow/dags/train_model_lakehouse_dag.py
[2026-06-03T15:35:47.284+0000] {processor.py:925} INFO - DAG(s) 'train_model_lakehouse' retrieved from /opt/airflow/dags/train_model_lakehouse_dag.py
[2026-06-03T15:35:47.315+0000] {logging_mixin.py:190} INFO - [2026-06-03T15:35:47.314+0000] {dag.py:3239} INFO - Sync 1 DAGs
[2026-06-03T15:35:47.329+0000] {logging_mixin.py:190} INFO - [2026-06-03T15:35:47.329+0000] {dag.py:4180} INFO - Setting next_dagrun for train_model_lakehouse to None, run_after=None
[2026-06-03T15:35:47.348+0000] {processor.py:208} INFO - Processing /opt/airflow/dags/train_model_lakehouse_dag.py took 0.100 seconds
[2026-06-03T15:36:17.577+0000] {processor.py:186} INFO - Started process (PID=641) to work on /opt/airflow/dags/train_model_lakehouse_dag.py
[2026-06-03T15:36:17.612+0000] {processor.py:914} INFO - Processing file /opt/airflow/dags/train_model_lakehouse_dag.py for tasks to queue
[2026-06-03T15:36:17.615+0000] {logging_mixin.py:190} INFO - [2026-06-03T15:36:17.614+0000] {dagbag.py:588} INFO - Filling up the DagBag from /opt/airflow/dags/train_model_lakehouse_dag.py
[2026-06-03T15:36:17.625+0000] {processor.py:925} INFO - DAG(s) 'train_model_lakehouse' retrieved from /opt/airflow/dags/train_model_lakehouse_dag.py
[2026-06-03T15:36:17.658+0000] {logging_mixin.py:190} INFO - [2026-06-03T15:36:17.658+0000] {dag.py:3239} INFO - Sync 1 DAGs
[2026-06-03T15:36:17.672+0000] {logging_mixin.py:190} INFO - [2026-06-03T15:36:17.672+0000] {dag.py:4180} INFO - Setting next_dagrun for train_model_lakehouse to None, run_after=None
[2026-06-03T15:36:17.697+0000] {processor.py:208} INFO - Processing /opt/airflow/dags/train_model_lakehouse_dag.py took 0.128 seconds
[2026-06-03T15:36:47.796+0000] {processor.py:186} INFO - Started process (PID=646) to work on /opt/airflow/dags/train_model_lakehouse_dag.py
[2026-06-03T15:36:47.797+0000] {processor.py:914} INFO - Processing file /opt/airflow/dags/train_model_lakehouse_dag.py for tasks to queue
[2026-06-03T15:36:47.800+0000] {logging_mixin.py:190} INFO - [2026-06-03T15:36:47.800+0000] {dagbag.py:588} INFO - Filling up the DagBag from /opt/airflow/dags/train_model_lakehouse_dag.py
[2026-06-03T15:36:47.814+0000] {processor.py:925} INFO - DAG(s) 'train_model_lakehouse' retrieved from /opt/airflow/dags/train_model_lakehouse_dag.py
[2026-06-03T15:36:47.850+0000] {logging_mixin.py:190} INFO - [2026-06-03T15:36:47.850+0000] {dag.py:3239} INFO - Sync 1 DAGs
[2026-06-03T15:36:47.865+0000] {logging_mixin.py:190} INFO - [2026-06-03T15:36:47.865+0000] {dag.py:4180} INFO - Setting next_dagrun for train_model_lakehouse to None, run_after=None
[2026-06-03T15:36:47.885+0000] {processor.py:208} INFO - Processing /opt/airflow/dags/train_model_lakehouse_dag.py took 0.098 seconds
[2026-06-03T15:37:18.022+0000] {processor.py:186} INFO - Started process (PID=651) to work on /opt/airflow/dags/train_model_lakehouse_dag.py
[2026-06-03T15:37:18.058+0000] {processor.py:914} INFO - Processing file /opt/airflow/dags/train_model_lakehouse_dag.py for tasks to queue
[2026-06-03T15:37:18.061+0000] {logging_mixin.py:190} INFO - [2026-06-03T15:37:18.061+0000] {dagbag.py:588} INFO - Filling up the DagBag from /opt/airflow/dags/train_model_lakehouse_dag.py
[2026-06-03T15:37:18.071+0000] {processor.py:925} INFO - DAG(s) 'train_model_lakehouse' retrieved from /opt/airflow/dags/train_model_lakehouse_dag.py
[2026-06-03T15:37:18.103+0000] {logging_mixin.py:190} INFO - [2026-06-03T15:37:18.102+0000] {dag.py:3239} INFO - Sync 1 DAGs
[2026-06-03T15:37:18.118+0000] {logging_mixin.py:190} INFO - [2026-06-03T15:37:18.117+0000] {dag.py:4180} INFO - Setting next_dagrun for train_model_lakehouse to None, run_after=None
[2026-06-03T15:37:18.139+0000] {processor.py:208} INFO - Processing /opt/airflow/dags/train_model_lakehouse_dag.py took 0.123 seconds
[2026-06-03T15:37:48.369+0000] {processor.py:186} INFO - Started process (PID=656) to work on /opt/airflow/dags/train_model_lakehouse_dag.py
[2026-06-03T15:37:48.370+0000] {processor.py:914} INFO - Processing file /opt/airflow/dags/train_model_lakehouse_dag.py for tasks to queue
[2026-06-03T15:37:48.373+0000] {logging_mixin.py:190} INFO - [2026-06-03T15:37:48.372+0000] {dagbag.py:588} INFO - Filling up the DagBag from /opt/airflow/dags/train_model_lakehouse_dag.py
[2026-06-03T15:37:48.384+0000] {processor.py:925} INFO - DAG(s) 'train_model_lakehouse' retrieved from /opt/airflow/dags/train_model_lakehouse_dag.py
[2026-06-03T15:37:48.416+0000] {logging_mixin.py:190} INFO - [2026-06-03T15:37:48.415+0000] {dag.py:3239} INFO - Sync 1 DAGs
[2026-06-03T15:37:48.431+0000] {logging_mixin.py:190} INFO - [2026-06-03T15:37:48.431+0000] {dag.py:4180} INFO - Setting next_dagrun for train_model_lakehouse to None, run_after=None
[2026-06-03T15:37:48.494+0000] {processor.py:208} INFO - Processing /opt/airflow/dags/train_model_lakehouse_dag.py took 0.133 seconds
[2026-06-03T15:38:18.631+0000] {processor.py:186} INFO - Started process (PID=661) to work on /opt/airflow/dags/train_model_lakehouse_dag.py
[2026-06-03T15:38:18.650+0000] {processor.py:914} INFO - Processing file /opt/airflow/dags/train_model_lakehouse_dag.py for tasks to queue
[2026-06-03T15:38:18.652+0000] {logging_mixin.py:190} INFO - [2026-06-03T15:38:18.652+0000] {dagbag.py:588} INFO - Filling up the DagBag from /opt/airflow/dags/train_model_lakehouse_dag.py
[2026-06-03T15:38:18.665+0000] {processor.py:925} INFO - DAG(s) 'train_model_lakehouse' retrieved from /opt/airflow/dags/train_model_lakehouse_dag.py
[2026-06-03T15:38:18.701+0000] {logging_mixin.py:190} INFO - [2026-06-03T15:38:18.701+0000] {dag.py:3239} INFO - Sync 1 DAGs
[2026-06-03T15:38:18.717+0000] {logging_mixin.py:190} INFO - [2026-06-03T15:38:18.717+0000] {dag.py:4180} INFO - Setting next_dagrun for train_model_lakehouse to None, run_after=None
[2026-06-03T15:38:18.742+0000] {processor.py:208} INFO - Processing /opt/airflow/dags/train_model_lakehouse_dag.py took 0.120 seconds
[2026-06-03T15:38:48.965+0000] {processor.py:186} INFO - Started process (PID=666) to work on /opt/airflow/dags/train_model_lakehouse_dag.py
[2026-06-03T15:38:48.966+0000] {processor.py:914} INFO - Processing file /opt/airflow/dags/train_model_lakehouse_dag.py for tasks to queue
[2026-06-03T15:38:48.969+0000] {logging_mixin.py:190} INFO - [2026-06-03T15:38:48.969+0000] {dagbag.py:588} INFO - Filling up the DagBag from /opt/airflow/dags/train_model_lakehouse_dag.py
[2026-06-03T15:38:48.979+0000] {processor.py:925} INFO - DAG(s) 'train_model_lakehouse' retrieved from /opt/airflow/dags/train_model_lakehouse_dag.py
[2026-06-03T15:38:49.010+0000] {logging_mixin.py:190} INFO - [2026-06-03T15:38:49.009+0000] {dag.py:3239} INFO - Sync 1 DAGs
[2026-06-03T15:38:49.023+0000] {logging_mixin.py:190} INFO - [2026-06-03T15:38:49.023+0000] {dag.py:4180} INFO - Setting next_dagrun for train_model_lakehouse to None, run_after=None
[2026-06-03T15:38:49.066+0000] {processor.py:208} INFO - Processing /opt/airflow/dags/train_model_lakehouse_dag.py took 0.110 seconds
[2026-06-03T15:39:06.113+0000] {processor.py:186} INFO - Started process (PID=671) to work on /opt/airflow/dags/train_model_lakehouse_dag.py
[2026-06-03T15:39:06.114+0000] {processor.py:914} INFO - Processing file /opt/airflow/dags/train_model_lakehouse_dag.py for tasks to queue
[2026-06-03T15:39:06.117+0000] {logging_mixin.py:190} INFO - [2026-06-03T15:39:06.117+0000] {dagbag.py:588} INFO - Filling up the DagBag from /opt/airflow/dags/train_model_lakehouse_dag.py
[2026-06-03T15:39:06.129+0000] {processor.py:925} INFO - DAG(s) 'train_model_lakehouse' retrieved from /opt/airflow/dags/train_model_lakehouse_dag.py
[2026-06-03T15:39:06.310+0000] {logging_mixin.py:190} INFO - [2026-06-03T15:39:06.310+0000] {dag.py:3239} INFO - Sync 1 DAGs
[2026-06-03T15:39:06.322+0000] {logging_mixin.py:190} INFO - [2026-06-03T15:39:06.322+0000] {dag.py:4180} INFO - Setting next_dagrun for train_model_lakehouse to None, run_after=None
[2026-06-03T15:39:06.342+0000] {processor.py:208} INFO - Processing /opt/airflow/dags/train_model_lakehouse_dag.py took 0.237 seconds
[2026-06-03T15:39:36.433+0000] {processor.py:186} INFO - Started process (PID=735) to work on /opt/airflow/dags/train_model_lakehouse_dag.py
[2026-06-03T15:39:36.434+0000] {processor.py:914} INFO - Processing file /opt/airflow/dags/train_model_lakehouse_dag.py for tasks to queue
[2026-06-03T15:39:36.437+0000] {logging_mixin.py:190} INFO - [2026-06-03T15:39:36.437+0000] {dagbag.py:588} INFO - Filling up the DagBag from /opt/airflow/dags/train_model_lakehouse_dag.py
[2026-06-03T15:39:36.449+0000] {processor.py:925} INFO - DAG(s) 'train_model_lakehouse' retrieved from /opt/airflow/dags/train_model_lakehouse_dag.py
[2026-06-03T15:39:36.483+0000] {logging_mixin.py:190} INFO - [2026-06-03T15:39:36.483+0000] {dag.py:3239} INFO - Sync 1 DAGs
[2026-06-03T15:39:36.499+0000] {logging_mixin.py:190} INFO - [2026-06-03T15:39:36.499+0000] {dag.py:4180} INFO - Setting next_dagrun for train_model_lakehouse to None, run_after=None
[2026-06-03T15:39:36.528+0000] {processor.py:208} INFO - Processing /opt/airflow/dags/train_model_lakehouse_dag.py took 0.102 seconds
[2026-06-03T15:40:06.681+0000] {processor.py:186} INFO - Started process (PID=740) to work on /opt/airflow/dags/train_model_lakehouse_dag.py
[2026-06-03T15:40:06.682+0000] {processor.py:914} INFO - Processing file /opt/airflow/dags/train_model_lakehouse_dag.py for tasks to queue
[2026-06-03T15:40:06.685+0000] {logging_mixin.py:190} INFO - [2026-06-03T15:40:06.685+0000] {dagbag.py:588} INFO - Filling up the DagBag from /opt/airflow/dags/train_model_lakehouse_dag.py
[2026-06-03T15:40:06.695+0000] {processor.py:925} INFO - DAG(s) 'train_model_lakehouse' retrieved from /opt/airflow/dags/train_model_lakehouse_dag.py
[2026-06-03T15:40:06.727+0000] {logging_mixin.py:190} INFO - [2026-06-03T15:40:06.727+0000] {dag.py:3239} INFO - Sync 1 DAGs
[2026-06-03T15:40:06.742+0000] {logging_mixin.py:190} INFO - [2026-06-03T15:40:06.741+0000] {dag.py:4180} INFO - Setting next_dagrun for train_model_lakehouse to None, run_after=None
[2026-06-03T15:40:06.760+0000] {processor.py:208} INFO - Processing /opt/airflow/dags/train_model_lakehouse_dag.py took 0.085 seconds
[2026-06-03T15:40:37.064+0000] {processor.py:186} INFO - Started process (PID=745) to work on /opt/airflow/dags/train_model_lakehouse_dag.py
[2026-06-03T15:40:37.065+0000] {processor.py:914} INFO - Processing file /opt/airflow/dags/train_model_lakehouse_dag.py for tasks to queue
[2026-06-03T15:40:37.068+0000] {logging_mixin.py:190} INFO - [2026-06-03T15:40:37.068+0000] {dagbag.py:588} INFO - Filling up the DagBag from /opt/airflow/dags/train_model_lakehouse_dag.py
[2026-06-03T15:40:37.078+0000] {processor.py:925} INFO - DAG(s) 'train_model_lakehouse' retrieved from /opt/airflow/dags/train_model_lakehouse_dag.py
[2026-06-03T15:40:37.112+0000] {logging_mixin.py:190} INFO - [2026-06-03T15:40:37.112+0000] {dag.py:3239} INFO - Sync 1 DAGs
[2026-06-03T15:40:37.128+0000] {logging_mixin.py:190} INFO - [2026-06-03T15:40:37.127+0000] {dag.py:4180} INFO - Setting next_dagrun for train_model_lakehouse to None, run_after=None
[2026-06-03T15:40:37.147+0000] {processor.py:208} INFO - Processing /opt/airflow/dags/train_model_lakehouse_dag.py took 0.092 seconds
[2026-06-03T15:41:07.373+0000] {processor.py:186} INFO - Started process (PID=750) to work on /opt/airflow/dags/train_model_lakehouse_dag.py
[2026-06-03T15:41:07.408+0000] {processor.py:914} INFO - Processing file /opt/airflow/dags/train_model_lakehouse_dag.py for tasks to queue
[2026-06-03T15:41:07.410+0000] {logging_mixin.py:190} INFO - [2026-06-03T15:41:07.410+0000] {dagbag.py:588} INFO - Filling up the DagBag from /opt/airflow/dags/train_model_lakehouse_dag.py
[2026-06-03T15:41:07.421+0000] {processor.py:925} INFO - DAG(s) 'train_model_lakehouse' retrieved from /opt/airflow/dags/train_model_lakehouse_dag.py
[2026-06-03T15:41:07.453+0000] {logging_mixin.py:190} INFO - [2026-06-03T15:41:07.453+0000] {dag.py:3239} INFO - Sync 1 DAGs
[2026-06-03T15:41:07.469+0000] {logging_mixin.py:190} INFO - [2026-06-03T15:41:07.468+0000] {dag.py:4180} INFO - Setting next_dagrun for train_model_lakehouse to None, run_after=None
[2026-06-03T15:41:07.489+0000] {processor.py:208} INFO - Processing /opt/airflow/dags/train_model_lakehouse_dag.py took 0.128 seconds
[2026-06-03T15:41:37.691+0000] {processor.py:186} INFO - Started process (PID=755) to work on /opt/airflow/dags/train_model_lakehouse_dag.py
[2026-06-03T15:41:37.692+0000] {processor.py:914} INFO - Processing file /opt/airflow/dags/train_model_lakehouse_dag.py for tasks to queue
[2026-06-03T15:41:37.695+0000] {logging_mixin.py:190} INFO - [2026-06-03T15:41:37.694+0000] {dagbag.py:588} INFO - Filling up the DagBag from /opt/airflow/dags/train_model_lakehouse_dag.py
[2026-06-03T15:41:37.709+0000] {processor.py:925} INFO - DAG(s) 'train_model_lakehouse' retrieved from /opt/airflow/dags/train_model_lakehouse_dag.py
[2026-06-03T15:41:37.750+0000] {logging_mixin.py:190} INFO - [2026-06-03T15:41:37.750+0000] {dag.py:3239} INFO - Sync 1 DAGs
[2026-06-03T15:41:37.765+0000] {logging_mixin.py:190} INFO - [2026-06-03T15:41:37.764+0000] {dag.py:4180} INFO - Setting next_dagrun for train_model_lakehouse to None, run_after=None
[2026-06-03T15:41:37.803+0000] {processor.py:208} INFO - Processing /opt/airflow/dags/train_model_lakehouse_dag.py took 0.123 seconds
[2026-06-03T15:42:08.042+0000] {processor.py:186} INFO - Started process (PID=760) to work on /opt/airflow/dags/train_model_lakehouse_dag.py
[2026-06-03T15:42:08.071+0000] {processor.py:914} INFO - Processing file /opt/airflow/dags/train_model_lakehouse_dag.py for tasks to queue
[2026-06-03T15:42:08.075+0000] {logging_mixin.py:190} INFO - [2026-06-03T15:42:08.074+0000] {dagbag.py:588} INFO - Filling up the DagBag from /opt/airflow/dags/train_model_lakehouse_dag.py
[2026-06-03T15:42:08.092+0000] {processor.py:925} INFO - DAG(s) 'train_model_lakehouse' retrieved from /opt/airflow/dags/train_model_lakehouse_dag.py
[2026-06-03T15:42:08.125+0000] {logging_mixin.py:190} INFO - [2026-06-03T15:42:08.124+0000] {dag.py:3239} INFO - Sync 1 DAGs
[2026-06-03T15:42:08.140+0000] {logging_mixin.py:190} INFO - [2026-06-03T15:42:08.140+0000] {dag.py:4180} INFO - Setting next_dagrun for train_model_lakehouse to None, run_after=None
[2026-06-03T15:42:08.161+0000] {processor.py:208} INFO - Processing /opt/airflow/dags/train_model_lakehouse_dag.py took 0.135 seconds
[2026-06-03T15:42:38.362+0000] {processor.py:186} INFO - Started process (PID=765) to work on /opt/airflow/dags/train_model_lakehouse_dag.py
[2026-06-03T15:42:38.363+0000] {processor.py:914} INFO - Processing file /opt/airflow/dags/train_model_lakehouse_dag.py for tasks to queue
[2026-06-03T15:42:38.367+0000] {logging_mixin.py:190} INFO - [2026-06-03T15:42:38.366+0000] {dagbag.py:588} INFO - Filling up the DagBag from /opt/airflow/dags/train_model_lakehouse_dag.py
[2026-06-03T15:42:38.379+0000] {processor.py:925} INFO - DAG(s) 'train_model_lakehouse' retrieved from /opt/airflow/dags/train_model_lakehouse_dag.py
[2026-06-03T15:42:38.412+0000] {logging_mixin.py:190} INFO - [2026-06-03T15:42:38.411+0000] {dag.py:3239} INFO - Sync 1 DAGs
[2026-06-03T15:42:38.427+0000] {logging_mixin.py:190} INFO - [2026-06-03T15:42:38.426+0000] {dag.py:4180} INFO - Setting next_dagrun for train_model_lakehouse to None, run_after=None
[2026-06-03T15:42:38.446+0000] {processor.py:208} INFO - Processing /opt/airflow/dags/train_model_lakehouse_dag.py took 0.102 seconds
[2026-06-03T15:43:08.720+0000] {processor.py:186} INFO - Started process (PID=770) to work on /opt/airflow/dags/train_model_lakehouse_dag.py
[2026-06-03T15:43:08.742+0000] {processor.py:914} INFO - Processing file /opt/airflow/dags/train_model_lakehouse_dag.py for tasks to queue
[2026-06-03T15:43:08.745+0000] {logging_mixin.py:190} INFO - [2026-06-03T15:43:08.745+0000] {dagbag.py:588} INFO - Filling up the DagBag from /opt/airflow/dags/train_model_lakehouse_dag.py
[2026-06-03T15:43:08.758+0000] {processor.py:925} INFO - DAG(s) 'train_model_lakehouse' retrieved from /opt/airflow/dags/train_model_lakehouse_dag.py
[2026-06-03T15:43:08.794+0000] {logging_mixin.py:190} INFO - [2026-06-03T15:43:08.793+0000] {dag.py:3239} INFO - Sync 1 DAGs
[2026-06-03T15:43:08.807+0000] {logging_mixin.py:190} INFO - [2026-06-03T15:43:08.807+0000] {dag.py:4180} INFO - Setting next_dagrun for train_model_lakehouse to None, run_after=None
[2026-06-03T15:43:08.826+0000] {processor.py:208} INFO - Processing /opt/airflow/dags/train_model_lakehouse_dag.py took 0.116 seconds
[2026-06-03T15:43:38.968+0000] {processor.py:186} INFO - Started process (PID=807) to work on /opt/airflow/dags/train_model_lakehouse_dag.py
[2026-06-03T15:43:38.970+0000] {processor.py:914} INFO - Processing file /opt/airflow/dags/train_model_lakehouse_dag.py for tasks to queue
[2026-06-03T15:43:38.972+0000] {logging_mixin.py:190} INFO - [2026-06-03T15:43:38.971+0000] {dagbag.py:588} INFO - Filling up the DagBag from /opt/airflow/dags/train_model_lakehouse_dag.py
[2026-06-03T15:43:38.981+0000] {processor.py:925} INFO - DAG(s) 'train_model_lakehouse' retrieved from /opt/airflow/dags/train_model_lakehouse_dag.py
[2026-06-03T15:43:39.011+0000] {logging_mixin.py:190} INFO - [2026-06-03T15:43:39.011+0000] {dag.py:3239} INFO - Sync 1 DAGs
[2026-06-03T15:43:39.026+0000] {logging_mixin.py:190} INFO - [2026-06-03T15:43:39.026+0000] {dag.py:4180} INFO - Setting next_dagrun for train_model_lakehouse to None, run_after=None
[2026-06-03T15:43:39.074+0000] {processor.py:208} INFO - Processing /opt/airflow/dags/train_model_lakehouse_dag.py took 0.113 seconds
[2026-06-03T15:44:09.300+0000] {processor.py:186} INFO - Started process (PID=913) to work on /opt/airflow/dags/train_model_lakehouse_dag.py
[2026-06-03T15:44:09.303+0000] {processor.py:914} INFO - Processing file /opt/airflow/dags/train_model_lakehouse_dag.py for tasks to queue
[2026-06-03T15:44:09.306+0000] {logging_mixin.py:190} INFO - [2026-06-03T15:44:09.306+0000] {dagbag.py:588} INFO - Filling up the DagBag from /opt/airflow/dags/train_model_lakehouse_dag.py
[2026-06-03T15:44:09.353+0000] {processor.py:925} INFO - DAG(s) 'train_model_lakehouse' retrieved from /opt/airflow/dags/train_model_lakehouse_dag.py
[2026-06-03T15:44:09.501+0000] {logging_mixin.py:190} INFO - [2026-06-03T15:44:09.500+0000] {dag.py:3239} INFO - Sync 1 DAGs
[2026-06-03T15:44:09.525+0000] {logging_mixin.py:190} INFO - [2026-06-03T15:44:09.525+0000] {dag.py:4180} INFO - Setting next_dagrun for train_model_lakehouse to None, run_after=None
[2026-06-03T15:44:09.596+0000] {processor.py:208} INFO - Processing /opt/airflow/dags/train_model_lakehouse_dag.py took 0.317 seconds
[2026-06-03T15:44:40.589+0000] {processor.py:186} INFO - Started process (PID=958) to work on /opt/airflow/dags/train_model_lakehouse_dag.py
[2026-06-03T15:44:40.849+0000] {processor.py:914} INFO - Processing file /opt/airflow/dags/train_model_lakehouse_dag.py for tasks to queue
[2026-06-03T15:44:40.861+0000] {logging_mixin.py:190} INFO - [2026-06-03T15:44:40.860+0000] {dagbag.py:588} INFO - Filling up the DagBag from /opt/airflow/dags/train_model_lakehouse_dag.py
[2026-06-03T15:44:42.342+0000] {processor.py:925} INFO - DAG(s) 'train_model_lakehouse' retrieved from /opt/airflow/dags/train_model_lakehouse_dag.py
[2026-06-03T15:44:42.649+0000] {logging_mixin.py:190} INFO - [2026-06-03T15:44:42.649+0000] {dag.py:3239} INFO - Sync 1 DAGs
[2026-06-03T15:44:43.576+0000] {logging_mixin.py:190} INFO - [2026-06-03T15:44:43.576+0000] {dag.py:4180} INFO - Setting next_dagrun for train_model_lakehouse to None, run_after=None
[2026-06-03T15:44:43.774+0000] {processor.py:208} INFO - Processing /opt/airflow/dags/train_model_lakehouse_dag.py took 3.461 seconds
[2026-06-03T15:45:14.374+0000] {processor.py:186} INFO - Started process (PID=970) to work on /opt/airflow/dags/train_model_lakehouse_dag.py
[2026-06-03T15:45:14.382+0000] {processor.py:914} INFO - Processing file /opt/airflow/dags/train_model_lakehouse_dag.py for tasks to queue
[2026-06-03T15:45:14.384+0000] {logging_mixin.py:190} INFO - [2026-06-03T15:45:14.384+0000] {dagbag.py:588} INFO - Filling up the DagBag from /opt/airflow/dags/train_model_lakehouse_dag.py
[2026-06-03T15:45:14.395+0000] {processor.py:925} INFO - DAG(s) 'train_model_lakehouse' retrieved from /opt/airflow/dags/train_model_lakehouse_dag.py
[2026-06-03T15:45:14.429+0000] {logging_mixin.py:190} INFO - [2026-06-03T15:45:14.429+0000] {dag.py:3239} INFO - Sync 1 DAGs
[2026-06-03T15:45:14.445+0000] {logging_mixin.py:190} INFO - [2026-06-03T15:45:14.445+0000] {dag.py:4180} INFO - Setting next_dagrun for train_model_lakehouse to None, run_after=None
[2026-06-03T15:45:14.470+0000] {processor.py:208} INFO - Processing /opt/airflow/dags/train_model_lakehouse_dag.py took 0.107 seconds
[2026-06-03T15:45:44.611+0000] {processor.py:186} INFO - Started process (PID=982) to work on /opt/airflow/dags/train_model_lakehouse_dag.py
[2026-06-03T15:45:44.612+0000] {processor.py:914} INFO - Processing file /opt/airflow/dags/train_model_lakehouse_dag.py for tasks to queue
[2026-06-03T15:45:44.615+0000] {logging_mixin.py:190} INFO - [2026-06-03T15:45:44.615+0000] {dagbag.py:588} INFO - Filling up the DagBag from /opt/airflow/dags/train_model_lakehouse_dag.py
[2026-06-03T15:45:44.629+0000] {processor.py:925} INFO - DAG(s) 'train_model_lakehouse' retrieved from /opt/airflow/dags/train_model_lakehouse_dag.py
[2026-06-03T15:45:44.670+0000] {logging_mixin.py:190} INFO - [2026-06-03T15:45:44.670+0000] {dag.py:3239} INFO - Sync 1 DAGs
[2026-06-03T15:45:44.687+0000] {logging_mixin.py:190} INFO - [2026-06-03T15:45:44.687+0000] {dag.py:4180} INFO - Setting next_dagrun for train_model_lakehouse to None, run_after=None
[2026-06-03T15:45:44.710+0000] {processor.py:208} INFO - Processing /opt/airflow/dags/train_model_lakehouse_dag.py took 0.109 seconds
[2026-06-03T15:46:14.978+0000] {processor.py:186} INFO - Started process (PID=987) to work on /opt/airflow/dags/train_model_lakehouse_dag.py
[2026-06-03T15:46:14.984+0000] {processor.py:914} INFO - Processing file /opt/airflow/dags/train_model_lakehouse_dag.py for tasks to queue
[2026-06-03T15:46:14.986+0000] {logging_mixin.py:190} INFO - [2026-06-03T15:46:14.986+0000] {dagbag.py:588} INFO - Filling up the DagBag from /opt/airflow/dags/train_model_lakehouse_dag.py
[2026-06-03T15:46:14.998+0000] {processor.py:925} INFO - DAG(s) 'train_model_lakehouse' retrieved from /opt/airflow/dags/train_model_lakehouse_dag.py
[2026-06-03T15:46:15.030+0000] {logging_mixin.py:190} INFO - [2026-06-03T15:46:15.030+0000] {dag.py:3239} INFO - Sync 1 DAGs
[2026-06-03T15:46:15.045+0000] {logging_mixin.py:190} INFO - [2026-06-03T15:46:15.045+0000] {dag.py:4180} INFO - Setting next_dagrun for train_model_lakehouse to None, run_after=None
[2026-06-03T15:46:15.088+0000] {processor.py:208} INFO - Processing /opt/airflow/dags/train_model_lakehouse_dag.py took 0.117 seconds
[2026-06-03T15:46:45.233+0000] {processor.py:186} INFO - Started process (PID=992) to work on /opt/airflow/dags/train_model_lakehouse_dag.py
[2026-06-03T15:46:45.234+0000] {processor.py:914} INFO - Processing file /opt/airflow/dags/train_model_lakehouse_dag.py for tasks to queue
[2026-06-03T15:46:45.238+0000] {logging_mixin.py:190} INFO - [2026-06-03T15:46:45.237+0000] {dagbag.py:588} INFO - Filling up the DagBag from /opt/airflow/dags/train_model_lakehouse_dag.py
[2026-06-03T15:46:45.250+0000] {processor.py:925} INFO - DAG(s) 'train_model_lakehouse' retrieved from /opt/airflow/dags/train_model_lakehouse_dag.py
[2026-06-03T15:46:45.282+0000] {logging_mixin.py:190} INFO - [2026-06-03T15:46:45.282+0000] {dag.py:3239} INFO - Sync 1 DAGs
[2026-06-03T15:46:45.298+0000] {logging_mixin.py:190} INFO - [2026-06-03T15:46:45.297+0000] {dag.py:4180} INFO - Setting next_dagrun for train_model_lakehouse to None, run_after=None
[2026-06-03T15:46:45.342+0000] {processor.py:208} INFO - Processing /opt/airflow/dags/train_model_lakehouse_dag.py took 0.128 seconds
[2026-06-03T15:47:15.605+0000] {processor.py:186} INFO - Started process (PID=997) to work on /opt/airflow/dags/train_model_lakehouse_dag.py
[2026-06-03T15:47:15.631+0000] {processor.py:914} INFO - Processing file /opt/airflow/dags/train_model_lakehouse_dag.py for tasks to queue
[2026-06-03T15:47:15.633+0000] {logging_mixin.py:190} INFO - [2026-06-03T15:47:15.633+0000] {dagbag.py:588} INFO - Filling up the DagBag from /opt/airflow/dags/train_model_lakehouse_dag.py
[2026-06-03T15:47:15.643+0000] {processor.py:925} INFO - DAG(s) 'train_model_lakehouse' retrieved from /opt/airflow/dags/train_model_lakehouse_dag.py
[2026-06-03T15:47:15.675+0000] {logging_mixin.py:190} INFO - [2026-06-03T15:47:15.675+0000] {dag.py:3239} INFO - Sync 1 DAGs
[2026-06-03T15:47:15.689+0000] {logging_mixin.py:190} INFO - [2026-06-03T15:47:15.689+0000] {dag.py:4180} INFO - Setting next_dagrun for train_model_lakehouse to None, run_after=None
[2026-06-03T15:47:15.707+0000] {processor.py:208} INFO - Processing /opt/airflow/dags/train_model_lakehouse_dag.py took 0.115 seconds
[2026-06-03T15:47:45.901+0000] {processor.py:186} INFO - Started process (PID=1002) to work on /opt/airflow/dags/train_model_lakehouse_dag.py
[2026-06-03T15:47:45.903+0000] {processor.py:914} INFO - Processing file /opt/airflow/dags/train_model_lakehouse_dag.py for tasks to queue
[2026-06-03T15:47:45.908+0000] {logging_mixin.py:190} INFO - [2026-06-03T15:47:45.907+0000] {dagbag.py:588} INFO - Filling up the DagBag from /opt/airflow/dags/train_model_lakehouse_dag.py
[2026-06-03T15:47:45.921+0000] {processor.py:925} INFO - DAG(s) 'train_model_lakehouse' retrieved from /opt/airflow/dags/train_model_lakehouse_dag.py
[2026-06-03T15:47:45.950+0000] {logging_mixin.py:190} INFO - [2026-06-03T15:47:45.950+0000] {dag.py:3239} INFO - Sync 1 DAGs
[2026-06-03T15:47:45.963+0000] {logging_mixin.py:190} INFO - [2026-06-03T15:47:45.963+0000] {dag.py:4180} INFO - Setting next_dagrun for train_model_lakehouse to None, run_after=None
[2026-06-03T15:47:46.006+0000] {processor.py:208} INFO - Processing /opt/airflow/dags/train_model_lakehouse_dag.py took 0.119 seconds
[2026-06-03T15:48:16.267+0000] {processor.py:186} INFO - Started process (PID=1007) to work on /opt/airflow/dags/train_model_lakehouse_dag.py
[2026-06-03T15:48:16.293+0000] {processor.py:914} INFO - Processing file /opt/airflow/dags/train_model_lakehouse_dag.py for tasks to queue
[2026-06-03T15:48:16.297+0000] {logging_mixin.py:190} INFO - [2026-06-03T15:48:16.296+0000] {dagbag.py:588} INFO - Filling up the DagBag from /opt/airflow/dags/train_model_lakehouse_dag.py
[2026-06-03T15:48:16.312+0000] {processor.py:925} INFO - DAG(s) 'train_model_lakehouse' retrieved from /opt/airflow/dags/train_model_lakehouse_dag.py
[2026-06-03T15:48:16.352+0000] {logging_mixin.py:190} INFO - [2026-06-03T15:48:16.351+0000] {dag.py:3239} INFO - Sync 1 DAGs
[2026-06-03T15:48:16.366+0000] {logging_mixin.py:190} INFO - [2026-06-03T15:48:16.365+0000] {dag.py:4180} INFO - Setting next_dagrun for train_model_lakehouse to None, run_after=None
[2026-06-03T15:48:16.411+0000] {processor.py:208} INFO - Processing /opt/airflow/dags/train_model_lakehouse_dag.py took 0.153 seconds
[2026-06-03T15:48:46.569+0000] {processor.py:186} INFO - Started process (PID=1012) to work on /opt/airflow/dags/train_model_lakehouse_dag.py
[2026-06-03T15:48:46.570+0000] {processor.py:914} INFO - Processing file /opt/airflow/dags/train_model_lakehouse_dag.py for tasks to queue
[2026-06-03T15:48:46.575+0000] {logging_mixin.py:190} INFO - [2026-06-03T15:48:46.574+0000] {dagbag.py:588} INFO - Filling up the DagBag from /opt/airflow/dags/train_model_lakehouse_dag.py
[2026-06-03T15:48:46.586+0000] {processor.py:925} INFO - DAG(s) 'train_model_lakehouse' retrieved from /opt/airflow/dags/train_model_lakehouse_dag.py
[2026-06-03T15:48:46.618+0000] {logging_mixin.py:190} INFO - [2026-06-03T15:48:46.617+0000] {dag.py:3239} INFO - Sync 1 DAGs
[2026-06-03T15:48:46.631+0000] {logging_mixin.py:190} INFO - [2026-06-03T15:48:46.631+0000] {dag.py:4180} INFO - Setting next_dagrun for train_model_lakehouse to None, run_after=None
[2026-06-03T15:48:46.676+0000] {processor.py:208} INFO - Processing /opt/airflow/dags/train_model_lakehouse_dag.py took 0.126 seconds
[2026-06-03T15:49:16.945+0000] {processor.py:186} INFO - Started process (PID=1017) to work on /opt/airflow/dags/train_model_lakehouse_dag.py
[2026-06-03T15:49:16.974+0000] {processor.py:914} INFO - Processing file /opt/airflow/dags/train_model_lakehouse_dag.py for tasks to queue
[2026-06-03T15:49:16.978+0000] {logging_mixin.py:190} INFO - [2026-06-03T15:49:16.977+0000] {dagbag.py:588} INFO - Filling up the DagBag from /opt/airflow/dags/train_model_lakehouse_dag.py
[2026-06-03T15:49:16.992+0000] {processor.py:925} INFO - DAG(s) 'train_model_lakehouse' retrieved from /opt/airflow/dags/train_model_lakehouse_dag.py
[2026-06-03T15:49:17.026+0000] {logging_mixin.py:190} INFO - [2026-06-03T15:49:17.025+0000] {dag.py:3239} INFO - Sync 1 DAGs
[2026-06-03T15:49:17.041+0000] {logging_mixin.py:190} INFO - [2026-06-03T15:49:17.041+0000] {dag.py:4180} INFO - Setting next_dagrun for train_model_lakehouse to None, run_after=None
[2026-06-03T15:49:17.060+0000] {processor.py:208} INFO - Processing /opt/airflow/dags/train_model_lakehouse_dag.py took 0.124 seconds
[2026-06-03T15:49:47.197+0000] {processor.py:186} INFO - Started process (PID=1022) to work on /opt/airflow/dags/train_model_lakehouse_dag.py
[2026-06-03T15:49:47.198+0000] {processor.py:914} INFO - Processing file /opt/airflow/dags/train_model_lakehouse_dag.py for tasks to queue
[2026-06-03T15:49:47.201+0000] {logging_mixin.py:190} INFO - [2026-06-03T15:49:47.200+0000] {dagbag.py:588} INFO - Filling up the DagBag from /opt/airflow/dags/train_model_lakehouse_dag.py
[2026-06-03T15:49:47.211+0000] {processor.py:925} INFO - DAG(s) 'train_model_lakehouse' retrieved from /opt/airflow/dags/train_model_lakehouse_dag.py
[2026-06-03T15:49:47.246+0000] {logging_mixin.py:190} INFO - [2026-06-03T15:49:47.246+0000] {dag.py:3239} INFO - Sync 1 DAGs
[2026-06-03T15:49:47.263+0000] {logging_mixin.py:190} INFO - [2026-06-03T15:49:47.262+0000] {dag.py:4180} INFO - Setting next_dagrun for train_model_lakehouse to None, run_after=None
[2026-06-03T15:49:47.311+0000] {processor.py:208} INFO - Processing /opt/airflow/dags/train_model_lakehouse_dag.py took 0.120 seconds
[2026-06-03T15:50:17.550+0000] {processor.py:186} INFO - Started process (PID=1027) to work on /opt/airflow/dags/train_model_lakehouse_dag.py
[2026-06-03T15:50:17.571+0000] {processor.py:914} INFO - Processing file /opt/airflow/dags/train_model_lakehouse_dag.py for tasks to queue
[2026-06-03T15:50:17.573+0000] {logging_mixin.py:190} INFO - [2026-06-03T15:50:17.573+0000] {dagbag.py:588} INFO - Filling up the DagBag from /opt/airflow/dags/train_model_lakehouse_dag.py
[2026-06-03T15:50:17.583+0000] {processor.py:925} INFO - DAG(s) 'train_model_lakehouse' retrieved from /opt/airflow/dags/train_model_lakehouse_dag.py
[2026-06-03T15:50:17.615+0000] {logging_mixin.py:190} INFO - [2026-06-03T15:50:17.614+0000] {dag.py:3239} INFO - Sync 1 DAGs
[2026-06-03T15:50:17.629+0000] {logging_mixin.py:190} INFO - [2026-06-03T15:50:17.629+0000] {dag.py:4180} INFO - Setting next_dagrun for train_model_lakehouse to None, run_after=None
[2026-06-03T15:50:17.677+0000] {processor.py:208} INFO - Processing /opt/airflow/dags/train_model_lakehouse_dag.py took 0.135 seconds
[2026-06-03T15:50:47.812+0000] {processor.py:186} INFO - Started process (PID=1032) to work on /opt/airflow/dags/train_model_lakehouse_dag.py
[2026-06-03T15:50:47.813+0000] {processor.py:914} INFO - Processing file /opt/airflow/dags/train_model_lakehouse_dag.py for tasks to queue
[2026-06-03T15:50:47.815+0000] {logging_mixin.py:190} INFO - [2026-06-03T15:50:47.814+0000] {dagbag.py:588} INFO - Filling up the DagBag from /opt/airflow/dags/train_model_lakehouse_dag.py
[2026-06-03T15:50:47.825+0000] {processor.py:925} INFO - DAG(s) 'train_model_lakehouse' retrieved from /opt/airflow/dags/train_model_lakehouse_dag.py
[2026-06-03T15:50:47.854+0000] {logging_mixin.py:190} INFO - [2026-06-03T15:50:47.854+0000] {dag.py:3239} INFO - Sync 1 DAGs
[2026-06-03T15:50:47.868+0000] {logging_mixin.py:190} INFO - [2026-06-03T15:50:47.868+0000] {dag.py:4180} INFO - Setting next_dagrun for train_model_lakehouse to None, run_after=None
[2026-06-03T15:50:47.886+0000] {processor.py:208} INFO - Processing /opt/airflow/dags/train_model_lakehouse_dag.py took 0.080 seconds
[2026-06-03T15:51:18.114+0000] {processor.py:186} INFO - Started process (PID=1037) to work on /opt/airflow/dags/train_model_lakehouse_dag.py
[2026-06-03T15:51:18.116+0000] {processor.py:914} INFO - Processing file /opt/airflow/dags/train_model_lakehouse_dag.py for tasks to queue
[2026-06-03T15:51:18.119+0000] {logging_mixin.py:190} INFO - [2026-06-03T15:51:18.119+0000] {dagbag.py:588} INFO - Filling up the DagBag from /opt/airflow/dags/train_model_lakehouse_dag.py
[2026-06-03T15:51:18.131+0000] {processor.py:925} INFO - DAG(s) 'train_model_lakehouse' retrieved from /opt/airflow/dags/train_model_lakehouse_dag.py
[2026-06-03T15:51:18.165+0000] {logging_mixin.py:190} INFO - [2026-06-03T15:51:18.165+0000] {dag.py:3239} INFO - Sync 1 DAGs
[2026-06-03T15:51:18.179+0000] {logging_mixin.py:190} INFO - [2026-06-03T15:51:18.178+0000] {dag.py:4180} INFO - Setting next_dagrun for train_model_lakehouse to None, run_after=None
[2026-06-03T15:51:18.229+0000] {processor.py:208} INFO - Processing /opt/airflow/dags/train_model_lakehouse_dag.py took 0.129 seconds
[2026-06-03T15:51:48.433+0000] {processor.py:186} INFO - Started process (PID=1042) to work on /opt/airflow/dags/train_model_lakehouse_dag.py
[2026-06-03T15:51:48.435+0000] {processor.py:914} INFO - Processing file /opt/airflow/dags/train_model_lakehouse_dag.py for tasks to queue
[2026-06-03T15:51:48.439+0000] {logging_mixin.py:190} INFO - [2026-06-03T15:51:48.439+0000] {dagbag.py:588} INFO - Filling up the DagBag from /opt/airflow/dags/train_model_lakehouse_dag.py
[2026-06-03T15:51:48.454+0000] {processor.py:925} INFO - DAG(s) 'train_model_lakehouse' retrieved from /opt/airflow/dags/train_model_lakehouse_dag.py
[2026-06-03T15:51:48.486+0000] {logging_mixin.py:190} INFO - [2026-06-03T15:51:48.486+0000] {dag.py:3239} INFO - Sync 1 DAGs
[2026-06-03T15:51:48.500+0000] {logging_mixin.py:190} INFO - [2026-06-03T15:51:48.500+0000] {dag.py:4180} INFO - Setting next_dagrun for train_model_lakehouse to None, run_after=None
[2026-06-03T15:51:48.552+0000] {processor.py:208} INFO - Processing /opt/airflow/dags/train_model_lakehouse_dag.py took 0.130 seconds
[2026-06-03T15:52:18.796+0000] {processor.py:186} INFO - Started process (PID=1047) to work on /opt/airflow/dags/train_model_lakehouse_dag.py
[2026-06-03T15:52:18.831+0000] {processor.py:914} INFO - Processing file /opt/airflow/dags/train_model_lakehouse_dag.py for tasks to queue
[2026-06-03T15:52:18.835+0000] {logging_mixin.py:190} INFO - [2026-06-03T15:52:18.834+0000] {dagbag.py:588} INFO - Filling up the DagBag from /opt/airflow/dags/train_model_lakehouse_dag.py
[2026-06-03T15:52:18.849+0000] {processor.py:925} INFO - DAG(s) 'train_model_lakehouse' retrieved from /opt/airflow/dags/train_model_lakehouse_dag.py
[2026-06-03T15:52:18.887+0000] {logging_mixin.py:190} INFO - [2026-06-03T15:52:18.887+0000] {dag.py:3239} INFO - Sync 1 DAGs
[2026-06-03T15:52:18.901+0000] {logging_mixin.py:190} INFO - [2026-06-03T15:52:18.901+0000] {dag.py:4180} INFO - Setting next_dagrun for train_model_lakehouse to None, run_after=None
[2026-06-03T15:52:18.920+0000] {processor.py:208} INFO - Processing /opt/airflow/dags/train_model_lakehouse_dag.py took 0.144 seconds
[2026-06-03T15:52:49.124+0000] {processor.py:186} INFO - Started process (PID=1059) to work on /opt/airflow/dags/train_model_lakehouse_dag.py
[2026-06-03T15:52:49.125+0000] {processor.py:914} INFO - Processing file /opt/airflow/dags/train_model_lakehouse_dag.py for tasks to queue
[2026-06-03T15:52:49.129+0000] {logging_mixin.py:190} INFO - [2026-06-03T15:52:49.129+0000] {dagbag.py:588} INFO - Filling up the DagBag from /opt/airflow/dags/train_model_lakehouse_dag.py
[2026-06-03T15:52:49.140+0000] {processor.py:925} INFO - DAG(s) 'train_model_lakehouse' retrieved from /opt/airflow/dags/train_model_lakehouse_dag.py
[2026-06-03T15:52:49.172+0000] {logging_mixin.py:190} INFO - [2026-06-03T15:52:49.171+0000] {dag.py:3239} INFO - Sync 1 DAGs
[2026-06-03T15:52:49.186+0000] {logging_mixin.py:190} INFO - [2026-06-03T15:52:49.186+0000] {dag.py:4180} INFO - Setting next_dagrun for train_model_lakehouse to None, run_after=None
[2026-06-03T15:52:49.222+0000] {processor.py:208} INFO - Processing /opt/airflow/dags/train_model_lakehouse_dag.py took 0.116 seconds
[2026-06-03T15:53:19.383+0000] {processor.py:186} INFO - Started process (PID=1208) to work on /opt/airflow/dags/train_model_lakehouse_dag.py
[2026-06-03T15:53:19.386+0000] {processor.py:914} INFO - Processing file /opt/airflow/dags/train_model_lakehouse_dag.py for tasks to queue
[2026-06-03T15:53:19.395+0000] {logging_mixin.py:190} INFO - [2026-06-03T15:53:19.394+0000] {dagbag.py:588} INFO - Filling up the DagBag from /opt/airflow/dags/train_model_lakehouse_dag.py
[2026-06-03T15:53:19.430+0000] {processor.py:925} INFO - DAG(s) 'train_model_lakehouse' retrieved from /opt/airflow/dags/train_model_lakehouse_dag.py
[2026-06-03T15:53:19.536+0000] {logging_mixin.py:190} INFO - [2026-06-03T15:53:19.535+0000] {dag.py:3239} INFO - Sync 1 DAGs
[2026-06-03T15:53:19.568+0000] {logging_mixin.py:190} INFO - [2026-06-03T15:53:19.568+0000] {dag.py:4180} INFO - Setting next_dagrun for train_model_lakehouse to None, run_after=None
[2026-06-03T15:53:19.603+0000] {processor.py:208} INFO - Processing /opt/airflow/dags/train_model_lakehouse_dag.py took 0.234 seconds
[2026-06-03T15:53:50.272+0000] {processor.py:186} INFO - Started process (PID=1222) to work on /opt/airflow/dags/train_model_lakehouse_dag.py
[2026-06-03T15:53:50.286+0000] {processor.py:914} INFO - Processing file /opt/airflow/dags/train_model_lakehouse_dag.py for tasks to queue
[2026-06-03T15:53:50.511+0000] {logging_mixin.py:190} INFO - [2026-06-03T15:53:50.293+0000] {dagbag.py:588} INFO - Filling up the DagBag from /opt/airflow/dags/train_model_lakehouse_dag.py
[2026-06-03T15:53:51.368+0000] {processor.py:925} INFO - DAG(s) 'train_model_lakehouse' retrieved from /opt/airflow/dags/train_model_lakehouse_dag.py
[2026-06-03T15:53:52.328+0000] {logging_mixin.py:190} INFO - [2026-06-03T15:53:52.327+0000] {dag.py:3239} INFO - Sync 1 DAGs
[2026-06-03T15:53:52.846+0000] {logging_mixin.py:190} INFO - [2026-06-03T15:53:52.845+0000] {dag.py:4180} INFO - Setting next_dagrun for train_model_lakehouse to None, run_after=None
[2026-06-03T15:53:53.709+0000] {processor.py:208} INFO - Processing /opt/airflow/dags/train_model_lakehouse_dag.py took 3.546 seconds
[2026-06-03T15:54:24.745+0000] {processor.py:186} INFO - Started process (PID=1230) to work on /opt/airflow/dags/train_model_lakehouse_dag.py
[2026-06-03T15:54:24.752+0000] {processor.py:914} INFO - Processing file /opt/airflow/dags/train_model_lakehouse_dag.py for tasks to queue
[2026-06-03T15:54:24.755+0000] {logging_mixin.py:190} INFO - [2026-06-03T15:54:24.754+0000] {dagbag.py:588} INFO - Filling up the DagBag from /opt/airflow/dags/train_model_lakehouse_dag.py
[2026-06-03T15:54:25.166+0000] {processor.py:925} INFO - DAG(s) 'train_model_lakehouse' retrieved from /opt/airflow/dags/train_model_lakehouse_dag.py
[2026-06-03T15:54:25.831+0000] {logging_mixin.py:190} INFO - [2026-06-03T15:54:25.830+0000] {dag.py:3239} INFO - Sync 1 DAGs
[2026-06-03T15:54:25.852+0000] {logging_mixin.py:190} INFO - [2026-06-03T15:54:25.852+0000] {dag.py:4180} INFO - Setting next_dagrun for train_model_lakehouse to None, run_after=None
[2026-06-03T15:54:27.600+0000] {processor.py:208} INFO - Processing /opt/airflow/dags/train_model_lakehouse_dag.py took 2.879 seconds
[2026-06-03T15:54:58.348+0000] {processor.py:186} INFO - Started process (PID=1270) to work on /opt/airflow/dags/train_model_lakehouse_dag.py
[2026-06-03T15:54:58.371+0000] {processor.py:914} INFO - Processing file /opt/airflow/dags/train_model_lakehouse_dag.py for tasks to queue
[2026-06-03T15:54:58.374+0000] {logging_mixin.py:190} INFO - [2026-06-03T15:54:58.374+0000] {dagbag.py:588} INFO - Filling up the DagBag from /opt/airflow/dags/train_model_lakehouse_dag.py
[2026-06-03T15:54:58.446+0000] {processor.py:925} INFO - DAG(s) 'train_model_lakehouse' retrieved from /opt/airflow/dags/train_model_lakehouse_dag.py
[2026-06-03T15:54:58.506+0000] {logging_mixin.py:190} INFO - [2026-06-03T15:54:58.505+0000] {dag.py:3239} INFO - Sync 1 DAGs
[2026-06-03T15:54:58.532+0000] {logging_mixin.py:190} INFO - [2026-06-03T15:54:58.532+0000] {dag.py:4180} INFO - Setting next_dagrun for train_model_lakehouse to None, run_after=None
[2026-06-03T15:54:58.563+0000] {processor.py:208} INFO - Processing /opt/airflow/dags/train_model_lakehouse_dag.py took 0.593 seconds
[2026-06-03T16:03:35.735+0000] {processor.py:186} INFO - Started process (PID=165) to work on /opt/airflow/dags/train_model_lakehouse_dag.py
[2026-06-03T16:03:35.738+0000] {processor.py:914} INFO - Processing file /opt/airflow/dags/train_model_lakehouse_dag.py for tasks to queue
[2026-06-03T16:03:35.743+0000] {logging_mixin.py:190} INFO - [2026-06-03T16:03:35.742+0000] {dagbag.py:588} INFO - Filling up the DagBag from /opt/airflow/dags/train_model_lakehouse_dag.py
[2026-06-03T16:03:35.856+0000] {processor.py:925} INFO - DAG(s) 'train_model_lakehouse' retrieved from /opt/airflow/dags/train_model_lakehouse_dag.py
[2026-06-03T16:03:36.605+0000] {logging_mixin.py:190} INFO - [2026-06-03T16:03:36.604+0000] {override.py:1911} INFO - Created Permission View: can delete on DAG:train_model_lakehouse
[2026-06-03T16:03:36.626+0000] {logging_mixin.py:190} INFO - [2026-06-03T16:03:36.625+0000] {override.py:1911} INFO - Created Permission View: can read on DAG:train_model_lakehouse
[2026-06-03T16:03:36.640+0000] {logging_mixin.py:190} INFO - [2026-06-03T16:03:36.640+0000] {override.py:1911} INFO - Created Permission View: can edit on DAG:train_model_lakehouse
[2026-06-03T16:03:36.663+0000] {logging_mixin.py:190} INFO - [2026-06-03T16:03:36.662+0000] {override.py:1911} INFO - Created Permission View: can delete on DAG Run:train_model_lakehouse
[2026-06-03T16:03:36.676+0000] {logging_mixin.py:190} INFO - [2026-06-03T16:03:36.675+0000] {override.py:1911} INFO - Created Permission View: can create on DAG Run:train_model_lakehouse
[2026-06-03T16:03:36.691+0000] {logging_mixin.py:190} INFO - [2026-06-03T16:03:36.690+0000] {override.py:1911} INFO - Created Permission View: can read on DAG Run:train_model_lakehouse
[2026-06-03T16:03:36.703+0000] {logging_mixin.py:190} INFO - [2026-06-03T16:03:36.703+0000] {override.py:1911} INFO - Created Permission View: menu access on DAG Run:train_model_lakehouse
[2026-06-03T16:03:36.705+0000] {logging_mixin.py:190} INFO - [2026-06-03T16:03:36.704+0000] {dag.py:3239} INFO - Sync 1 DAGs
[2026-06-03T16:03:36.745+0000] {logging_mixin.py:190} INFO - [2026-06-03T16:03:36.744+0000] {dag.py:3262} INFO - Creating ORM DAG for train_model_lakehouse
[2026-06-03T16:03:36.747+0000] {logging_mixin.py:190} INFO - [2026-06-03T16:03:36.746+0000] {dag.py:4180} INFO - Setting next_dagrun for train_model_lakehouse to None, run_after=None
[2026-06-03T16:03:36.805+0000] {processor.py:208} INFO - Processing /opt/airflow/dags/train_model_lakehouse_dag.py took 1.082 seconds
[2026-06-03T16:04:07.046+0000] {processor.py:186} INFO - Started process (PID=171) to work on /opt/airflow/dags/train_model_lakehouse_dag.py
[2026-06-03T16:04:07.048+0000] {processor.py:914} INFO - Processing file /opt/airflow/dags/train_model_lakehouse_dag.py for tasks to queue
[2026-06-03T16:04:07.053+0000] {logging_mixin.py:190} INFO - [2026-06-03T16:04:07.052+0000] {dagbag.py:588} INFO - Filling up the DagBag from /opt/airflow/dags/train_model_lakehouse_dag.py
[2026-06-03T16:04:07.074+0000] {processor.py:925} INFO - DAG(s) 'train_model_lakehouse' retrieved from /opt/airflow/dags/train_model_lakehouse_dag.py
[2026-06-03T16:04:07.122+0000] {logging_mixin.py:190} INFO - [2026-06-03T16:04:07.121+0000] {dag.py:3239} INFO - Sync 1 DAGs
[2026-06-03T16:04:07.149+0000] {logging_mixin.py:190} INFO - [2026-06-03T16:04:07.149+0000] {dag.py:4180} INFO - Setting next_dagrun for train_model_lakehouse to None, run_after=None
[2026-06-03T16:04:07.176+0000] {processor.py:208} INFO - Processing /opt/airflow/dags/train_model_lakehouse_dag.py took 0.143 seconds
[2026-06-03T16:04:37.369+0000] {processor.py:186} INFO - Started process (PID=176) to work on /opt/airflow/dags/train_model_lakehouse_dag.py
[2026-06-03T16:04:37.372+0000] {processor.py:914} INFO - Processing file /opt/airflow/dags/train_model_lakehouse_dag.py for tasks to queue
[2026-06-03T16:04:37.382+0000] {logging_mixin.py:190} INFO - [2026-06-03T16:04:37.380+0000] {dagbag.py:588} INFO - Filling up the DagBag from /opt/airflow/dags/train_model_lakehouse_dag.py
[2026-06-03T16:04:37.422+0000] {processor.py:925} INFO - DAG(s) 'train_model_lakehouse' retrieved from /opt/airflow/dags/train_model_lakehouse_dag.py
[2026-06-03T16:04:37.489+0000] {logging_mixin.py:190} INFO - [2026-06-03T16:04:37.488+0000] {dag.py:3239} INFO - Sync 1 DAGs
[2026-06-03T16:04:37.508+0000] {logging_mixin.py:190} INFO - [2026-06-03T16:04:37.507+0000] {dag.py:4180} INFO - Setting next_dagrun for train_model_lakehouse to None, run_after=None
[2026-06-03T16:04:37.565+0000] {processor.py:208} INFO - Processing /opt/airflow/dags/train_model_lakehouse_dag.py took 0.224 seconds
[2026-06-03T16:05:07.744+0000] {processor.py:186} INFO - Started process (PID=181) to work on /opt/airflow/dags/train_model_lakehouse_dag.py
[2026-06-03T16:05:07.747+0000] {processor.py:914} INFO - Processing file /opt/airflow/dags/train_model_lakehouse_dag.py for tasks to queue
[2026-06-03T16:05:07.763+0000] {logging_mixin.py:190} INFO - [2026-06-03T16:05:07.762+0000] {dagbag.py:588} INFO - Filling up the DagBag from /opt/airflow/dags/train_model_lakehouse_dag.py
[2026-06-03T16:05:07.795+0000] {processor.py:925} INFO - DAG(s) 'train_model_lakehouse' retrieved from /opt/airflow/dags/train_model_lakehouse_dag.py
[2026-06-03T16:05:07.887+0000] {logging_mixin.py:190} INFO - [2026-06-03T16:05:07.886+0000] {dag.py:3239} INFO - Sync 1 DAGs
[2026-06-03T16:05:07.915+0000] {logging_mixin.py:190} INFO - [2026-06-03T16:05:07.914+0000] {dag.py:4180} INFO - Setting next_dagrun for train_model_lakehouse to None, run_after=None
[2026-06-03T16:05:07.941+0000] {processor.py:208} INFO - Processing /opt/airflow/dags/train_model_lakehouse_dag.py took 0.218 seconds
[2026-06-03T16:05:38.177+0000] {processor.py:186} INFO - Started process (PID=186) to work on /opt/airflow/dags/train_model_lakehouse_dag.py
[2026-06-03T16:05:38.180+0000] {processor.py:914} INFO - Processing file /opt/airflow/dags/train_model_lakehouse_dag.py for tasks to queue
[2026-06-03T16:05:38.191+0000] {logging_mixin.py:190} INFO - [2026-06-03T16:05:38.190+0000] {dagbag.py:588} INFO - Filling up the DagBag from /opt/airflow/dags/train_model_lakehouse_dag.py
[2026-06-03T16:05:38.229+0000] {processor.py:925} INFO - DAG(s) 'train_model_lakehouse' retrieved from /opt/airflow/dags/train_model_lakehouse_dag.py
[2026-06-03T16:05:38.332+0000] {logging_mixin.py:190} INFO - [2026-06-03T16:05:38.331+0000] {dag.py:3239} INFO - Sync 1 DAGs
[2026-06-03T16:05:38.381+0000] {logging_mixin.py:190} INFO - [2026-06-03T16:05:38.380+0000] {dag.py:4180} INFO - Setting next_dagrun for train_model_lakehouse to None, run_after=None
[2026-06-03T16:05:38.431+0000] {processor.py:208} INFO - Processing /opt/airflow/dags/train_model_lakehouse_dag.py took 0.278 seconds
[2026-06-03T16:06:08.574+0000] {processor.py:186} INFO - Started process (PID=191) to work on /opt/airflow/dags/train_model_lakehouse_dag.py
[2026-06-03T16:06:08.577+0000] {processor.py:914} INFO - Processing file /opt/airflow/dags/train_model_lakehouse_dag.py for tasks to queue
[2026-06-03T16:06:08.584+0000] {logging_mixin.py:190} INFO - [2026-06-03T16:06:08.583+0000] {dagbag.py:588} INFO - Filling up the DagBag from /opt/airflow/dags/train_model_lakehouse_dag.py
[2026-06-03T16:06:08.623+0000] {processor.py:925} INFO - DAG(s) 'train_model_lakehouse' retrieved from /opt/airflow/dags/train_model_lakehouse_dag.py
[2026-06-03T16:06:08.751+0000] {logging_mixin.py:190} INFO - [2026-06-03T16:06:08.750+0000] {dag.py:3239} INFO - Sync 1 DAGs
[2026-06-03T16:06:08.796+0000] {logging_mixin.py:190} INFO - [2026-06-03T16:06:08.795+0000] {dag.py:4180} INFO - Setting next_dagrun for train_model_lakehouse to None, run_after=None
[2026-06-03T16:06:08.855+0000] {processor.py:208} INFO - Processing /opt/airflow/dags/train_model_lakehouse_dag.py took 0.306 seconds
[2026-06-03T16:06:39.006+0000] {processor.py:186} INFO - Started process (PID=196) to work on /opt/airflow/dags/train_model_lakehouse_dag.py
[2026-06-03T16:06:39.007+0000] {processor.py:914} INFO - Processing file /opt/airflow/dags/train_model_lakehouse_dag.py for tasks to queue
[2026-06-03T16:06:39.010+0000] {logging_mixin.py:190} INFO - [2026-06-03T16:06:39.010+0000] {dagbag.py:588} INFO - Filling up the DagBag from /opt/airflow/dags/train_model_lakehouse_dag.py
[2026-06-03T16:06:39.026+0000] {processor.py:925} INFO - DAG(s) 'train_model_lakehouse' retrieved from /opt/airflow/dags/train_model_lakehouse_dag.py
[2026-06-03T16:06:39.068+0000] {logging_mixin.py:190} INFO - [2026-06-03T16:06:39.067+0000] {dag.py:3239} INFO - Sync 1 DAGs
[2026-06-03T16:06:39.087+0000] {logging_mixin.py:190} INFO - [2026-06-03T16:06:39.087+0000] {dag.py:4180} INFO - Setting next_dagrun for train_model_lakehouse to None, run_after=None
[2026-06-03T16:06:39.110+0000] {processor.py:208} INFO - Processing /opt/airflow/dags/train_model_lakehouse_dag.py took 0.113 seconds
[2026-06-03T16:07:09.275+0000] {processor.py:186} INFO - Started process (PID=201) to work on /opt/airflow/dags/train_model_lakehouse_dag.py
[2026-06-03T16:07:09.277+0000] {processor.py:914} INFO - Processing file /opt/airflow/dags/train_model_lakehouse_dag.py for tasks to queue
[2026-06-03T16:07:09.283+0000] {logging_mixin.py:190} INFO - [2026-06-03T16:07:09.282+0000] {dagbag.py:588} INFO - Filling up the DagBag from /opt/airflow/dags/train_model_lakehouse_dag.py
[2026-06-03T16:07:09.315+0000] {processor.py:925} INFO - DAG(s) 'train_model_lakehouse' retrieved from /opt/airflow/dags/train_model_lakehouse_dag.py
[2026-06-03T16:07:09.431+0000] {logging_mixin.py:190} INFO - [2026-06-03T16:07:09.430+0000] {dag.py:3239} INFO - Sync 1 DAGs
[2026-06-03T16:07:09.473+0000] {logging_mixin.py:190} INFO - [2026-06-03T16:07:09.472+0000] {dag.py:4180} INFO - Setting next_dagrun for train_model_lakehouse to None, run_after=None
[2026-06-03T16:07:09.522+0000] {processor.py:208} INFO - Processing /opt/airflow/dags/train_model_lakehouse_dag.py took 0.266 seconds
[2026-06-03T16:07:39.638+0000] {processor.py:186} INFO - Started process (PID=206) to work on /opt/airflow/dags/train_model_lakehouse_dag.py
[2026-06-03T16:07:39.643+0000] {processor.py:914} INFO - Processing file /opt/airflow/dags/train_model_lakehouse_dag.py for tasks to queue
[2026-06-03T16:07:39.649+0000] {logging_mixin.py:190} INFO - [2026-06-03T16:07:39.648+0000] {dagbag.py:588} INFO - Filling up the DagBag from /opt/airflow/dags/train_model_lakehouse_dag.py
[2026-06-03T16:07:39.682+0000] {processor.py:925} INFO - DAG(s) 'train_model_lakehouse' retrieved from /opt/airflow/dags/train_model_lakehouse_dag.py
[2026-06-03T16:07:39.775+0000] {logging_mixin.py:190} INFO - [2026-06-03T16:07:39.774+0000] {dag.py:3239} INFO - Sync 1 DAGs
[2026-06-03T16:07:39.812+0000] {logging_mixin.py:190} INFO - [2026-06-03T16:07:39.812+0000] {dag.py:4180} INFO - Setting next_dagrun for train_model_lakehouse to None, run_after=None
[2026-06-03T16:07:39.871+0000] {processor.py:208} INFO - Processing /opt/airflow/dags/train_model_lakehouse_dag.py took 0.253 seconds
[2026-06-03T16:08:10.131+0000] {processor.py:186} INFO - Started process (PID=211) to work on /opt/airflow/dags/train_model_lakehouse_dag.py
[2026-06-03T16:08:10.134+0000] {processor.py:914} INFO - Processing file /opt/airflow/dags/train_model_lakehouse_dag.py for tasks to queue
[2026-06-03T16:08:10.143+0000] {logging_mixin.py:190} INFO - [2026-06-03T16:08:10.142+0000] {dagbag.py:588} INFO - Filling up the DagBag from /opt/airflow/dags/train_model_lakehouse_dag.py
[2026-06-03T16:08:10.173+0000] {processor.py:925} INFO - DAG(s) 'train_model_lakehouse' retrieved from /opt/airflow/dags/train_model_lakehouse_dag.py
[2026-06-03T16:08:10.272+0000] {logging_mixin.py:190} INFO - [2026-06-03T16:08:10.271+0000] {dag.py:3239} INFO - Sync 1 DAGs
[2026-06-03T16:08:10.321+0000] {logging_mixin.py:190} INFO - [2026-06-03T16:08:10.320+0000] {dag.py:4180} INFO - Setting next_dagrun for train_model_lakehouse to None, run_after=None
[2026-06-03T16:08:10.407+0000] {processor.py:208} INFO - Processing /opt/airflow/dags/train_model_lakehouse_dag.py took 0.300 seconds
[2026-06-03T16:08:40.794+0000] {processor.py:186} INFO - Started process (PID=216) to work on /opt/airflow/dags/train_model_lakehouse_dag.py
[2026-06-03T16:08:40.824+0000] {processor.py:914} INFO - Processing file /opt/airflow/dags/train_model_lakehouse_dag.py for tasks to queue
[2026-06-03T16:08:40.838+0000] {logging_mixin.py:190} INFO - [2026-06-03T16:08:40.837+0000] {dagbag.py:588} INFO - Filling up the DagBag from /opt/airflow/dags/train_model_lakehouse_dag.py
[2026-06-03T16:08:40.874+0000] {processor.py:925} INFO - DAG(s) 'train_model_lakehouse' retrieved from /opt/airflow/dags/train_model_lakehouse_dag.py
[2026-06-03T16:08:40.977+0000] {logging_mixin.py:190} INFO - [2026-06-03T16:08:40.977+0000] {dag.py:3239} INFO - Sync 1 DAGs
[2026-06-03T16:08:41.027+0000] {logging_mixin.py:190} INFO - [2026-06-03T16:08:41.026+0000] {dag.py:4180} INFO - Setting next_dagrun for train_model_lakehouse to None, run_after=None
[2026-06-03T16:08:41.082+0000] {processor.py:208} INFO - Processing /opt/airflow/dags/train_model_lakehouse_dag.py took 0.310 seconds
[2026-06-03T16:09:11.394+0000] {processor.py:186} INFO - Started process (PID=276) to work on /opt/airflow/dags/train_model_lakehouse_dag.py
[2026-06-03T16:09:11.396+0000] {processor.py:914} INFO - Processing file /opt/airflow/dags/train_model_lakehouse_dag.py for tasks to queue
[2026-06-03T16:09:11.400+0000] {logging_mixin.py:190} INFO - [2026-06-03T16:09:11.400+0000] {dagbag.py:588} INFO - Filling up the DagBag from /opt/airflow/dags/train_model_lakehouse_dag.py
[2026-06-03T16:09:11.422+0000] {processor.py:925} INFO - DAG(s) 'train_model_lakehouse' retrieved from /opt/airflow/dags/train_model_lakehouse_dag.py
[2026-06-03T16:09:11.491+0000] {logging_mixin.py:190} INFO - [2026-06-03T16:09:11.490+0000] {dag.py:3239} INFO - Sync 1 DAGs
[2026-06-03T16:09:11.520+0000] {logging_mixin.py:190} INFO - [2026-06-03T16:09:11.519+0000] {dag.py:4180} INFO - Setting next_dagrun for train_model_lakehouse to None, run_after=None
[2026-06-03T16:09:11.555+0000] {processor.py:208} INFO - Processing /opt/airflow/dags/train_model_lakehouse_dag.py took 0.171 seconds
[2026-06-03T16:09:41.708+0000] {processor.py:186} INFO - Started process (PID=283) to work on /opt/airflow/dags/train_model_lakehouse_dag.py
[2026-06-03T16:09:41.713+0000] {processor.py:914} INFO - Processing file /opt/airflow/dags/train_model_lakehouse_dag.py for tasks to queue
[2026-06-03T16:09:41.720+0000] {logging_mixin.py:190} INFO - [2026-06-03T16:09:41.719+0000] {dagbag.py:588} INFO - Filling up the DagBag from /opt/airflow/dags/train_model_lakehouse_dag.py
[2026-06-03T16:09:41.760+0000] {processor.py:925} INFO - DAG(s) 'train_model_lakehouse' retrieved from /opt/airflow/dags/train_model_lakehouse_dag.py
[2026-06-03T16:09:41.881+0000] {logging_mixin.py:190} INFO - [2026-06-03T16:09:41.880+0000] {dag.py:3239} INFO - Sync 1 DAGs
[2026-06-03T16:09:41.932+0000] {logging_mixin.py:190} INFO - [2026-06-03T16:09:41.932+0000] {dag.py:4180} INFO - Setting next_dagrun for train_model_lakehouse to None, run_after=None
[2026-06-03T16:09:41.989+0000] {processor.py:208} INFO - Processing /opt/airflow/dags/train_model_lakehouse_dag.py took 0.304 seconds
[2026-06-03T16:10:12.258+0000] {processor.py:186} INFO - Started process (PID=288) to work on /opt/airflow/dags/train_model_lakehouse_dag.py
[2026-06-03T16:10:12.262+0000] {processor.py:914} INFO - Processing file /opt/airflow/dags/train_model_lakehouse_dag.py for tasks to queue
[2026-06-03T16:10:12.269+0000] {logging_mixin.py:190} INFO - [2026-06-03T16:10:12.268+0000] {dagbag.py:588} INFO - Filling up the DagBag from /opt/airflow/dags/train_model_lakehouse_dag.py
[2026-06-03T16:10:12.310+0000] {processor.py:925} INFO - DAG(s) 'train_model_lakehouse' retrieved from /opt/airflow/dags/train_model_lakehouse_dag.py
[2026-06-03T16:10:12.440+0000] {logging_mixin.py:190} INFO - [2026-06-03T16:10:12.440+0000] {dag.py:3239} INFO - Sync 1 DAGs
[2026-06-03T16:10:12.489+0000] {logging_mixin.py:190} INFO - [2026-06-03T16:10:12.488+0000] {dag.py:4180} INFO - Setting next_dagrun for train_model_lakehouse to None, run_after=None
[2026-06-03T16:10:12.542+0000] {processor.py:208} INFO - Processing /opt/airflow/dags/train_model_lakehouse_dag.py took 0.306 seconds
[2026-06-03T16:10:42.650+0000] {processor.py:186} INFO - Started process (PID=293) to work on /opt/airflow/dags/train_model_lakehouse_dag.py
[2026-06-03T16:10:42.653+0000] {processor.py:914} INFO - Processing file /opt/airflow/dags/train_model_lakehouse_dag.py for tasks to queue
[2026-06-03T16:10:42.661+0000] {logging_mixin.py:190} INFO - [2026-06-03T16:10:42.660+0000] {dagbag.py:588} INFO - Filling up the DagBag from /opt/airflow/dags/train_model_lakehouse_dag.py
[2026-06-03T16:10:42.701+0000] {processor.py:925} INFO - DAG(s) 'train_model_lakehouse' retrieved from /opt/airflow/dags/train_model_lakehouse_dag.py
[2026-06-03T16:10:42.806+0000] {logging_mixin.py:190} INFO - [2026-06-03T16:10:42.805+0000] {dag.py:3239} INFO - Sync 1 DAGs
[2026-06-03T16:10:42.858+0000] {logging_mixin.py:190} INFO - [2026-06-03T16:10:42.857+0000] {dag.py:4180} INFO - Setting next_dagrun for train_model_lakehouse to None, run_after=None
[2026-06-03T16:10:42.930+0000] {processor.py:208} INFO - Processing /opt/airflow/dags/train_model_lakehouse_dag.py took 0.305 seconds
[2026-06-03T16:11:13.203+0000] {processor.py:186} INFO - Started process (PID=298) to work on /opt/airflow/dags/train_model_lakehouse_dag.py
[2026-06-03T16:11:13.224+0000] {processor.py:914} INFO - Processing file /opt/airflow/dags/train_model_lakehouse_dag.py for tasks to queue
[2026-06-03T16:11:13.232+0000] {logging_mixin.py:190} INFO - [2026-06-03T16:11:13.230+0000] {dagbag.py:588} INFO - Filling up the DagBag from /opt/airflow/dags/train_model_lakehouse_dag.py
[2026-06-03T16:11:13.274+0000] {processor.py:925} INFO - DAG(s) 'train_model_lakehouse' retrieved from /opt/airflow/dags/train_model_lakehouse_dag.py
[2026-06-03T16:11:13.394+0000] {logging_mixin.py:190} INFO - [2026-06-03T16:11:13.393+0000] {dag.py:3239} INFO - Sync 1 DAGs
[2026-06-03T16:11:13.459+0000] {logging_mixin.py:190} INFO - [2026-06-03T16:11:13.458+0000] {dag.py:4180} INFO - Setting next_dagrun for train_model_lakehouse to None, run_after=None
[2026-06-03T16:11:13.551+0000] {processor.py:208} INFO - Processing /opt/airflow/dags/train_model_lakehouse_dag.py took 0.371 seconds
[2026-06-03T16:11:43.932+0000] {processor.py:186} INFO - Started process (PID=303) to work on /opt/airflow/dags/train_model_lakehouse_dag.py
[2026-06-03T16:11:43.953+0000] {processor.py:914} INFO - Processing file /opt/airflow/dags/train_model_lakehouse_dag.py for tasks to queue
[2026-06-03T16:11:43.959+0000] {logging_mixin.py:190} INFO - [2026-06-03T16:11:43.958+0000] {dagbag.py:588} INFO - Filling up the DagBag from /opt/airflow/dags/train_model_lakehouse_dag.py
[2026-06-03T16:11:43.989+0000] {processor.py:925} INFO - DAG(s) 'train_model_lakehouse' retrieved from /opt/airflow/dags/train_model_lakehouse_dag.py
[2026-06-03T16:11:44.095+0000] {logging_mixin.py:190} INFO - [2026-06-03T16:11:44.094+0000] {dag.py:3239} INFO - Sync 1 DAGs
[2026-06-03T16:11:44.149+0000] {logging_mixin.py:190} INFO - [2026-06-03T16:11:44.148+0000] {dag.py:4180} INFO - Setting next_dagrun for train_model_lakehouse to None, run_after=None
[2026-06-03T16:11:44.222+0000] {processor.py:208} INFO - Processing /opt/airflow/dags/train_model_lakehouse_dag.py took 0.313 seconds
[2026-06-03T16:12:14.612+0000] {processor.py:186} INFO - Started process (PID=308) to work on /opt/airflow/dags/train_model_lakehouse_dag.py
[2026-06-03T16:12:14.615+0000] {processor.py:914} INFO - Processing file /opt/airflow/dags/train_model_lakehouse_dag.py for tasks to queue
[2026-06-03T16:12:14.623+0000] {logging_mixin.py:190} INFO - [2026-06-03T16:12:14.621+0000] {dagbag.py:588} INFO - Filling up the DagBag from /opt/airflow/dags/train_model_lakehouse_dag.py
[2026-06-03T16:12:14.660+0000] {processor.py:925} INFO - DAG(s) 'train_model_lakehouse' retrieved from /opt/airflow/dags/train_model_lakehouse_dag.py
[2026-06-03T16:12:14.723+0000] {logging_mixin.py:190} INFO - [2026-06-03T16:12:14.723+0000] {dag.py:3239} INFO - Sync 1 DAGs
[2026-06-03T16:12:14.746+0000] {logging_mixin.py:190} INFO - [2026-06-03T16:12:14.746+0000] {dag.py:4180} INFO - Setting next_dagrun for train_model_lakehouse to None, run_after=None
[2026-06-03T16:12:14.773+0000] {processor.py:208} INFO - Processing /opt/airflow/dags/train_model_lakehouse_dag.py took 0.185 seconds
[2026-06-03T16:12:44.924+0000] {processor.py:186} INFO - Started process (PID=313) to work on /opt/airflow/dags/train_model_lakehouse_dag.py
[2026-06-03T16:12:44.926+0000] {processor.py:914} INFO - Processing file /opt/airflow/dags/train_model_lakehouse_dag.py for tasks to queue
[2026-06-03T16:12:44.935+0000] {logging_mixin.py:190} INFO - [2026-06-03T16:12:44.934+0000] {dagbag.py:588} INFO - Filling up the DagBag from /opt/airflow/dags/train_model_lakehouse_dag.py
[2026-06-03T16:12:44.969+0000] {processor.py:925} INFO - DAG(s) 'train_model_lakehouse' retrieved from /opt/airflow/dags/train_model_lakehouse_dag.py
[2026-06-03T16:12:45.073+0000] {logging_mixin.py:190} INFO - [2026-06-03T16:12:45.073+0000] {dag.py:3239} INFO - Sync 1 DAGs
[2026-06-03T16:12:45.121+0000] {logging_mixin.py:190} INFO - [2026-06-03T16:12:45.120+0000] {dag.py:4180} INFO - Setting next_dagrun for train_model_lakehouse to None, run_after=None
[2026-06-03T16:12:45.190+0000] {processor.py:208} INFO - Processing /opt/airflow/dags/train_model_lakehouse_dag.py took 0.289 seconds
[2026-06-03T16:13:15.441+0000] {processor.py:186} INFO - Started process (PID=318) to work on /opt/airflow/dags/train_model_lakehouse_dag.py
[2026-06-03T16:13:15.449+0000] {processor.py:914} INFO - Processing file /opt/airflow/dags/train_model_lakehouse_dag.py for tasks to queue
[2026-06-03T16:13:15.458+0000] {logging_mixin.py:190} INFO - [2026-06-03T16:13:15.457+0000] {dagbag.py:588} INFO - Filling up the DagBag from /opt/airflow/dags/train_model_lakehouse_dag.py
[2026-06-03T16:13:15.493+0000] {processor.py:925} INFO - DAG(s) 'train_model_lakehouse' retrieved from /opt/airflow/dags/train_model_lakehouse_dag.py
[2026-06-03T16:13:15.594+0000] {logging_mixin.py:190} INFO - [2026-06-03T16:13:15.594+0000] {dag.py:3239} INFO - Sync 1 DAGs
[2026-06-03T16:13:15.619+0000] {logging_mixin.py:190} INFO - [2026-06-03T16:13:15.619+0000] {dag.py:4180} INFO - Setting next_dagrun for train_model_lakehouse to None, run_after=None
[2026-06-03T16:13:15.651+0000] {processor.py:208} INFO - Processing /opt/airflow/dags/train_model_lakehouse_dag.py took 0.233 seconds
[2026-06-03T16:13:45.900+0000] {processor.py:186} INFO - Started process (PID=323) to work on /opt/airflow/dags/train_model_lakehouse_dag.py
[2026-06-03T16:13:45.901+0000] {processor.py:914} INFO - Processing file /opt/airflow/dags/train_model_lakehouse_dag.py for tasks to queue
[2026-06-03T16:13:45.904+0000] {logging_mixin.py:190} INFO - [2026-06-03T16:13:45.904+0000] {dagbag.py:588} INFO - Filling up the DagBag from /opt/airflow/dags/train_model_lakehouse_dag.py
[2026-06-03T16:13:45.919+0000] {processor.py:925} INFO - DAG(s) 'train_model_lakehouse' retrieved from /opt/airflow/dags/train_model_lakehouse_dag.py
[2026-06-03T16:13:45.966+0000] {logging_mixin.py:190} INFO - [2026-06-03T16:13:45.966+0000] {dag.py:3239} INFO - Sync 1 DAGs
[2026-06-03T16:13:45.988+0000] {logging_mixin.py:190} INFO - [2026-06-03T16:13:45.988+0000] {dag.py:4180} INFO - Setting next_dagrun for train_model_lakehouse to None, run_after=None
[2026-06-03T16:13:46.017+0000] {processor.py:208} INFO - Processing /opt/airflow/dags/train_model_lakehouse_dag.py took 0.129 seconds
[2026-06-03T16:14:16.185+0000] {processor.py:186} INFO - Started process (PID=337) to work on /opt/airflow/dags/train_model_lakehouse_dag.py
[2026-06-03T16:14:16.186+0000] {processor.py:914} INFO - Processing file /opt/airflow/dags/train_model_lakehouse_dag.py for tasks to queue
[2026-06-03T16:14:16.189+0000] {logging_mixin.py:190} INFO - [2026-06-03T16:14:16.188+0000] {dagbag.py:588} INFO - Filling up the DagBag from /opt/airflow/dags/train_model_lakehouse_dag.py
[2026-06-03T16:14:16.217+0000] {processor.py:925} INFO - DAG(s) 'train_model_lakehouse' retrieved from /opt/airflow/dags/train_model_lakehouse_dag.py
[2026-06-03T16:14:16.285+0000] {logging_mixin.py:190} INFO - [2026-06-03T16:14:16.284+0000] {dag.py:3239} INFO - Sync 1 DAGs
[2026-06-03T16:14:16.307+0000] {logging_mixin.py:190} INFO - [2026-06-03T16:14:16.306+0000] {dag.py:4180} INFO - Setting next_dagrun for train_model_lakehouse to None, run_after=None
[2026-06-03T16:14:16.329+0000] {processor.py:208} INFO - Processing /opt/airflow/dags/train_model_lakehouse_dag.py took 0.155 seconds
[2026-06-03T16:14:47.005+0000] {processor.py:186} INFO - Started process (PID=423) to work on /opt/airflow/dags/train_model_lakehouse_dag.py
[2026-06-03T16:14:47.018+0000] {processor.py:914} INFO - Processing file /opt/airflow/dags/train_model_lakehouse_dag.py for tasks to queue
[2026-06-03T16:14:47.030+0000] {logging_mixin.py:190} INFO - [2026-06-03T16:14:47.024+0000] {dagbag.py:588} INFO - Filling up the DagBag from /opt/airflow/dags/train_model_lakehouse_dag.py
[2026-06-03T16:14:47.125+0000] {processor.py:925} INFO - DAG(s) 'train_model_lakehouse' retrieved from /opt/airflow/dags/train_model_lakehouse_dag.py
[2026-06-03T16:14:47.639+0000] {logging_mixin.py:190} INFO - [2026-06-03T16:14:47.617+0000] {dag.py:3239} INFO - Sync 1 DAGs
[2026-06-03T16:14:47.700+0000] {logging_mixin.py:190} INFO - [2026-06-03T16:14:47.700+0000] {dag.py:4180} INFO - Setting next_dagrun for train_model_lakehouse to None, run_after=None
[2026-06-03T16:14:48.284+0000] {processor.py:208} INFO - Processing /opt/airflow/dags/train_model_lakehouse_dag.py took 1.334 seconds
[2026-06-03T16:38:09.131+0000] {processor.py:186} INFO - Started process (PID=433) to work on /opt/airflow/dags/train_model_lakehouse_dag.py
[2026-06-03T16:38:09.144+0000] {processor.py:914} INFO - Processing file /opt/airflow/dags/train_model_lakehouse_dag.py for tasks to queue
[2026-06-03T16:38:09.160+0000] {logging_mixin.py:190} INFO - [2026-06-03T16:38:09.157+0000] {dagbag.py:588} INFO - Filling up the DagBag from /opt/airflow/dags/train_model_lakehouse_dag.py
[2026-06-03T16:38:09.542+0000] {processor.py:925} INFO - DAG(s) 'train_model_lakehouse' retrieved from /opt/airflow/dags/train_model_lakehouse_dag.py
[2026-06-03T16:38:10.090+0000] {logging_mixin.py:190} INFO - [2026-06-03T16:38:10.089+0000] {dag.py:3239} INFO - Sync 1 DAGs
[2026-06-03T16:38:10.158+0000] {logging_mixin.py:190} INFO - [2026-06-03T16:38:10.157+0000] {dag.py:4180} INFO - Setting next_dagrun for train_model_lakehouse to None, run_after=None
[2026-06-03T16:38:10.269+0000] {processor.py:208} INFO - Processing /opt/airflow/dags/train_model_lakehouse_dag.py took 1.234 seconds
[2026-06-03T16:50:34.935+0000] {processor.py:186} INFO - Started process (PID=442) to work on /opt/airflow/dags/train_model_lakehouse_dag.py
[2026-06-03T16:50:34.954+0000] {processor.py:914} INFO - Processing file /opt/airflow/dags/train_model_lakehouse_dag.py for tasks to queue
[2026-06-03T16:50:35.119+0000] {logging_mixin.py:190} INFO - [2026-06-03T16:50:35.111+0000] {dagbag.py:588} INFO - Filling up the DagBag from /opt/airflow/dags/train_model_lakehouse_dag.py
[2026-06-03T16:50:35.548+0000] {processor.py:925} INFO - DAG(s) 'train_model_lakehouse' retrieved from /opt/airflow/dags/train_model_lakehouse_dag.py
[2026-06-03T16:50:37.937+0000] {logging_mixin.py:190} INFO - [2026-06-03T16:50:37.933+0000] {taskinstance.py:3313} ERROR - {'DAG Id': 'train_model_lakehouse', 'Task Id': 'train_model', 'Run Id': 'manual__2026-06-03T16:08:43.100861+00:00', 'Hostname': 'c1f40ae5df0c'}
[2026-06-03T16:50:40.131+0000] {logging_mixin.py:190} INFO - [2026-06-03T16:50:40.131+0000] {taskinstance.py:1225} INFO - Marking task as FAILED. dag_id=train_model_lakehouse, task_id=train_model, run_id=manual__2026-06-03T16:08:43.100861+00:00, execution_date=20260603T160843, start_date=20260603T160844, end_date=20260603T165037
[2026-06-03T16:50:40.222+0000] {logging_mixin.py:190} INFO - [2026-06-03T16:50:40.221+0000] {processor.py:876} INFO - Executed callback for <TaskInstance: train_model_lakehouse.train_model manual__2026-06-03T16:08:43.100861+00:00 [failed]> in state failed
[2026-06-03T16:50:40.290+0000] {logging_mixin.py:190} INFO - [2026-06-03T16:50:40.290+0000] {dag.py:3239} INFO - Sync 1 DAGs
[2026-06-03T16:50:40.342+0000] {logging_mixin.py:190} INFO - [2026-06-03T16:50:40.342+0000] {dag.py:4180} INFO - Setting next_dagrun for train_model_lakehouse to None, run_after=None
[2026-06-03T16:50:40.370+0000] {processor.py:208} INFO - Processing /opt/airflow/dags/train_model_lakehouse_dag.py took 6.472 seconds
[2026-06-03T16:51:10.477+0000] {processor.py:186} INFO - Started process (PID=488) to work on /opt/airflow/dags/train_model_lakehouse_dag.py
[2026-06-03T16:51:10.479+0000] {processor.py:914} INFO - Processing file /opt/airflow/dags/train_model_lakehouse_dag.py for tasks to queue
[2026-06-03T16:51:10.483+0000] {logging_mixin.py:190} INFO - [2026-06-03T16:51:10.483+0000] {dagbag.py:588} INFO - Filling up the DagBag from /opt/airflow/dags/train_model_lakehouse_dag.py
[2026-06-03T16:51:10.504+0000] {processor.py:925} INFO - DAG(s) 'train_model_lakehouse' retrieved from /opt/airflow/dags/train_model_lakehouse_dag.py
[2026-06-03T16:51:10.547+0000] {logging_mixin.py:190} INFO - [2026-06-03T16:51:10.547+0000] {dag.py:3239} INFO - Sync 1 DAGs
[2026-06-03T16:51:10.562+0000] {logging_mixin.py:190} INFO - [2026-06-03T16:51:10.562+0000] {dag.py:4180} INFO - Setting next_dagrun for train_model_lakehouse to None, run_after=None
[2026-06-03T16:51:10.579+0000] {processor.py:208} INFO - Processing /opt/airflow/dags/train_model_lakehouse_dag.py took 0.124 seconds
[2026-06-03T16:51:40.672+0000] {processor.py:186} INFO - Started process (PID=493) to work on /opt/airflow/dags/train_model_lakehouse_dag.py
[2026-06-03T16:51:40.673+0000] {processor.py:914} INFO - Processing file /opt/airflow/dags/train_model_lakehouse_dag.py for tasks to queue
[2026-06-03T16:51:40.677+0000] {logging_mixin.py:190} INFO - [2026-06-03T16:51:40.677+0000] {dagbag.py:588} INFO - Filling up the DagBag from /opt/airflow/dags/train_model_lakehouse_dag.py
[2026-06-03T16:51:40.693+0000] {processor.py:925} INFO - DAG(s) 'train_model_lakehouse' retrieved from /opt/airflow/dags/train_model_lakehouse_dag.py
[2026-06-03T16:51:40.732+0000] {logging_mixin.py:190} INFO - [2026-06-03T16:51:40.731+0000] {dag.py:3239} INFO - Sync 1 DAGs
[2026-06-03T16:51:40.747+0000] {logging_mixin.py:190} INFO - [2026-06-03T16:51:40.746+0000] {dag.py:4180} INFO - Setting next_dagrun for train_model_lakehouse to None, run_after=None
[2026-06-03T16:51:40.765+0000] {processor.py:208} INFO - Processing /opt/airflow/dags/train_model_lakehouse_dag.py took 0.101 seconds
[2026-06-03T16:52:11.054+0000] {processor.py:186} INFO - Started process (PID=498) to work on /opt/airflow/dags/train_model_lakehouse_dag.py
[2026-06-03T16:52:11.057+0000] {processor.py:914} INFO - Processing file /opt/airflow/dags/train_model_lakehouse_dag.py for tasks to queue
[2026-06-03T16:52:11.060+0000] {logging_mixin.py:190} INFO - [2026-06-03T16:52:11.059+0000] {dagbag.py:588} INFO - Filling up the DagBag from /opt/airflow/dags/train_model_lakehouse_dag.py
[2026-06-03T16:52:11.072+0000] {processor.py:925} INFO - DAG(s) 'train_model_lakehouse' retrieved from /opt/airflow/dags/train_model_lakehouse_dag.py
[2026-06-03T16:52:11.103+0000] {logging_mixin.py:190} INFO - [2026-06-03T16:52:11.103+0000] {dag.py:3239} INFO - Sync 1 DAGs
[2026-06-03T16:52:11.117+0000] {logging_mixin.py:190} INFO - [2026-06-03T16:52:11.116+0000] {dag.py:4180} INFO - Setting next_dagrun for train_model_lakehouse to None, run_after=None
[2026-06-03T16:52:11.139+0000] {processor.py:208} INFO - Processing /opt/airflow/dags/train_model_lakehouse_dag.py took 0.094 seconds
[2026-06-03T16:52:41.346+0000] {processor.py:186} INFO - Started process (PID=503) to work on /opt/airflow/dags/train_model_lakehouse_dag.py
[2026-06-03T16:52:41.353+0000] {processor.py:914} INFO - Processing file /opt/airflow/dags/train_model_lakehouse_dag.py for tasks to queue
[2026-06-03T16:52:41.356+0000] {logging_mixin.py:190} INFO - [2026-06-03T16:52:41.356+0000] {dagbag.py:588} INFO - Filling up the DagBag from /opt/airflow/dags/train_model_lakehouse_dag.py
[2026-06-03T16:52:41.367+0000] {processor.py:925} INFO - DAG(s) 'train_model_lakehouse' retrieved from /opt/airflow/dags/train_model_lakehouse_dag.py
[2026-06-03T16:52:41.399+0000] {logging_mixin.py:190} INFO - [2026-06-03T16:52:41.399+0000] {dag.py:3239} INFO - Sync 1 DAGs
[2026-06-03T16:52:41.413+0000] {logging_mixin.py:190} INFO - [2026-06-03T16:52:41.413+0000] {dag.py:4180} INFO - Setting next_dagrun for train_model_lakehouse to None, run_after=None
[2026-06-03T16:52:41.433+0000] {processor.py:208} INFO - Processing /opt/airflow/dags/train_model_lakehouse_dag.py took 0.106 seconds
[2026-06-03T16:53:11.664+0000] {processor.py:186} INFO - Started process (PID=508) to work on /opt/airflow/dags/train_model_lakehouse_dag.py
[2026-06-03T16:53:11.665+0000] {processor.py:914} INFO - Processing file /opt/airflow/dags/train_model_lakehouse_dag.py for tasks to queue
[2026-06-03T16:53:11.670+0000] {logging_mixin.py:190} INFO - [2026-06-03T16:53:11.669+0000] {dagbag.py:588} INFO - Filling up the DagBag from /opt/airflow/dags/train_model_lakehouse_dag.py
[2026-06-03T16:53:11.682+0000] {processor.py:925} INFO - DAG(s) 'train_model_lakehouse' retrieved from /opt/airflow/dags/train_model_lakehouse_dag.py
[2026-06-03T16:53:11.711+0000] {logging_mixin.py:190} INFO - [2026-06-03T16:53:11.711+0000] {dag.py:3239} INFO - Sync 1 DAGs
[2026-06-03T16:53:11.724+0000] {logging_mixin.py:190} INFO - [2026-06-03T16:53:11.724+0000] {dag.py:4180} INFO - Setting next_dagrun for train_model_lakehouse to None, run_after=None
[2026-06-03T16:53:11.741+0000] {processor.py:208} INFO - Processing /opt/airflow/dags/train_model_lakehouse_dag.py took 0.097 seconds
[2026-06-03T16:53:41.965+0000] {processor.py:186} INFO - Started process (PID=513) to work on /opt/airflow/dags/train_model_lakehouse_dag.py
[2026-06-03T16:53:41.967+0000] {processor.py:914} INFO - Processing file /opt/airflow/dags/train_model_lakehouse_dag.py for tasks to queue
[2026-06-03T16:53:41.971+0000] {logging_mixin.py:190} INFO - [2026-06-03T16:53:41.970+0000] {dagbag.py:588} INFO - Filling up the DagBag from /opt/airflow/dags/train_model_lakehouse_dag.py
[2026-06-03T16:53:41.982+0000] {processor.py:925} INFO - DAG(s) 'train_model_lakehouse' retrieved from /opt/airflow/dags/train_model_lakehouse_dag.py
[2026-06-03T16:53:42.017+0000] {logging_mixin.py:190} INFO - [2026-06-03T16:53:42.016+0000] {dag.py:3239} INFO - Sync 1 DAGs
[2026-06-03T16:53:42.033+0000] {logging_mixin.py:190} INFO - [2026-06-03T16:53:42.032+0000] {dag.py:4180} INFO - Setting next_dagrun for train_model_lakehouse to None, run_after=None
[2026-06-03T16:53:42.051+0000] {processor.py:208} INFO - Processing /opt/airflow/dags/train_model_lakehouse_dag.py took 0.103 seconds
[2026-06-03T16:54:12.248+0000] {processor.py:186} INFO - Started process (PID=518) to work on /opt/airflow/dags/train_model_lakehouse_dag.py
[2026-06-03T16:54:12.249+0000] {processor.py:914} INFO - Processing file /opt/airflow/dags/train_model_lakehouse_dag.py for tasks to queue
[2026-06-03T16:54:12.253+0000] {logging_mixin.py:190} INFO - [2026-06-03T16:54:12.253+0000] {dagbag.py:588} INFO - Filling up the DagBag from /opt/airflow/dags/train_model_lakehouse_dag.py
[2026-06-03T16:54:12.264+0000] {processor.py:925} INFO - DAG(s) 'train_model_lakehouse' retrieved from /opt/airflow/dags/train_model_lakehouse_dag.py
[2026-06-03T16:54:12.297+0000] {logging_mixin.py:190} INFO - [2026-06-03T16:54:12.297+0000] {dag.py:3239} INFO - Sync 1 DAGs
[2026-06-03T16:54:12.312+0000] {logging_mixin.py:190} INFO - [2026-06-03T16:54:12.312+0000] {dag.py:4180} INFO - Setting next_dagrun for train_model_lakehouse to None, run_after=None
[2026-06-03T16:54:12.340+0000] {processor.py:208} INFO - Processing /opt/airflow/dags/train_model_lakehouse_dag.py took 0.106 seconds
[2026-06-03T16:54:42.525+0000] {processor.py:186} INFO - Started process (PID=523) to work on /opt/airflow/dags/train_model_lakehouse_dag.py
[2026-06-03T16:54:42.529+0000] {processor.py:914} INFO - Processing file /opt/airflow/dags/train_model_lakehouse_dag.py for tasks to queue
[2026-06-03T16:54:42.532+0000] {logging_mixin.py:190} INFO - [2026-06-03T16:54:42.532+0000] {dagbag.py:588} INFO - Filling up the DagBag from /opt/airflow/dags/train_model_lakehouse_dag.py
[2026-06-03T16:54:42.543+0000] {processor.py:925} INFO - DAG(s) 'train_model_lakehouse' retrieved from /opt/airflow/dags/train_model_lakehouse_dag.py
[2026-06-03T16:54:42.573+0000] {logging_mixin.py:190} INFO - [2026-06-03T16:54:42.573+0000] {dag.py:3239} INFO - Sync 1 DAGs
[2026-06-03T16:54:42.587+0000] {logging_mixin.py:190} INFO - [2026-06-03T16:54:42.586+0000] {dag.py:4180} INFO - Setting next_dagrun for train_model_lakehouse to None, run_after=None
[2026-06-03T16:54:42.609+0000] {processor.py:208} INFO - Processing /opt/airflow/dags/train_model_lakehouse_dag.py took 0.091 seconds
[2026-06-03T16:55:12.836+0000] {processor.py:186} INFO - Started process (PID=528) to work on /opt/airflow/dags/train_model_lakehouse_dag.py
[2026-06-03T16:55:12.837+0000] {processor.py:914} INFO - Processing file /opt/airflow/dags/train_model_lakehouse_dag.py for tasks to queue
[2026-06-03T16:55:12.840+0000] {logging_mixin.py:190} INFO - [2026-06-03T16:55:12.839+0000] {dagbag.py:588} INFO - Filling up the DagBag from /opt/airflow/dags/train_model_lakehouse_dag.py
[2026-06-03T16:55:12.851+0000] {processor.py:925} INFO - DAG(s) 'train_model_lakehouse' retrieved from /opt/airflow/dags/train_model_lakehouse_dag.py
[2026-06-03T16:55:12.883+0000] {logging_mixin.py:190} INFO - [2026-06-03T16:55:12.883+0000] {dag.py:3239} INFO - Sync 1 DAGs
[2026-06-03T16:55:12.900+0000] {logging_mixin.py:190} INFO - [2026-06-03T16:55:12.900+0000] {dag.py:4180} INFO - Setting next_dagrun for train_model_lakehouse to None, run_after=None
[2026-06-03T16:55:12.918+0000] {processor.py:208} INFO - Processing /opt/airflow/dags/train_model_lakehouse_dag.py took 0.094 seconds
[2026-06-03T16:55:43.129+0000] {processor.py:186} INFO - Started process (PID=533) to work on /opt/airflow/dags/train_model_lakehouse_dag.py
[2026-06-03T16:55:43.132+0000] {processor.py:914} INFO - Processing file /opt/airflow/dags/train_model_lakehouse_dag.py for tasks to queue
[2026-06-03T16:55:43.135+0000] {logging_mixin.py:190} INFO - [2026-06-03T16:55:43.135+0000] {dagbag.py:588} INFO - Filling up the DagBag from /opt/airflow/dags/train_model_lakehouse_dag.py
[2026-06-03T16:55:43.146+0000] {processor.py:925} INFO - DAG(s) 'train_model_lakehouse' retrieved from /opt/airflow/dags/train_model_lakehouse_dag.py
[2026-06-03T16:55:43.179+0000] {logging_mixin.py:190} INFO - [2026-06-03T16:55:43.179+0000] {dag.py:3239} INFO - Sync 1 DAGs
[2026-06-03T16:55:43.195+0000] {logging_mixin.py:190} INFO - [2026-06-03T16:55:43.194+0000] {dag.py:4180} INFO - Setting next_dagrun for train_model_lakehouse to None, run_after=None
[2026-06-03T16:55:43.217+0000] {processor.py:208} INFO - Processing /opt/airflow/dags/train_model_lakehouse_dag.py took 0.099 seconds
[2026-06-03T16:56:13.415+0000] {processor.py:186} INFO - Started process (PID=538) to work on /opt/airflow/dags/train_model_lakehouse_dag.py
[2026-06-03T16:56:13.416+0000] {processor.py:914} INFO - Processing file /opt/airflow/dags/train_model_lakehouse_dag.py for tasks to queue
[2026-06-03T16:56:13.420+0000] {logging_mixin.py:190} INFO - [2026-06-03T16:56:13.419+0000] {dagbag.py:588} INFO - Filling up the DagBag from /opt/airflow/dags/train_model_lakehouse_dag.py
[2026-06-03T16:56:13.432+0000] {processor.py:925} INFO - DAG(s) 'train_model_lakehouse' retrieved from /opt/airflow/dags/train_model_lakehouse_dag.py
[2026-06-03T16:56:13.462+0000] {logging_mixin.py:190} INFO - [2026-06-03T16:56:13.462+0000] {dag.py:3239} INFO - Sync 1 DAGs
[2026-06-03T16:56:13.476+0000] {logging_mixin.py:190} INFO - [2026-06-03T16:56:13.476+0000] {dag.py:4180} INFO - Setting next_dagrun for train_model_lakehouse to None, run_after=None
[2026-06-03T16:56:13.498+0000] {processor.py:208} INFO - Processing /opt/airflow/dags/train_model_lakehouse_dag.py took 0.102 seconds
[2026-06-03T16:56:43.695+0000] {processor.py:186} INFO - Started process (PID=543) to work on /opt/airflow/dags/train_model_lakehouse_dag.py
[2026-06-03T16:56:43.696+0000] {processor.py:914} INFO - Processing file /opt/airflow/dags/train_model_lakehouse_dag.py for tasks to queue
[2026-06-03T16:56:43.699+0000] {logging_mixin.py:190} INFO - [2026-06-03T16:56:43.699+0000] {dagbag.py:588} INFO - Filling up the DagBag from /opt/airflow/dags/train_model_lakehouse_dag.py
[2026-06-03T16:56:43.710+0000] {processor.py:925} INFO - DAG(s) 'train_model_lakehouse' retrieved from /opt/airflow/dags/train_model_lakehouse_dag.py
[2026-06-03T16:56:43.742+0000] {logging_mixin.py:190} INFO - [2026-06-03T16:56:43.742+0000] {dag.py:3239} INFO - Sync 1 DAGs
[2026-06-03T16:56:43.757+0000] {logging_mixin.py:190} INFO - [2026-06-03T16:56:43.757+0000] {dag.py:4180} INFO - Setting next_dagrun for train_model_lakehouse to None, run_after=None
[2026-06-03T16:56:43.776+0000] {processor.py:208} INFO - Processing /opt/airflow/dags/train_model_lakehouse_dag.py took 0.088 seconds
[2026-06-03T16:57:14.008+0000] {processor.py:186} INFO - Started process (PID=548) to work on /opt/airflow/dags/train_model_lakehouse_dag.py
[2026-06-03T16:57:14.009+0000] {processor.py:914} INFO - Processing file /opt/airflow/dags/train_model_lakehouse_dag.py for tasks to queue
[2026-06-03T16:57:14.012+0000] {logging_mixin.py:190} INFO - [2026-06-03T16:57:14.011+0000] {dagbag.py:588} INFO - Filling up the DagBag from /opt/airflow/dags/train_model_lakehouse_dag.py
[2026-06-03T16:57:14.023+0000] {processor.py:925} INFO - DAG(s) 'train_model_lakehouse' retrieved from /opt/airflow/dags/train_model_lakehouse_dag.py
[2026-06-03T16:57:14.055+0000] {logging_mixin.py:190} INFO - [2026-06-03T16:57:14.054+0000] {dag.py:3239} INFO - Sync 1 DAGs
[2026-06-03T16:57:14.070+0000] {logging_mixin.py:190} INFO - [2026-06-03T16:57:14.070+0000] {dag.py:4180} INFO - Setting next_dagrun for train_model_lakehouse to None, run_after=None
[2026-06-03T16:57:14.091+0000] {processor.py:208} INFO - Processing /opt/airflow/dags/train_model_lakehouse_dag.py took 0.096 seconds
[2026-06-03T16:57:44.285+0000] {processor.py:186} INFO - Started process (PID=553) to work on /opt/airflow/dags/train_model_lakehouse_dag.py
[2026-06-03T16:57:44.286+0000] {processor.py:914} INFO - Processing file /opt/airflow/dags/train_model_lakehouse_dag.py for tasks to queue
[2026-06-03T16:57:44.290+0000] {logging_mixin.py:190} INFO - [2026-06-03T16:57:44.290+0000] {dagbag.py:588} INFO - Filling up the DagBag from /opt/airflow/dags/train_model_lakehouse_dag.py
[2026-06-03T16:57:44.302+0000] {processor.py:925} INFO - DAG(s) 'train_model_lakehouse' retrieved from /opt/airflow/dags/train_model_lakehouse_dag.py
[2026-06-03T16:57:44.335+0000] {logging_mixin.py:190} INFO - [2026-06-03T16:57:44.335+0000] {dag.py:3239} INFO - Sync 1 DAGs
[2026-06-03T16:57:44.352+0000] {logging_mixin.py:190} INFO - [2026-06-03T16:57:44.352+0000] {dag.py:4180} INFO - Setting next_dagrun for train_model_lakehouse to None, run_after=None
[2026-06-03T16:57:44.370+0000] {processor.py:208} INFO - Processing /opt/airflow/dags/train_model_lakehouse_dag.py took 0.102 seconds
[2026-06-03T16:58:14.597+0000] {processor.py:186} INFO - Started process (PID=558) to work on /opt/airflow/dags/train_model_lakehouse_dag.py
[2026-06-03T16:58:14.601+0000] {processor.py:914} INFO - Processing file /opt/airflow/dags/train_model_lakehouse_dag.py for tasks to queue
[2026-06-03T16:58:14.604+0000] {logging_mixin.py:190} INFO - [2026-06-03T16:58:14.603+0000] {dagbag.py:588} INFO - Filling up the DagBag from /opt/airflow/dags/train_model_lakehouse_dag.py
[2026-06-03T16:58:14.615+0000] {processor.py:925} INFO - DAG(s) 'train_model_lakehouse' retrieved from /opt/airflow/dags/train_model_lakehouse_dag.py
[2026-06-03T16:58:14.649+0000] {logging_mixin.py:190} INFO - [2026-06-03T16:58:14.649+0000] {dag.py:3239} INFO - Sync 1 DAGs
[2026-06-03T16:58:14.666+0000] {logging_mixin.py:190} INFO - [2026-06-03T16:58:14.666+0000] {dag.py:4180} INFO - Setting next_dagrun for train_model_lakehouse to None, run_after=None
[2026-06-03T16:58:14.686+0000] {processor.py:208} INFO - Processing /opt/airflow/dags/train_model_lakehouse_dag.py took 0.099 seconds
[2026-06-03T16:58:44.879+0000] {processor.py:186} INFO - Started process (PID=563) to work on /opt/airflow/dags/train_model_lakehouse_dag.py
[2026-06-03T16:58:44.880+0000] {processor.py:914} INFO - Processing file /opt/airflow/dags/train_model_lakehouse_dag.py for tasks to queue
[2026-06-03T16:58:44.883+0000] {logging_mixin.py:190} INFO - [2026-06-03T16:58:44.883+0000] {dagbag.py:588} INFO - Filling up the DagBag from /opt/airflow/dags/train_model_lakehouse_dag.py
[2026-06-03T16:58:44.896+0000] {processor.py:925} INFO - DAG(s) 'train_model_lakehouse' retrieved from /opt/airflow/dags/train_model_lakehouse_dag.py
[2026-06-03T16:58:44.930+0000] {logging_mixin.py:190} INFO - [2026-06-03T16:58:44.930+0000] {dag.py:3239} INFO - Sync 1 DAGs
[2026-06-03T16:58:44.946+0000] {logging_mixin.py:190} INFO - [2026-06-03T16:58:44.946+0000] {dag.py:4180} INFO - Setting next_dagrun for train_model_lakehouse to None, run_after=None
[2026-06-03T16:58:44.967+0000] {processor.py:208} INFO - Processing /opt/airflow/dags/train_model_lakehouse_dag.py took 0.102 seconds
[2026-06-03T16:59:15.184+0000] {processor.py:186} INFO - Started process (PID=568) to work on /opt/airflow/dags/train_model_lakehouse_dag.py
[2026-06-03T16:59:15.189+0000] {processor.py:914} INFO - Processing file /opt/airflow/dags/train_model_lakehouse_dag.py for tasks to queue
[2026-06-03T16:59:15.192+0000] {logging_mixin.py:190} INFO - [2026-06-03T16:59:15.191+0000] {dagbag.py:588} INFO - Filling up the DagBag from /opt/airflow/dags/train_model_lakehouse_dag.py
[2026-06-03T16:59:15.203+0000] {processor.py:925} INFO - DAG(s) 'train_model_lakehouse' retrieved from /opt/airflow/dags/train_model_lakehouse_dag.py
[2026-06-03T16:59:15.237+0000] {logging_mixin.py:190} INFO - [2026-06-03T16:59:15.237+0000] {dag.py:3239} INFO - Sync 1 DAGs
[2026-06-03T16:59:15.253+0000] {logging_mixin.py:190} INFO - [2026-06-03T16:59:15.252+0000] {dag.py:4180} INFO - Setting next_dagrun for train_model_lakehouse to None, run_after=None
[2026-06-03T16:59:15.275+0000] {processor.py:208} INFO - Processing /opt/airflow/dags/train_model_lakehouse_dag.py took 0.110 seconds
[2026-06-03T16:59:45.511+0000] {processor.py:186} INFO - Started process (PID=580) to work on /opt/airflow/dags/train_model_lakehouse_dag.py
[2026-06-03T16:59:45.512+0000] {processor.py:914} INFO - Processing file /opt/airflow/dags/train_model_lakehouse_dag.py for tasks to queue
[2026-06-03T16:59:45.516+0000] {logging_mixin.py:190} INFO - [2026-06-03T16:59:45.515+0000] {dagbag.py:588} INFO - Filling up the DagBag from /opt/airflow/dags/train_model_lakehouse_dag.py
[2026-06-03T16:59:45.527+0000] {processor.py:925} INFO - DAG(s) 'train_model_lakehouse' retrieved from /opt/airflow/dags/train_model_lakehouse_dag.py
[2026-06-03T16:59:45.558+0000] {logging_mixin.py:190} INFO - [2026-06-03T16:59:45.558+0000] {dag.py:3239} INFO - Sync 1 DAGs
[2026-06-03T16:59:45.573+0000] {logging_mixin.py:190} INFO - [2026-06-03T16:59:45.572+0000] {dag.py:4180} INFO - Setting next_dagrun for train_model_lakehouse to None, run_after=None
[2026-06-03T16:59:45.589+0000] {processor.py:208} INFO - Processing /opt/airflow/dags/train_model_lakehouse_dag.py took 0.097 seconds
[2026-06-03T17:00:15.799+0000] {processor.py:186} INFO - Started process (PID=585) to work on /opt/airflow/dags/train_model_lakehouse_dag.py
[2026-06-03T17:00:15.804+0000] {processor.py:914} INFO - Processing file /opt/airflow/dags/train_model_lakehouse_dag.py for tasks to queue
[2026-06-03T17:00:15.807+0000] {logging_mixin.py:190} INFO - [2026-06-03T17:00:15.806+0000] {dagbag.py:588} INFO - Filling up the DagBag from /opt/airflow/dags/train_model_lakehouse_dag.py
[2026-06-03T17:00:15.818+0000] {processor.py:925} INFO - DAG(s) 'train_model_lakehouse' retrieved from /opt/airflow/dags/train_model_lakehouse_dag.py
[2026-06-03T17:00:15.850+0000] {logging_mixin.py:190} INFO - [2026-06-03T17:00:15.849+0000] {dag.py:3239} INFO - Sync 1 DAGs
[2026-06-03T17:00:15.863+0000] {logging_mixin.py:190} INFO - [2026-06-03T17:00:15.863+0000] {dag.py:4180} INFO - Setting next_dagrun for train_model_lakehouse to None, run_after=None
[2026-06-03T17:00:15.883+0000] {processor.py:208} INFO - Processing /opt/airflow/dags/train_model_lakehouse_dag.py took 0.100 seconds
[2026-06-03T17:00:46.102+0000] {processor.py:186} INFO - Started process (PID=590) to work on /opt/airflow/dags/train_model_lakehouse_dag.py
[2026-06-03T17:00:46.102+0000] {processor.py:914} INFO - Processing file /opt/airflow/dags/train_model_lakehouse_dag.py for tasks to queue
[2026-06-03T17:00:46.106+0000] {logging_mixin.py:190} INFO - [2026-06-03T17:00:46.106+0000] {dagbag.py:588} INFO - Filling up the DagBag from /opt/airflow/dags/train_model_lakehouse_dag.py
[2026-06-03T17:00:46.118+0000] {processor.py:925} INFO - DAG(s) 'train_model_lakehouse' retrieved from /opt/airflow/dags/train_model_lakehouse_dag.py
[2026-06-03T17:00:46.154+0000] {logging_mixin.py:190} INFO - [2026-06-03T17:00:46.154+0000] {dag.py:3239} INFO - Sync 1 DAGs
[2026-06-03T17:00:46.171+0000] {logging_mixin.py:190} INFO - [2026-06-03T17:00:46.171+0000] {dag.py:4180} INFO - Setting next_dagrun for train_model_lakehouse to None, run_after=None
[2026-06-03T17:00:46.192+0000] {processor.py:208} INFO - Processing /opt/airflow/dags/train_model_lakehouse_dag.py took 0.101 seconds
[2026-06-03T17:01:16.369+0000] {processor.py:186} INFO - Started process (PID=595) to work on /opt/airflow/dags/train_model_lakehouse_dag.py
[2026-06-03T17:01:16.372+0000] {processor.py:914} INFO - Processing file /opt/airflow/dags/train_model_lakehouse_dag.py for tasks to queue
[2026-06-03T17:01:16.376+0000] {logging_mixin.py:190} INFO - [2026-06-03T17:01:16.375+0000] {dagbag.py:588} INFO - Filling up the DagBag from /opt/airflow/dags/train_model_lakehouse_dag.py
[2026-06-03T17:01:16.387+0000] {processor.py:925} INFO - DAG(s) 'train_model_lakehouse' retrieved from /opt/airflow/dags/train_model_lakehouse_dag.py
[2026-06-03T17:01:16.421+0000] {logging_mixin.py:190} INFO - [2026-06-03T17:01:16.421+0000] {dag.py:3239} INFO - Sync 1 DAGs
[2026-06-03T17:01:16.437+0000] {logging_mixin.py:190} INFO - [2026-06-03T17:01:16.437+0000] {dag.py:4180} INFO - Setting next_dagrun for train_model_lakehouse to None, run_after=None
[2026-06-03T17:01:16.459+0000] {processor.py:208} INFO - Processing /opt/airflow/dags/train_model_lakehouse_dag.py took 0.100 seconds
[2026-06-03T17:01:44.670+0000] {processor.py:186} INFO - Started process (PID=600) to work on /opt/airflow/dags/train_model_lakehouse_dag.py
[2026-06-03T17:01:44.671+0000] {processor.py:914} INFO - Processing file /opt/airflow/dags/train_model_lakehouse_dag.py for tasks to queue
[2026-06-03T17:01:44.675+0000] {logging_mixin.py:190} INFO - [2026-06-03T17:01:44.675+0000] {dagbag.py:588} INFO - Filling up the DagBag from /opt/airflow/dags/train_model_lakehouse_dag.py
[2026-06-03T17:01:44.688+0000] {processor.py:925} INFO - DAG(s) 'train_model_lakehouse' retrieved from /opt/airflow/dags/train_model_lakehouse_dag.py
[2026-06-03T17:01:44.724+0000] {logging_mixin.py:190} INFO - [2026-06-03T17:01:44.724+0000] {dag.py:3239} INFO - Sync 1 DAGs
[2026-06-03T17:01:44.740+0000] {logging_mixin.py:190} INFO - [2026-06-03T17:01:44.739+0000] {dag.py:4180} INFO - Setting next_dagrun for train_model_lakehouse to None, run_after=None
[2026-06-03T17:01:44.767+0000] {processor.py:208} INFO - Processing /opt/airflow/dags/train_model_lakehouse_dag.py took 0.106 seconds
[2026-06-03T17:02:14.971+0000] {processor.py:186} INFO - Started process (PID=657) to work on /opt/airflow/dags/train_model_lakehouse_dag.py
[2026-06-03T17:02:14.976+0000] {processor.py:914} INFO - Processing file /opt/airflow/dags/train_model_lakehouse_dag.py for tasks to queue
[2026-06-03T17:02:14.980+0000] {logging_mixin.py:190} INFO - [2026-06-03T17:02:14.979+0000] {dagbag.py:588} INFO - Filling up the DagBag from /opt/airflow/dags/train_model_lakehouse_dag.py
[2026-06-03T17:02:14.991+0000] {processor.py:925} INFO - DAG(s) 'train_model_lakehouse' retrieved from /opt/airflow/dags/train_model_lakehouse_dag.py
[2026-06-03T17:02:15.023+0000] {logging_mixin.py:190} INFO - [2026-06-03T17:02:15.023+0000] {dag.py:3239} INFO - Sync 1 DAGs
[2026-06-03T17:02:15.038+0000] {logging_mixin.py:190} INFO - [2026-06-03T17:02:15.038+0000] {dag.py:4180} INFO - Setting next_dagrun for train_model_lakehouse to None, run_after=None
[2026-06-03T17:02:15.057+0000] {processor.py:208} INFO - Processing /opt/airflow/dags/train_model_lakehouse_dag.py took 0.105 seconds
[2026-06-03T17:02:45.276+0000] {processor.py:186} INFO - Started process (PID=669) to work on /opt/airflow/dags/train_model_lakehouse_dag.py
[2026-06-03T17:02:45.277+0000] {processor.py:914} INFO - Processing file /opt/airflow/dags/train_model_lakehouse_dag.py for tasks to queue
[2026-06-03T17:02:45.280+0000] {logging_mixin.py:190} INFO - [2026-06-03T17:02:45.280+0000] {dagbag.py:588} INFO - Filling up the DagBag from /opt/airflow/dags/train_model_lakehouse_dag.py
[2026-06-03T17:02:45.291+0000] {processor.py:925} INFO - DAG(s) 'train_model_lakehouse' retrieved from /opt/airflow/dags/train_model_lakehouse_dag.py
[2026-06-03T17:02:45.323+0000] {logging_mixin.py:190} INFO - [2026-06-03T17:02:45.323+0000] {dag.py:3239} INFO - Sync 1 DAGs
[2026-06-03T17:02:45.337+0000] {logging_mixin.py:190} INFO - [2026-06-03T17:02:45.337+0000] {dag.py:4180} INFO - Setting next_dagrun for train_model_lakehouse to None, run_after=None
[2026-06-03T17:02:45.359+0000] {processor.py:208} INFO - Processing /opt/airflow/dags/train_model_lakehouse_dag.py took 0.090 seconds
[2026-06-03T17:03:15.571+0000] {processor.py:186} INFO - Started process (PID=674) to work on /opt/airflow/dags/train_model_lakehouse_dag.py
[2026-06-03T17:03:15.576+0000] {processor.py:914} INFO - Processing file /opt/airflow/dags/train_model_lakehouse_dag.py for tasks to queue
[2026-06-03T17:03:15.580+0000] {logging_mixin.py:190} INFO - [2026-06-03T17:03:15.580+0000] {dagbag.py:588} INFO - Filling up the DagBag from /opt/airflow/dags/train_model_lakehouse_dag.py
[2026-06-03T17:03:15.593+0000] {processor.py:925} INFO - DAG(s) 'train_model_lakehouse' retrieved from /opt/airflow/dags/train_model_lakehouse_dag.py
[2026-06-03T17:03:15.628+0000] {logging_mixin.py:190} INFO - [2026-06-03T17:03:15.628+0000] {dag.py:3239} INFO - Sync 1 DAGs
[2026-06-03T17:03:15.647+0000] {logging_mixin.py:190} INFO - [2026-06-03T17:03:15.647+0000] {dag.py:4180} INFO - Setting next_dagrun for train_model_lakehouse to None, run_after=None
[2026-06-03T17:03:15.667+0000] {processor.py:208} INFO - Processing /opt/airflow/dags/train_model_lakehouse_dag.py took 0.111 seconds
[2026-06-03T17:03:21.672+0000] {processor.py:186} INFO - Started process (PID=679) to work on /opt/airflow/dags/train_model_lakehouse_dag.py
[2026-06-03T17:03:21.673+0000] {processor.py:914} INFO - Processing file /opt/airflow/dags/train_model_lakehouse_dag.py for tasks to queue
[2026-06-03T17:03:21.676+0000] {logging_mixin.py:190} INFO - [2026-06-03T17:03:21.676+0000] {dagbag.py:588} INFO - Filling up the DagBag from /opt/airflow/dags/train_model_lakehouse_dag.py
[2026-06-03T17:03:21.689+0000] {processor.py:925} INFO - DAG(s) 'train_model_lakehouse' retrieved from /opt/airflow/dags/train_model_lakehouse_dag.py
[2026-06-03T17:03:21.720+0000] {logging_mixin.py:190} INFO - [2026-06-03T17:03:21.720+0000] {dag.py:3239} INFO - Sync 1 DAGs
[2026-06-03T17:03:21.734+0000] {logging_mixin.py:190} INFO - [2026-06-03T17:03:21.733+0000] {dag.py:4180} INFO - Setting next_dagrun for train_model_lakehouse to None, run_after=None
[2026-06-03T17:03:21.755+0000] {processor.py:208} INFO - Processing /opt/airflow/dags/train_model_lakehouse_dag.py took 0.101 seconds
[2026-06-03T17:03:51.970+0000] {processor.py:186} INFO - Started process (PID=734) to work on /opt/airflow/dags/train_model_lakehouse_dag.py
[2026-06-03T17:03:51.974+0000] {processor.py:914} INFO - Processing file /opt/airflow/dags/train_model_lakehouse_dag.py for tasks to queue
[2026-06-03T17:03:51.979+0000] {logging_mixin.py:190} INFO - [2026-06-03T17:03:51.979+0000] {dagbag.py:588} INFO - Filling up the DagBag from /opt/airflow/dags/train_model_lakehouse_dag.py
[2026-06-03T17:03:51.991+0000] {processor.py:925} INFO - DAG(s) 'train_model_lakehouse' retrieved from /opt/airflow/dags/train_model_lakehouse_dag.py
[2026-06-03T17:03:52.031+0000] {logging_mixin.py:190} INFO - [2026-06-03T17:03:52.030+0000] {dag.py:3239} INFO - Sync 1 DAGs
[2026-06-03T17:03:52.049+0000] {logging_mixin.py:190} INFO - [2026-06-03T17:03:52.048+0000] {dag.py:4180} INFO - Setting next_dagrun for train_model_lakehouse to None, run_after=None
[2026-06-03T17:03:52.073+0000] {processor.py:208} INFO - Processing /opt/airflow/dags/train_model_lakehouse_dag.py took 0.112 seconds
[2026-06-03T17:04:22.222+0000] {processor.py:186} INFO - Started process (PID=739) to work on /opt/airflow/dags/train_model_lakehouse_dag.py
[2026-06-03T17:04:22.223+0000] {processor.py:914} INFO - Processing file /opt/airflow/dags/train_model_lakehouse_dag.py for tasks to queue
[2026-06-03T17:04:22.227+0000] {logging_mixin.py:190} INFO - [2026-06-03T17:04:22.227+0000] {dagbag.py:588} INFO - Filling up the DagBag from /opt/airflow/dags/train_model_lakehouse_dag.py
[2026-06-03T17:04:22.238+0000] {processor.py:925} INFO - DAG(s) 'train_model_lakehouse' retrieved from /opt/airflow/dags/train_model_lakehouse_dag.py
[2026-06-03T17:04:22.277+0000] {logging_mixin.py:190} INFO - [2026-06-03T17:04:22.277+0000] {dag.py:3239} INFO - Sync 1 DAGs
[2026-06-03T17:04:22.296+0000] {logging_mixin.py:190} INFO - [2026-06-03T17:04:22.296+0000] {dag.py:4180} INFO - Setting next_dagrun for train_model_lakehouse to None, run_after=None
[2026-06-03T17:04:22.315+0000] {processor.py:208} INFO - Processing /opt/airflow/dags/train_model_lakehouse_dag.py took 0.108 seconds
[2026-06-03T17:04:52.558+0000] {processor.py:186} INFO - Started process (PID=744) to work on /opt/airflow/dags/train_model_lakehouse_dag.py
[2026-06-03T17:04:52.559+0000] {processor.py:914} INFO - Processing file /opt/airflow/dags/train_model_lakehouse_dag.py for tasks to queue
[2026-06-03T17:04:52.563+0000] {logging_mixin.py:190} INFO - [2026-06-03T17:04:52.563+0000] {dagbag.py:588} INFO - Filling up the DagBag from /opt/airflow/dags/train_model_lakehouse_dag.py
[2026-06-03T17:04:52.575+0000] {processor.py:925} INFO - DAG(s) 'train_model_lakehouse' retrieved from /opt/airflow/dags/train_model_lakehouse_dag.py
[2026-06-03T17:04:52.607+0000] {logging_mixin.py:190} INFO - [2026-06-03T17:04:52.606+0000] {dag.py:3239} INFO - Sync 1 DAGs
[2026-06-03T17:04:52.621+0000] {logging_mixin.py:190} INFO - [2026-06-03T17:04:52.621+0000] {dag.py:4180} INFO - Setting next_dagrun for train_model_lakehouse to None, run_after=None
[2026-06-03T17:04:52.643+0000] {processor.py:208} INFO - Processing /opt/airflow/dags/train_model_lakehouse_dag.py took 0.094 seconds
[2026-06-03T17:05:22.833+0000] {processor.py:186} INFO - Started process (PID=749) to work on /opt/airflow/dags/train_model_lakehouse_dag.py
[2026-06-03T17:05:22.834+0000] {processor.py:914} INFO - Processing file /opt/airflow/dags/train_model_lakehouse_dag.py for tasks to queue
[2026-06-03T17:05:22.838+0000] {logging_mixin.py:190} INFO - [2026-06-03T17:05:22.838+0000] {dagbag.py:588} INFO - Filling up the DagBag from /opt/airflow/dags/train_model_lakehouse_dag.py
[2026-06-03T17:05:22.850+0000] {processor.py:925} INFO - DAG(s) 'train_model_lakehouse' retrieved from /opt/airflow/dags/train_model_lakehouse_dag.py
[2026-06-03T17:05:22.881+0000] {logging_mixin.py:190} INFO - [2026-06-03T17:05:22.880+0000] {dag.py:3239} INFO - Sync 1 DAGs
[2026-06-03T17:05:22.895+0000] {logging_mixin.py:190} INFO - [2026-06-03T17:05:22.895+0000] {dag.py:4180} INFO - Setting next_dagrun for train_model_lakehouse to None, run_after=None
[2026-06-03T17:05:22.923+0000] {processor.py:208} INFO - Processing /opt/airflow/dags/train_model_lakehouse_dag.py took 0.107 seconds
[2026-06-03T17:05:53.149+0000] {processor.py:186} INFO - Started process (PID=754) to work on /opt/airflow/dags/train_model_lakehouse_dag.py
[2026-06-03T17:05:53.172+0000] {processor.py:914} INFO - Processing file /opt/airflow/dags/train_model_lakehouse_dag.py for tasks to queue
[2026-06-03T17:05:53.174+0000] {logging_mixin.py:190} INFO - [2026-06-03T17:05:53.174+0000] {dagbag.py:588} INFO - Filling up the DagBag from /opt/airflow/dags/train_model_lakehouse_dag.py
[2026-06-03T17:05:53.185+0000] {processor.py:925} INFO - DAG(s) 'train_model_lakehouse' retrieved from /opt/airflow/dags/train_model_lakehouse_dag.py
[2026-06-03T17:05:53.217+0000] {logging_mixin.py:190} INFO - [2026-06-03T17:05:53.217+0000] {dag.py:3239} INFO - Sync 1 DAGs
[2026-06-03T17:05:53.232+0000] {logging_mixin.py:190} INFO - [2026-06-03T17:05:53.232+0000] {dag.py:4180} INFO - Setting next_dagrun for train_model_lakehouse to None, run_after=None
[2026-06-03T17:05:53.262+0000] {processor.py:208} INFO - Processing /opt/airflow/dags/train_model_lakehouse_dag.py took 0.120 seconds
[2026-06-03T17:06:12.380+0000] {processor.py:186} INFO - Started process (PID=759) to work on /opt/airflow/dags/train_model_lakehouse_dag.py
[2026-06-03T17:06:12.381+0000] {processor.py:914} INFO - Processing file /opt/airflow/dags/train_model_lakehouse_dag.py for tasks to queue
[2026-06-03T17:06:12.386+0000] {logging_mixin.py:190} INFO - [2026-06-03T17:06:12.385+0000] {dagbag.py:588} INFO - Filling up the DagBag from /opt/airflow/dags/train_model_lakehouse_dag.py
[2026-06-03T17:06:12.403+0000] {processor.py:925} INFO - DAG(s) 'train_model_lakehouse' retrieved from /opt/airflow/dags/train_model_lakehouse_dag.py
[2026-06-03T17:06:12.442+0000] {logging_mixin.py:190} INFO - [2026-06-03T17:06:12.442+0000] {dag.py:3239} INFO - Sync 1 DAGs
[2026-06-03T17:06:12.460+0000] {logging_mixin.py:190} INFO - [2026-06-03T17:06:12.460+0000] {dag.py:4180} INFO - Setting next_dagrun for train_model_lakehouse to None, run_after=None
[2026-06-03T17:06:12.482+0000] {processor.py:208} INFO - Processing /opt/airflow/dags/train_model_lakehouse_dag.py took 0.114 seconds
[2026-06-03T17:06:42.639+0000] {processor.py:186} INFO - Started process (PID=846) to work on /opt/airflow/dags/train_model_lakehouse_dag.py
[2026-06-03T17:06:42.641+0000] {processor.py:914} INFO - Processing file /opt/airflow/dags/train_model_lakehouse_dag.py for tasks to queue
[2026-06-03T17:06:42.648+0000] {logging_mixin.py:190} INFO - [2026-06-03T17:06:42.647+0000] {dagbag.py:588} INFO - Filling up the DagBag from /opt/airflow/dags/train_model_lakehouse_dag.py
[2026-06-03T17:06:42.670+0000] {processor.py:925} INFO - DAG(s) 'train_model_lakehouse' retrieved from /opt/airflow/dags/train_model_lakehouse_dag.py
[2026-06-03T17:06:42.719+0000] {logging_mixin.py:190} INFO - [2026-06-03T17:06:42.719+0000] {dag.py:3239} INFO - Sync 1 DAGs
[2026-06-03T17:06:42.744+0000] {logging_mixin.py:190} INFO - [2026-06-03T17:06:42.743+0000] {dag.py:4180} INFO - Setting next_dagrun for train_model_lakehouse to None, run_after=None
[2026-06-03T17:06:42.767+0000] {processor.py:208} INFO - Processing /opt/airflow/dags/train_model_lakehouse_dag.py took 0.154 seconds
[2026-06-03T17:07:12.865+0000] {processor.py:186} INFO - Started process (PID=955) to work on /opt/airflow/dags/train_model_lakehouse_dag.py
[2026-06-03T17:07:12.866+0000] {processor.py:914} INFO - Processing file /opt/airflow/dags/train_model_lakehouse_dag.py for tasks to queue
[2026-06-03T17:07:12.871+0000] {logging_mixin.py:190} INFO - [2026-06-03T17:07:12.870+0000] {dagbag.py:588} INFO - Filling up the DagBag from /opt/airflow/dags/train_model_lakehouse_dag.py
[2026-06-03T17:07:12.888+0000] {processor.py:925} INFO - DAG(s) 'train_model_lakehouse' retrieved from /opt/airflow/dags/train_model_lakehouse_dag.py
[2026-06-03T17:07:12.924+0000] {logging_mixin.py:190} INFO - [2026-06-03T17:07:12.923+0000] {dag.py:3239} INFO - Sync 1 DAGs
[2026-06-03T17:07:12.939+0000] {logging_mixin.py:190} INFO - [2026-06-03T17:07:12.939+0000] {dag.py:4180} INFO - Setting next_dagrun for train_model_lakehouse to None, run_after=None
[2026-06-03T17:07:12.958+0000] {processor.py:208} INFO - Processing /opt/airflow/dags/train_model_lakehouse_dag.py took 0.105 seconds
[2026-06-03T17:07:43.270+0000] {processor.py:186} INFO - Started process (PID=960) to work on /opt/airflow/dags/train_model_lakehouse_dag.py
[2026-06-03T17:07:43.271+0000] {processor.py:914} INFO - Processing file /opt/airflow/dags/train_model_lakehouse_dag.py for tasks to queue
[2026-06-03T17:07:43.275+0000] {logging_mixin.py:190} INFO - [2026-06-03T17:07:43.274+0000] {dagbag.py:588} INFO - Filling up the DagBag from /opt/airflow/dags/train_model_lakehouse_dag.py
[2026-06-03T17:07:43.286+0000] {processor.py:925} INFO - DAG(s) 'train_model_lakehouse' retrieved from /opt/airflow/dags/train_model_lakehouse_dag.py
[2026-06-03T17:07:43.321+0000] {logging_mixin.py:190} INFO - [2026-06-03T17:07:43.321+0000] {dag.py:3239} INFO - Sync 1 DAGs
[2026-06-03T17:07:43.337+0000] {logging_mixin.py:190} INFO - [2026-06-03T17:07:43.337+0000] {dag.py:4180} INFO - Setting next_dagrun for train_model_lakehouse to None, run_after=None
[2026-06-03T17:07:43.363+0000] {processor.py:208} INFO - Processing /opt/airflow/dags/train_model_lakehouse_dag.py took 0.101 seconds
[2026-06-03T17:08:13.569+0000] {processor.py:186} INFO - Started process (PID=965) to work on /opt/airflow/dags/train_model_lakehouse_dag.py
[2026-06-03T17:08:13.570+0000] {processor.py:914} INFO - Processing file /opt/airflow/dags/train_model_lakehouse_dag.py for tasks to queue
[2026-06-03T17:08:13.574+0000] {logging_mixin.py:190} INFO - [2026-06-03T17:08:13.573+0000] {dagbag.py:588} INFO - Filling up the DagBag from /opt/airflow/dags/train_model_lakehouse_dag.py
[2026-06-03T17:08:13.586+0000] {processor.py:925} INFO - DAG(s) 'train_model_lakehouse' retrieved from /opt/airflow/dags/train_model_lakehouse_dag.py
[2026-06-03T17:08:13.620+0000] {logging_mixin.py:190} INFO - [2026-06-03T17:08:13.619+0000] {dag.py:3239} INFO - Sync 1 DAGs
[2026-06-03T17:08:13.636+0000] {logging_mixin.py:190} INFO - [2026-06-03T17:08:13.636+0000] {dag.py:4180} INFO - Setting next_dagrun for train_model_lakehouse to None, run_after=None
[2026-06-03T17:08:13.683+0000] {processor.py:208} INFO - Processing /opt/airflow/dags/train_model_lakehouse_dag.py took 0.123 seconds
[2026-06-03T17:08:43.849+0000] {processor.py:186} INFO - Started process (PID=970) to work on /opt/airflow/dags/train_model_lakehouse_dag.py
[2026-06-03T17:08:43.854+0000] {processor.py:914} INFO - Processing file /opt/airflow/dags/train_model_lakehouse_dag.py for tasks to queue
[2026-06-03T17:08:43.859+0000] {logging_mixin.py:190} INFO - [2026-06-03T17:08:43.859+0000] {dagbag.py:588} INFO - Filling up the DagBag from /opt/airflow/dags/train_model_lakehouse_dag.py
[2026-06-03T17:08:43.874+0000] {processor.py:925} INFO - DAG(s) 'train_model_lakehouse' retrieved from /opt/airflow/dags/train_model_lakehouse_dag.py
[2026-06-03T17:08:43.910+0000] {logging_mixin.py:190} INFO - [2026-06-03T17:08:43.909+0000] {dag.py:3239} INFO - Sync 1 DAGs
[2026-06-03T17:08:43.925+0000] {logging_mixin.py:190} INFO - [2026-06-03T17:08:43.925+0000] {dag.py:4180} INFO - Setting next_dagrun for train_model_lakehouse to None, run_after=None
[2026-06-03T17:08:43.942+0000] {processor.py:208} INFO - Processing /opt/airflow/dags/train_model_lakehouse_dag.py took 0.100 seconds
[2026-06-03T17:09:14.134+0000] {processor.py:186} INFO - Started process (PID=975) to work on /opt/airflow/dags/train_model_lakehouse_dag.py
[2026-06-03T17:09:14.135+0000] {processor.py:914} INFO - Processing file /opt/airflow/dags/train_model_lakehouse_dag.py for tasks to queue
[2026-06-03T17:09:14.138+0000] {logging_mixin.py:190} INFO - [2026-06-03T17:09:14.138+0000] {dagbag.py:588} INFO - Filling up the DagBag from /opt/airflow/dags/train_model_lakehouse_dag.py
[2026-06-03T17:09:14.149+0000] {processor.py:925} INFO - DAG(s) 'train_model_lakehouse' retrieved from /opt/airflow/dags/train_model_lakehouse_dag.py
[2026-06-03T17:09:14.182+0000] {logging_mixin.py:190} INFO - [2026-06-03T17:09:14.182+0000] {dag.py:3239} INFO - Sync 1 DAGs
[2026-06-03T17:09:14.196+0000] {logging_mixin.py:190} INFO - [2026-06-03T17:09:14.196+0000] {dag.py:4180} INFO - Setting next_dagrun for train_model_lakehouse to None, run_after=None
[2026-06-03T17:09:14.214+0000] {processor.py:208} INFO - Processing /opt/airflow/dags/train_model_lakehouse_dag.py took 0.089 seconds
[2026-06-03T17:09:44.390+0000] {processor.py:186} INFO - Started process (PID=980) to work on /opt/airflow/dags/train_model_lakehouse_dag.py
[2026-06-03T17:09:44.392+0000] {processor.py:914} INFO - Processing file /opt/airflow/dags/train_model_lakehouse_dag.py for tasks to queue
[2026-06-03T17:09:44.395+0000] {logging_mixin.py:190} INFO - [2026-06-03T17:09:44.394+0000] {dagbag.py:588} INFO - Filling up the DagBag from /opt/airflow/dags/train_model_lakehouse_dag.py
[2026-06-03T17:09:44.408+0000] {processor.py:925} INFO - DAG(s) 'train_model_lakehouse' retrieved from /opt/airflow/dags/train_model_lakehouse_dag.py
[2026-06-03T17:09:44.447+0000] {logging_mixin.py:190} INFO - [2026-06-03T17:09:44.447+0000] {dag.py:3239} INFO - Sync 1 DAGs
[2026-06-03T17:09:44.461+0000] {logging_mixin.py:190} INFO - [2026-06-03T17:09:44.461+0000] {dag.py:4180} INFO - Setting next_dagrun for train_model_lakehouse to None, run_after=None
[2026-06-03T17:09:44.481+0000] {processor.py:208} INFO - Processing /opt/airflow/dags/train_model_lakehouse_dag.py took 0.102 seconds
[2026-06-03T17:10:14.642+0000] {processor.py:186} INFO - Started process (PID=985) to work on /opt/airflow/dags/train_model_lakehouse_dag.py
[2026-06-03T17:10:14.643+0000] {processor.py:914} INFO - Processing file /opt/airflow/dags/train_model_lakehouse_dag.py for tasks to queue
[2026-06-03T17:10:14.645+0000] {logging_mixin.py:190} INFO - [2026-06-03T17:10:14.645+0000] {dagbag.py:588} INFO - Filling up the DagBag from /opt/airflow/dags/train_model_lakehouse_dag.py
[2026-06-03T17:10:14.656+0000] {processor.py:925} INFO - DAG(s) 'train_model_lakehouse' retrieved from /opt/airflow/dags/train_model_lakehouse_dag.py
[2026-06-03T17:10:14.689+0000] {logging_mixin.py:190} INFO - [2026-06-03T17:10:14.689+0000] {dag.py:3239} INFO - Sync 1 DAGs
[2026-06-03T17:10:14.705+0000] {logging_mixin.py:190} INFO - [2026-06-03T17:10:14.704+0000] {dag.py:4180} INFO - Setting next_dagrun for train_model_lakehouse to None, run_after=None
[2026-06-03T17:10:14.726+0000] {processor.py:208} INFO - Processing /opt/airflow/dags/train_model_lakehouse_dag.py took 0.092 seconds
[2026-06-03T17:10:44.978+0000] {processor.py:186} INFO - Started process (PID=990) to work on /opt/airflow/dags/train_model_lakehouse_dag.py
[2026-06-03T17:10:45.013+0000] {processor.py:914} INFO - Processing file /opt/airflow/dags/train_model_lakehouse_dag.py for tasks to queue
[2026-06-03T17:10:45.019+0000] {logging_mixin.py:190} INFO - [2026-06-03T17:10:45.018+0000] {dagbag.py:588} INFO - Filling up the DagBag from /opt/airflow/dags/train_model_lakehouse_dag.py
[2026-06-03T17:10:45.041+0000] {processor.py:925} INFO - DAG(s) 'train_model_lakehouse' retrieved from /opt/airflow/dags/train_model_lakehouse_dag.py
[2026-06-03T17:10:45.079+0000] {logging_mixin.py:190} INFO - [2026-06-03T17:10:45.078+0000] {dag.py:3239} INFO - Sync 1 DAGs
[2026-06-03T17:10:45.095+0000] {logging_mixin.py:190} INFO - [2026-06-03T17:10:45.094+0000] {dag.py:4180} INFO - Setting next_dagrun for train_model_lakehouse to None, run_after=None
[2026-06-03T17:10:45.114+0000] {processor.py:208} INFO - Processing /opt/airflow/dags/train_model_lakehouse_dag.py took 0.145 seconds
[2026-06-03T17:11:15.274+0000] {processor.py:186} INFO - Started process (PID=995) to work on /opt/airflow/dags/train_model_lakehouse_dag.py
[2026-06-03T17:11:15.275+0000] {processor.py:914} INFO - Processing file /opt/airflow/dags/train_model_lakehouse_dag.py for tasks to queue
[2026-06-03T17:11:15.279+0000] {logging_mixin.py:190} INFO - [2026-06-03T17:11:15.279+0000] {dagbag.py:588} INFO - Filling up the DagBag from /opt/airflow/dags/train_model_lakehouse_dag.py
[2026-06-03T17:11:15.290+0000] {processor.py:925} INFO - DAG(s) 'train_model_lakehouse' retrieved from /opt/airflow/dags/train_model_lakehouse_dag.py
[2026-06-03T17:11:15.323+0000] {logging_mixin.py:190} INFO - [2026-06-03T17:11:15.323+0000] {dag.py:3239} INFO - Sync 1 DAGs
[2026-06-03T17:11:15.338+0000] {logging_mixin.py:190} INFO - [2026-06-03T17:11:15.337+0000] {dag.py:4180} INFO - Setting next_dagrun for train_model_lakehouse to None, run_after=None
[2026-06-03T17:11:15.357+0000] {processor.py:208} INFO - Processing /opt/airflow/dags/train_model_lakehouse_dag.py took 0.100 seconds
[2026-06-03T17:11:22.425+0000] {processor.py:186} INFO - Started process (PID=1000) to work on /opt/airflow/dags/train_model_lakehouse_dag.py
[2026-06-03T17:11:22.449+0000] {processor.py:914} INFO - Processing file /opt/airflow/dags/train_model_lakehouse_dag.py for tasks to queue
[2026-06-03T17:11:22.452+0000] {logging_mixin.py:190} INFO - [2026-06-03T17:11:22.451+0000] {dagbag.py:588} INFO - Filling up the DagBag from /opt/airflow/dags/train_model_lakehouse_dag.py
[2026-06-03T17:11:22.465+0000] {processor.py:925} INFO - DAG(s) 'train_model_lakehouse' retrieved from /opt/airflow/dags/train_model_lakehouse_dag.py
[2026-06-03T17:11:22.800+0000] {logging_mixin.py:190} INFO - [2026-06-03T17:11:22.800+0000] {dag.py:3239} INFO - Sync 1 DAGs
[2026-06-03T17:11:22.814+0000] {logging_mixin.py:190} INFO - [2026-06-03T17:11:22.814+0000] {dag.py:4180} INFO - Setting next_dagrun for train_model_lakehouse to None, run_after=None
[2026-06-03T17:11:22.836+0000] {processor.py:208} INFO - Processing /opt/airflow/dags/train_model_lakehouse_dag.py took 0.424 seconds
[2026-06-03T17:11:45.071+0000] {processor.py:186} INFO - Started process (PID=1005) to work on /opt/airflow/dags/train_model_lakehouse_dag.py
[2026-06-03T17:11:45.073+0000] {processor.py:914} INFO - Processing file /opt/airflow/dags/train_model_lakehouse_dag.py for tasks to queue
[2026-06-03T17:11:45.076+0000] {logging_mixin.py:190} INFO - [2026-06-03T17:11:45.076+0000] {dagbag.py:588} INFO - Filling up the DagBag from /opt/airflow/dags/train_model_lakehouse_dag.py
[2026-06-03T17:11:45.093+0000] {processor.py:925} INFO - DAG(s) 'train_model_lakehouse' retrieved from /opt/airflow/dags/train_model_lakehouse_dag.py
[2026-06-03T17:11:45.264+0000] {logging_mixin.py:190} INFO - [2026-06-03T17:11:45.264+0000] {dag.py:3239} INFO - Sync 1 DAGs
[2026-06-03T17:11:45.280+0000] {logging_mixin.py:190} INFO - [2026-06-03T17:11:45.280+0000] {dag.py:3262} INFO - Creating ORM DAG for train_model_lakehouse
[2026-06-03T17:11:45.281+0000] {logging_mixin.py:190} INFO - [2026-06-03T17:11:45.281+0000] {dag.py:4180} INFO - Setting next_dagrun for train_model_lakehouse to None, run_after=None
[2026-06-03T17:11:45.335+0000] {processor.py:208} INFO - Processing /opt/airflow/dags/train_model_lakehouse_dag.py took 0.273 seconds
[2026-06-03T17:12:15.621+0000] {processor.py:186} INFO - Started process (PID=1063) to work on /opt/airflow/dags/train_model_lakehouse_dag.py
[2026-06-03T17:12:15.624+0000] {processor.py:914} INFO - Processing file /opt/airflow/dags/train_model_lakehouse_dag.py for tasks to queue
[2026-06-03T17:12:15.627+0000] {logging_mixin.py:190} INFO - [2026-06-03T17:12:15.627+0000] {dagbag.py:588} INFO - Filling up the DagBag from /opt/airflow/dags/train_model_lakehouse_dag.py
[2026-06-03T17:12:15.638+0000] {processor.py:925} INFO - DAG(s) 'train_model_lakehouse' retrieved from /opt/airflow/dags/train_model_lakehouse_dag.py
[2026-06-03T17:12:15.672+0000] {logging_mixin.py:190} INFO - [2026-06-03T17:12:15.671+0000] {dag.py:3239} INFO - Sync 1 DAGs
[2026-06-03T17:12:15.687+0000] {logging_mixin.py:190} INFO - [2026-06-03T17:12:15.687+0000] {dag.py:4180} INFO - Setting next_dagrun for train_model_lakehouse to None, run_after=None
[2026-06-03T17:12:15.709+0000] {processor.py:208} INFO - Processing /opt/airflow/dags/train_model_lakehouse_dag.py took 0.101 seconds
[2026-06-03T17:12:45.875+0000] {processor.py:186} INFO - Started process (PID=1075) to work on /opt/airflow/dags/train_model_lakehouse_dag.py
[2026-06-03T17:12:45.876+0000] {processor.py:914} INFO - Processing file /opt/airflow/dags/train_model_lakehouse_dag.py for tasks to queue
[2026-06-03T17:12:45.879+0000] {logging_mixin.py:190} INFO - [2026-06-03T17:12:45.879+0000] {dagbag.py:588} INFO - Filling up the DagBag from /opt/airflow/dags/train_model_lakehouse_dag.py
[2026-06-03T17:12:45.891+0000] {processor.py:925} INFO - DAG(s) 'train_model_lakehouse' retrieved from /opt/airflow/dags/train_model_lakehouse_dag.py
[2026-06-03T17:12:45.926+0000] {logging_mixin.py:190} INFO - [2026-06-03T17:12:45.925+0000] {dag.py:3239} INFO - Sync 1 DAGs
[2026-06-03T17:12:45.942+0000] {logging_mixin.py:190} INFO - [2026-06-03T17:12:45.942+0000] {dag.py:4180} INFO - Setting next_dagrun for train_model_lakehouse to None, run_after=None
[2026-06-03T17:12:45.981+0000] {processor.py:208} INFO - Processing /opt/airflow/dags/train_model_lakehouse_dag.py took 0.114 seconds
[2026-06-03T17:13:16.254+0000] {processor.py:186} INFO - Started process (PID=1080) to work on /opt/airflow/dags/train_model_lakehouse_dag.py
[2026-06-03T17:13:16.256+0000] {processor.py:914} INFO - Processing file /opt/airflow/dags/train_model_lakehouse_dag.py for tasks to queue
[2026-06-03T17:13:16.260+0000] {logging_mixin.py:190} INFO - [2026-06-03T17:13:16.259+0000] {dagbag.py:588} INFO - Filling up the DagBag from /opt/airflow/dags/train_model_lakehouse_dag.py
[2026-06-03T17:13:16.272+0000] {processor.py:925} INFO - DAG(s) 'train_model_lakehouse' retrieved from /opt/airflow/dags/train_model_lakehouse_dag.py
[2026-06-03T17:13:16.304+0000] {logging_mixin.py:190} INFO - [2026-06-03T17:13:16.303+0000] {dag.py:3239} INFO - Sync 1 DAGs
[2026-06-03T17:13:16.318+0000] {logging_mixin.py:190} INFO - [2026-06-03T17:13:16.318+0000] {dag.py:4180} INFO - Setting next_dagrun for train_model_lakehouse to None, run_after=None
[2026-06-03T17:13:16.336+0000] {processor.py:208} INFO - Processing /opt/airflow/dags/train_model_lakehouse_dag.py took 0.093 seconds
[2026-06-03T17:13:46.546+0000] {processor.py:186} INFO - Started process (PID=1085) to work on /opt/airflow/dags/train_model_lakehouse_dag.py
[2026-06-03T17:13:46.548+0000] {processor.py:914} INFO - Processing file /opt/airflow/dags/train_model_lakehouse_dag.py for tasks to queue
[2026-06-03T17:13:46.552+0000] {logging_mixin.py:190} INFO - [2026-06-03T17:13:46.552+0000] {dagbag.py:588} INFO - Filling up the DagBag from /opt/airflow/dags/train_model_lakehouse_dag.py
[2026-06-03T17:13:46.564+0000] {processor.py:925} INFO - DAG(s) 'train_model_lakehouse' retrieved from /opt/airflow/dags/train_model_lakehouse_dag.py
[2026-06-03T17:13:46.595+0000] {logging_mixin.py:190} INFO - [2026-06-03T17:13:46.595+0000] {dag.py:3239} INFO - Sync 1 DAGs
[2026-06-03T17:13:46.609+0000] {logging_mixin.py:190} INFO - [2026-06-03T17:13:46.609+0000] {dag.py:4180} INFO - Setting next_dagrun for train_model_lakehouse to None, run_after=None
[2026-06-03T17:13:46.645+0000] {processor.py:208} INFO - Processing /opt/airflow/dags/train_model_lakehouse_dag.py took 0.120 seconds
[2026-06-03T17:14:16.814+0000] {processor.py:186} INFO - Started process (PID=1090) to work on /opt/airflow/dags/train_model_lakehouse_dag.py
[2026-06-03T17:14:16.834+0000] {processor.py:914} INFO - Processing file /opt/airflow/dags/train_model_lakehouse_dag.py for tasks to queue
[2026-06-03T17:14:16.837+0000] {logging_mixin.py:190} INFO - [2026-06-03T17:14:16.836+0000] {dagbag.py:588} INFO - Filling up the DagBag from /opt/airflow/dags/train_model_lakehouse_dag.py
[2026-06-03T17:14:16.848+0000] {processor.py:925} INFO - DAG(s) 'train_model_lakehouse' retrieved from /opt/airflow/dags/train_model_lakehouse_dag.py
[2026-06-03T17:14:16.881+0000] {logging_mixin.py:190} INFO - [2026-06-03T17:14:16.881+0000] {dag.py:3239} INFO - Sync 1 DAGs
[2026-06-03T17:14:16.896+0000] {logging_mixin.py:190} INFO - [2026-06-03T17:14:16.895+0000] {dag.py:4180} INFO - Setting next_dagrun for train_model_lakehouse to None, run_after=None
[2026-06-03T17:14:16.932+0000] {processor.py:208} INFO - Processing /opt/airflow/dags/train_model_lakehouse_dag.py took 0.127 seconds
[2026-06-03T17:14:47.119+0000] {processor.py:186} INFO - Started process (PID=1095) to work on /opt/airflow/dags/train_model_lakehouse_dag.py
[2026-06-03T17:14:47.120+0000] {processor.py:914} INFO - Processing file /opt/airflow/dags/train_model_lakehouse_dag.py for tasks to queue
[2026-06-03T17:14:47.123+0000] {logging_mixin.py:190} INFO - [2026-06-03T17:14:47.123+0000] {dagbag.py:588} INFO - Filling up the DagBag from /opt/airflow/dags/train_model_lakehouse_dag.py
[2026-06-03T17:14:47.135+0000] {processor.py:925} INFO - DAG(s) 'train_model_lakehouse' retrieved from /opt/airflow/dags/train_model_lakehouse_dag.py
[2026-06-03T17:14:47.167+0000] {logging_mixin.py:190} INFO - [2026-06-03T17:14:47.166+0000] {dag.py:3239} INFO - Sync 1 DAGs
[2026-06-03T17:14:47.181+0000] {logging_mixin.py:190} INFO - [2026-06-03T17:14:47.181+0000] {dag.py:4180} INFO - Setting next_dagrun for train_model_lakehouse to None, run_after=None
[2026-06-03T17:14:47.199+0000] {processor.py:208} INFO - Processing /opt/airflow/dags/train_model_lakehouse_dag.py took 0.096 seconds
[2026-06-03T17:15:17.413+0000] {processor.py:186} INFO - Started process (PID=1100) to work on /opt/airflow/dags/train_model_lakehouse_dag.py
[2026-06-03T17:15:17.414+0000] {processor.py:914} INFO - Processing file /opt/airflow/dags/train_model_lakehouse_dag.py for tasks to queue
[2026-06-03T17:15:17.419+0000] {logging_mixin.py:190} INFO - [2026-06-03T17:15:17.418+0000] {dagbag.py:588} INFO - Filling up the DagBag from /opt/airflow/dags/train_model_lakehouse_dag.py
[2026-06-03T17:15:17.432+0000] {processor.py:925} INFO - DAG(s) 'train_model_lakehouse' retrieved from /opt/airflow/dags/train_model_lakehouse_dag.py
[2026-06-03T17:15:17.466+0000] {logging_mixin.py:190} INFO - [2026-06-03T17:15:17.466+0000] {dag.py:3239} INFO - Sync 1 DAGs
[2026-06-03T17:15:17.481+0000] {logging_mixin.py:190} INFO - [2026-06-03T17:15:17.481+0000] {dag.py:4180} INFO - Setting next_dagrun for train_model_lakehouse to None, run_after=None
[2026-06-03T17:15:17.523+0000] {processor.py:208} INFO - Processing /opt/airflow/dags/train_model_lakehouse_dag.py took 0.122 seconds
[2026-06-03T17:15:47.775+0000] {processor.py:186} INFO - Started process (PID=1105) to work on /opt/airflow/dags/train_model_lakehouse_dag.py
[2026-06-03T17:15:47.776+0000] {processor.py:914} INFO - Processing file /opt/airflow/dags/train_model_lakehouse_dag.py for tasks to queue
[2026-06-03T17:15:47.779+0000] {logging_mixin.py:190} INFO - [2026-06-03T17:15:47.779+0000] {dagbag.py:588} INFO - Filling up the DagBag from /opt/airflow/dags/train_model_lakehouse_dag.py
[2026-06-03T17:15:47.791+0000] {processor.py:925} INFO - DAG(s) 'train_model_lakehouse' retrieved from /opt/airflow/dags/train_model_lakehouse_dag.py
[2026-06-03T17:15:47.821+0000] {logging_mixin.py:190} INFO - [2026-06-03T17:15:47.821+0000] {dag.py:3239} INFO - Sync 1 DAGs
[2026-06-03T17:15:47.835+0000] {logging_mixin.py:190} INFO - [2026-06-03T17:15:47.835+0000] {dag.py:4180} INFO - Setting next_dagrun for train_model_lakehouse to None, run_after=None
[2026-06-03T17:15:47.878+0000] {processor.py:208} INFO - Processing /opt/airflow/dags/train_model_lakehouse_dag.py took 0.123 seconds
[2026-06-03T17:16:18.085+0000] {processor.py:186} INFO - Started process (PID=1110) to work on /opt/airflow/dags/train_model_lakehouse_dag.py
[2026-06-03T17:16:18.115+0000] {processor.py:914} INFO - Processing file /opt/airflow/dags/train_model_lakehouse_dag.py for tasks to queue
[2026-06-03T17:16:18.118+0000] {logging_mixin.py:190} INFO - [2026-06-03T17:16:18.117+0000] {dagbag.py:588} INFO - Filling up the DagBag from /opt/airflow/dags/train_model_lakehouse_dag.py
[2026-06-03T17:16:18.131+0000] {processor.py:925} INFO - DAG(s) 'train_model_lakehouse' retrieved from /opt/airflow/dags/train_model_lakehouse_dag.py
[2026-06-03T17:16:18.163+0000] {logging_mixin.py:190} INFO - [2026-06-03T17:16:18.162+0000] {dag.py:3239} INFO - Sync 1 DAGs
[2026-06-03T17:16:18.177+0000] {logging_mixin.py:190} INFO - [2026-06-03T17:16:18.177+0000] {dag.py:4180} INFO - Setting next_dagrun for train_model_lakehouse to None, run_after=None
[2026-06-03T17:16:18.197+0000] {processor.py:208} INFO - Processing /opt/airflow/dags/train_model_lakehouse_dag.py took 0.122 seconds
[2026-06-03T17:16:48.438+0000] {processor.py:186} INFO - Started process (PID=1115) to work on /opt/airflow/dags/train_model_lakehouse_dag.py
[2026-06-03T17:16:48.439+0000] {processor.py:914} INFO - Processing file /opt/airflow/dags/train_model_lakehouse_dag.py for tasks to queue
[2026-06-03T17:16:48.443+0000] {logging_mixin.py:190} INFO - [2026-06-03T17:16:48.442+0000] {dagbag.py:588} INFO - Filling up the DagBag from /opt/airflow/dags/train_model_lakehouse_dag.py
[2026-06-03T17:16:48.454+0000] {processor.py:925} INFO - DAG(s) 'train_model_lakehouse' retrieved from /opt/airflow/dags/train_model_lakehouse_dag.py
[2026-06-03T17:16:48.491+0000] {logging_mixin.py:190} INFO - [2026-06-03T17:16:48.491+0000] {dag.py:3239} INFO - Sync 1 DAGs
[2026-06-03T17:16:48.508+0000] {logging_mixin.py:190} INFO - [2026-06-03T17:16:48.508+0000] {dag.py:4180} INFO - Setting next_dagrun for train_model_lakehouse to None, run_after=None
[2026-06-03T17:16:48.546+0000] {processor.py:208} INFO - Processing /opt/airflow/dags/train_model_lakehouse_dag.py took 0.121 seconds
[2026-06-03T17:17:18.688+0000] {processor.py:186} INFO - Started process (PID=1170) to work on /opt/airflow/dags/train_model_lakehouse_dag.py
[2026-06-03T17:17:18.689+0000] {processor.py:914} INFO - Processing file /opt/airflow/dags/train_model_lakehouse_dag.py for tasks to queue
[2026-06-03T17:17:18.691+0000] {logging_mixin.py:190} INFO - [2026-06-03T17:17:18.691+0000] {dagbag.py:588} INFO - Filling up the DagBag from /opt/airflow/dags/train_model_lakehouse_dag.py
[2026-06-03T17:17:18.701+0000] {processor.py:925} INFO - DAG(s) 'train_model_lakehouse' retrieved from /opt/airflow/dags/train_model_lakehouse_dag.py
[2026-06-03T17:17:18.732+0000] {logging_mixin.py:190} INFO - [2026-06-03T17:17:18.732+0000] {dag.py:3239} INFO - Sync 1 DAGs
[2026-06-03T17:17:18.746+0000] {logging_mixin.py:190} INFO - [2026-06-03T17:17:18.746+0000] {dag.py:4180} INFO - Setting next_dagrun for train_model_lakehouse to None, run_after=None
[2026-06-03T17:17:18.787+0000] {processor.py:208} INFO - Processing /opt/airflow/dags/train_model_lakehouse_dag.py took 0.106 seconds
[2026-06-03T17:17:49.062+0000] {processor.py:186} INFO - Started process (PID=1182) to work on /opt/airflow/dags/train_model_lakehouse_dag.py
[2026-06-03T17:17:49.087+0000] {processor.py:914} INFO - Processing file /opt/airflow/dags/train_model_lakehouse_dag.py for tasks to queue
[2026-06-03T17:17:49.090+0000] {logging_mixin.py:190} INFO - [2026-06-03T17:17:49.090+0000] {dagbag.py:588} INFO - Filling up the DagBag from /opt/airflow/dags/train_model_lakehouse_dag.py
[2026-06-03T17:17:49.102+0000] {processor.py:925} INFO - DAG(s) 'train_model_lakehouse' retrieved from /opt/airflow/dags/train_model_lakehouse_dag.py
[2026-06-03T17:17:49.135+0000] {logging_mixin.py:190} INFO - [2026-06-03T17:17:49.135+0000] {dag.py:3239} INFO - Sync 1 DAGs
[2026-06-03T17:17:49.149+0000] {logging_mixin.py:190} INFO - [2026-06-03T17:17:49.149+0000] {dag.py:4180} INFO - Setting next_dagrun for train_model_lakehouse to None, run_after=None
[2026-06-03T17:17:49.169+0000] {processor.py:208} INFO - Processing /opt/airflow/dags/train_model_lakehouse_dag.py took 0.118 seconds
[2026-06-03T17:18:19.313+0000] {processor.py:186} INFO - Started process (PID=1187) to work on /opt/airflow/dags/train_model_lakehouse_dag.py
[2026-06-03T17:18:19.314+0000] {processor.py:914} INFO - Processing file /opt/airflow/dags/train_model_lakehouse_dag.py for tasks to queue
[2026-06-03T17:18:19.317+0000] {logging_mixin.py:190} INFO - [2026-06-03T17:18:19.316+0000] {dagbag.py:588} INFO - Filling up the DagBag from /opt/airflow/dags/train_model_lakehouse_dag.py
[2026-06-03T17:18:19.328+0000] {processor.py:925} INFO - DAG(s) 'train_model_lakehouse' retrieved from /opt/airflow/dags/train_model_lakehouse_dag.py
[2026-06-03T17:18:19.363+0000] {logging_mixin.py:190} INFO - [2026-06-03T17:18:19.362+0000] {dag.py:3239} INFO - Sync 1 DAGs
[2026-06-03T17:18:19.378+0000] {logging_mixin.py:190} INFO - [2026-06-03T17:18:19.378+0000] {dag.py:4180} INFO - Setting next_dagrun for train_model_lakehouse to None, run_after=None
[2026-06-03T17:18:19.423+0000] {processor.py:208} INFO - Processing /opt/airflow/dags/train_model_lakehouse_dag.py took 0.118 seconds
[2026-06-03T17:18:49.640+0000] {processor.py:186} INFO - Started process (PID=1192) to work on /opt/airflow/dags/train_model_lakehouse_dag.py
[2026-06-03T17:18:49.666+0000] {processor.py:914} INFO - Processing file /opt/airflow/dags/train_model_lakehouse_dag.py for tasks to queue
[2026-06-03T17:18:49.669+0000] {logging_mixin.py:190} INFO - [2026-06-03T17:18:49.669+0000] {dagbag.py:588} INFO - Filling up the DagBag from /opt/airflow/dags/train_model_lakehouse_dag.py
[2026-06-03T17:18:49.679+0000] {processor.py:925} INFO - DAG(s) 'train_model_lakehouse' retrieved from /opt/airflow/dags/train_model_lakehouse_dag.py
[2026-06-03T17:18:49.711+0000] {logging_mixin.py:190} INFO - [2026-06-03T17:18:49.711+0000] {dag.py:3239} INFO - Sync 1 DAGs
[2026-06-03T17:18:49.725+0000] {logging_mixin.py:190} INFO - [2026-06-03T17:18:49.725+0000] {dag.py:4180} INFO - Setting next_dagrun for train_model_lakehouse to None, run_after=None
[2026-06-03T17:18:49.745+0000] {processor.py:208} INFO - Processing /opt/airflow/dags/train_model_lakehouse_dag.py took 0.114 seconds
[2026-06-03T17:19:19.881+0000] {processor.py:186} INFO - Started process (PID=1197) to work on /opt/airflow/dags/train_model_lakehouse_dag.py
[2026-06-03T17:19:19.882+0000] {processor.py:914} INFO - Processing file /opt/airflow/dags/train_model_lakehouse_dag.py for tasks to queue
[2026-06-03T17:19:19.885+0000] {logging_mixin.py:190} INFO - [2026-06-03T17:19:19.885+0000] {dagbag.py:588} INFO - Filling up the DagBag from /opt/airflow/dags/train_model_lakehouse_dag.py
[2026-06-03T17:19:19.896+0000] {processor.py:925} INFO - DAG(s) 'train_model_lakehouse' retrieved from /opt/airflow/dags/train_model_lakehouse_dag.py
[2026-06-03T17:19:19.930+0000] {logging_mixin.py:190} INFO - [2026-06-03T17:19:19.929+0000] {dag.py:3239} INFO - Sync 1 DAGs
[2026-06-03T17:19:19.945+0000] {logging_mixin.py:190} INFO - [2026-06-03T17:19:19.945+0000] {dag.py:4180} INFO - Setting next_dagrun for train_model_lakehouse to None, run_after=None
[2026-06-03T17:19:19.963+0000] {processor.py:208} INFO - Processing /opt/airflow/dags/train_model_lakehouse_dag.py took 0.092 seconds
[2026-06-03T17:19:50.214+0000] {processor.py:186} INFO - Started process (PID=1202) to work on /opt/airflow/dags/train_model_lakehouse_dag.py
[2026-06-03T17:19:50.215+0000] {processor.py:914} INFO - Processing file /opt/airflow/dags/train_model_lakehouse_dag.py for tasks to queue
[2026-06-03T17:19:50.218+0000] {logging_mixin.py:190} INFO - [2026-06-03T17:19:50.218+0000] {dagbag.py:588} INFO - Filling up the DagBag from /opt/airflow/dags/train_model_lakehouse_dag.py
[2026-06-03T17:19:50.229+0000] {processor.py:925} INFO - DAG(s) 'train_model_lakehouse' retrieved from /opt/airflow/dags/train_model_lakehouse_dag.py
[2026-06-03T17:19:50.262+0000] {logging_mixin.py:190} INFO - [2026-06-03T17:19:50.262+0000] {dag.py:3239} INFO - Sync 1 DAGs
[2026-06-03T17:19:50.277+0000] {logging_mixin.py:190} INFO - [2026-06-03T17:19:50.277+0000] {dag.py:4180} INFO - Setting next_dagrun for train_model_lakehouse to None, run_after=None
[2026-06-03T17:19:50.323+0000] {processor.py:208} INFO - Processing /opt/airflow/dags/train_model_lakehouse_dag.py took 0.118 seconds
[2026-06-03T17:20:20.502+0000] {processor.py:186} INFO - Started process (PID=1207) to work on /opt/airflow/dags/train_model_lakehouse_dag.py
[2026-06-03T17:20:20.503+0000] {processor.py:914} INFO - Processing file /opt/airflow/dags/train_model_lakehouse_dag.py for tasks to queue
[2026-06-03T17:20:20.506+0000] {logging_mixin.py:190} INFO - [2026-06-03T17:20:20.506+0000] {dagbag.py:588} INFO - Filling up the DagBag from /opt/airflow/dags/train_model_lakehouse_dag.py
[2026-06-03T17:20:20.516+0000] {processor.py:925} INFO - DAG(s) 'train_model_lakehouse' retrieved from /opt/airflow/dags/train_model_lakehouse_dag.py
[2026-06-03T17:20:20.548+0000] {logging_mixin.py:190} INFO - [2026-06-03T17:20:20.548+0000] {dag.py:3239} INFO - Sync 1 DAGs
[2026-06-03T17:20:20.563+0000] {logging_mixin.py:190} INFO - [2026-06-03T17:20:20.562+0000] {dag.py:4180} INFO - Setting next_dagrun for train_model_lakehouse to None, run_after=None
[2026-06-03T17:20:20.610+0000] {processor.py:208} INFO - Processing /opt/airflow/dags/train_model_lakehouse_dag.py took 0.116 seconds
[2026-06-03T17:20:50.828+0000] {processor.py:186} INFO - Started process (PID=1212) to work on /opt/airflow/dags/train_model_lakehouse_dag.py
[2026-06-03T17:20:50.831+0000] {processor.py:914} INFO - Processing file /opt/airflow/dags/train_model_lakehouse_dag.py for tasks to queue
[2026-06-03T17:20:50.834+0000] {logging_mixin.py:190} INFO - [2026-06-03T17:20:50.833+0000] {dagbag.py:588} INFO - Filling up the DagBag from /opt/airflow/dags/train_model_lakehouse_dag.py
[2026-06-03T17:20:50.845+0000] {processor.py:925} INFO - DAG(s) 'train_model_lakehouse' retrieved from /opt/airflow/dags/train_model_lakehouse_dag.py
[2026-06-03T17:20:50.878+0000] {logging_mixin.py:190} INFO - [2026-06-03T17:20:50.878+0000] {dag.py:3239} INFO - Sync 1 DAGs
[2026-06-03T17:20:50.892+0000] {logging_mixin.py:190} INFO - [2026-06-03T17:20:50.892+0000] {dag.py:4180} INFO - Setting next_dagrun for train_model_lakehouse to None, run_after=None
[2026-06-03T17:20:50.912+0000] {processor.py:208} INFO - Processing /opt/airflow/dags/train_model_lakehouse_dag.py took 0.100 seconds
[2026-06-03T17:21:21.099+0000] {processor.py:186} INFO - Started process (PID=1217) to work on /opt/airflow/dags/train_model_lakehouse_dag.py
[2026-06-03T17:21:21.100+0000] {processor.py:914} INFO - Processing file /opt/airflow/dags/train_model_lakehouse_dag.py for tasks to queue
[2026-06-03T17:21:21.104+0000] {logging_mixin.py:190} INFO - [2026-06-03T17:21:21.103+0000] {dagbag.py:588} INFO - Filling up the DagBag from /opt/airflow/dags/train_model_lakehouse_dag.py
[2026-06-03T17:21:21.117+0000] {processor.py:925} INFO - DAG(s) 'train_model_lakehouse' retrieved from /opt/airflow/dags/train_model_lakehouse_dag.py
[2026-06-03T17:21:21.149+0000] {logging_mixin.py:190} INFO - [2026-06-03T17:21:21.149+0000] {dag.py:3239} INFO - Sync 1 DAGs
[2026-06-03T17:21:21.164+0000] {logging_mixin.py:190} INFO - [2026-06-03T17:21:21.164+0000] {dag.py:4180} INFO - Setting next_dagrun for train_model_lakehouse to None, run_after=None
[2026-06-03T17:21:21.211+0000] {processor.py:208} INFO - Processing /opt/airflow/dags/train_model_lakehouse_dag.py took 0.121 seconds
[2026-06-03T17:21:51.376+0000] {processor.py:186} INFO - Started process (PID=1222) to work on /opt/airflow/dags/train_model_lakehouse_dag.py
[2026-06-03T17:21:51.408+0000] {processor.py:914} INFO - Processing file /opt/airflow/dags/train_model_lakehouse_dag.py for tasks to queue
[2026-06-03T17:21:51.411+0000] {logging_mixin.py:190} INFO - [2026-06-03T17:21:51.411+0000] {dagbag.py:588} INFO - Filling up the DagBag from /opt/airflow/dags/train_model_lakehouse_dag.py
[2026-06-03T17:21:51.424+0000] {processor.py:925} INFO - DAG(s) 'train_model_lakehouse' retrieved from /opt/airflow/dags/train_model_lakehouse_dag.py
[2026-06-03T17:21:51.457+0000] {logging_mixin.py:190} INFO - [2026-06-03T17:21:51.457+0000] {dag.py:3239} INFO - Sync 1 DAGs
[2026-06-03T17:21:51.471+0000] {logging_mixin.py:190} INFO - [2026-06-03T17:21:51.471+0000] {dag.py:4180} INFO - Setting next_dagrun for train_model_lakehouse to None, run_after=None
[2026-06-03T17:21:51.490+0000] {processor.py:208} INFO - Processing /opt/airflow/dags/train_model_lakehouse_dag.py took 0.128 seconds
[2026-06-03T17:22:21.734+0000] {processor.py:186} INFO - Started process (PID=1227) to work on /opt/airflow/dags/train_model_lakehouse_dag.py
[2026-06-03T17:22:21.735+0000] {processor.py:914} INFO - Processing file /opt/airflow/dags/train_model_lakehouse_dag.py for tasks to queue
[2026-06-03T17:22:21.738+0000] {logging_mixin.py:190} INFO - [2026-06-03T17:22:21.738+0000] {dagbag.py:588} INFO - Filling up the DagBag from /opt/airflow/dags/train_model_lakehouse_dag.py
[2026-06-03T17:22:21.749+0000] {processor.py:925} INFO - DAG(s) 'train_model_lakehouse' retrieved from /opt/airflow/dags/train_model_lakehouse_dag.py
[2026-06-03T17:22:21.782+0000] {logging_mixin.py:190} INFO - [2026-06-03T17:22:21.781+0000] {dag.py:3239} INFO - Sync 1 DAGs
[2026-06-03T17:22:21.797+0000] {logging_mixin.py:190} INFO - [2026-06-03T17:22:21.796+0000] {dag.py:4180} INFO - Setting next_dagrun for train_model_lakehouse to None, run_after=None
[2026-06-03T17:22:21.814+0000] {processor.py:208} INFO - Processing /opt/airflow/dags/train_model_lakehouse_dag.py took 0.097 seconds
[2026-06-03T17:22:52.010+0000] {processor.py:186} INFO - Started process (PID=1232) to work on /opt/airflow/dags/train_model_lakehouse_dag.py
[2026-06-03T17:22:52.034+0000] {processor.py:914} INFO - Processing file /opt/airflow/dags/train_model_lakehouse_dag.py for tasks to queue
[2026-06-03T17:22:52.039+0000] {logging_mixin.py:190} INFO - [2026-06-03T17:22:52.038+0000] {dagbag.py:588} INFO - Filling up the DagBag from /opt/airflow/dags/train_model_lakehouse_dag.py
[2026-06-03T17:22:52.053+0000] {processor.py:925} INFO - DAG(s) 'train_model_lakehouse' retrieved from /opt/airflow/dags/train_model_lakehouse_dag.py
[2026-06-03T17:22:52.090+0000] {logging_mixin.py:190} INFO - [2026-06-03T17:22:52.090+0000] {dag.py:3239} INFO - Sync 1 DAGs
[2026-06-03T17:22:52.106+0000] {logging_mixin.py:190} INFO - [2026-06-03T17:22:52.106+0000] {dag.py:4180} INFO - Setting next_dagrun for train_model_lakehouse to None, run_after=None
[2026-06-03T17:22:52.158+0000] {processor.py:208} INFO - Processing /opt/airflow/dags/train_model_lakehouse_dag.py took 0.169 seconds
[2026-06-03T17:23:22.290+0000] {processor.py:186} INFO - Started process (PID=1237) to work on /opt/airflow/dags/train_model_lakehouse_dag.py
[2026-06-03T17:23:22.291+0000] {processor.py:914} INFO - Processing file /opt/airflow/dags/train_model_lakehouse_dag.py for tasks to queue
[2026-06-03T17:23:22.295+0000] {logging_mixin.py:190} INFO - [2026-06-03T17:23:22.294+0000] {dagbag.py:588} INFO - Filling up the DagBag from /opt/airflow/dags/train_model_lakehouse_dag.py
[2026-06-03T17:23:22.306+0000] {processor.py:925} INFO - DAG(s) 'train_model_lakehouse' retrieved from /opt/airflow/dags/train_model_lakehouse_dag.py
[2026-06-03T17:23:22.338+0000] {logging_mixin.py:190} INFO - [2026-06-03T17:23:22.337+0000] {dag.py:3239} INFO - Sync 1 DAGs
[2026-06-03T17:23:22.351+0000] {logging_mixin.py:190} INFO - [2026-06-03T17:23:22.351+0000] {dag.py:4180} INFO - Setting next_dagrun for train_model_lakehouse to None, run_after=None
[2026-06-03T17:23:22.389+0000] {processor.py:208} INFO - Processing /opt/airflow/dags/train_model_lakehouse_dag.py took 0.118 seconds
[2026-06-03T17:23:52.632+0000] {processor.py:186} INFO - Started process (PID=1242) to work on /opt/airflow/dags/train_model_lakehouse_dag.py
[2026-06-03T17:23:52.653+0000] {processor.py:914} INFO - Processing file /opt/airflow/dags/train_model_lakehouse_dag.py for tasks to queue
[2026-06-03T17:23:52.656+0000] {logging_mixin.py:190} INFO - [2026-06-03T17:23:52.656+0000] {dagbag.py:588} INFO - Filling up the DagBag from /opt/airflow/dags/train_model_lakehouse_dag.py
[2026-06-03T17:23:52.668+0000] {processor.py:925} INFO - DAG(s) 'train_model_lakehouse' retrieved from /opt/airflow/dags/train_model_lakehouse_dag.py
[2026-06-03T17:23:52.701+0000] {logging_mixin.py:190} INFO - [2026-06-03T17:23:52.701+0000] {dag.py:3239} INFO - Sync 1 DAGs
[2026-06-03T17:23:52.716+0000] {logging_mixin.py:190} INFO - [2026-06-03T17:23:52.715+0000] {dag.py:4180} INFO - Setting next_dagrun for train_model_lakehouse to None, run_after=None
[2026-06-03T17:23:52.734+0000] {processor.py:208} INFO - Processing /opt/airflow/dags/train_model_lakehouse_dag.py took 0.109 seconds
[2026-06-03T17:24:22.907+0000] {processor.py:186} INFO - Started process (PID=1247) to work on /opt/airflow/dags/train_model_lakehouse_dag.py
[2026-06-03T17:24:22.910+0000] {processor.py:914} INFO - Processing file /opt/airflow/dags/train_model_lakehouse_dag.py for tasks to queue
[2026-06-03T17:24:22.912+0000] {logging_mixin.py:190} INFO - [2026-06-03T17:24:22.912+0000] {dagbag.py:588} INFO - Filling up the DagBag from /opt/airflow/dags/train_model_lakehouse_dag.py
[2026-06-03T17:24:22.923+0000] {processor.py:925} INFO - DAG(s) 'train_model_lakehouse' retrieved from /opt/airflow/dags/train_model_lakehouse_dag.py
[2026-06-03T17:24:22.957+0000] {logging_mixin.py:190} INFO - [2026-06-03T17:24:22.957+0000] {dag.py:3239} INFO - Sync 1 DAGs
[2026-06-03T17:24:22.973+0000] {logging_mixin.py:190} INFO - [2026-06-03T17:24:22.973+0000] {dag.py:4180} INFO - Setting next_dagrun for train_model_lakehouse to None, run_after=None
[2026-06-03T17:24:23.014+0000] {processor.py:208} INFO - Processing /opt/airflow/dags/train_model_lakehouse_dag.py took 0.117 seconds
[2026-06-03T17:24:54.070+0000] {processor.py:186} INFO - Started process (PID=1252) to work on /opt/airflow/dags/train_model_lakehouse_dag.py
[2026-06-03T17:24:54.074+0000] {processor.py:914} INFO - Processing file /opt/airflow/dags/train_model_lakehouse_dag.py for tasks to queue
[2026-06-03T17:24:54.077+0000] {logging_mixin.py:190} INFO - [2026-06-03T17:24:54.076+0000] {dagbag.py:588} INFO - Filling up the DagBag from /opt/airflow/dags/train_model_lakehouse_dag.py
[2026-06-03T17:24:54.088+0000] {processor.py:925} INFO - DAG(s) 'train_model_lakehouse' retrieved from /opt/airflow/dags/train_model_lakehouse_dag.py
[2026-06-03T17:24:54.121+0000] {logging_mixin.py:190} INFO - [2026-06-03T17:24:54.121+0000] {dag.py:3239} INFO - Sync 1 DAGs
[2026-06-03T17:24:54.137+0000] {logging_mixin.py:190} INFO - [2026-06-03T17:24:54.137+0000] {dag.py:4180} INFO - Setting next_dagrun for train_model_lakehouse to None, run_after=None
[2026-06-03T17:24:54.160+0000] {processor.py:208} INFO - Processing /opt/airflow/dags/train_model_lakehouse_dag.py took 0.099 seconds
[2026-06-03T17:25:24.286+0000] {processor.py:186} INFO - Started process (PID=1257) to work on /opt/airflow/dags/train_model_lakehouse_dag.py
[2026-06-03T17:25:24.287+0000] {processor.py:914} INFO - Processing file /opt/airflow/dags/train_model_lakehouse_dag.py for tasks to queue
[2026-06-03T17:25:24.290+0000] {logging_mixin.py:190} INFO - [2026-06-03T17:25:24.289+0000] {dagbag.py:588} INFO - Filling up the DagBag from /opt/airflow/dags/train_model_lakehouse_dag.py
[2026-06-03T17:25:24.301+0000] {processor.py:925} INFO - DAG(s) 'train_model_lakehouse' retrieved from /opt/airflow/dags/train_model_lakehouse_dag.py
[2026-06-03T17:25:24.336+0000] {logging_mixin.py:190} INFO - [2026-06-03T17:25:24.335+0000] {dag.py:3239} INFO - Sync 1 DAGs
[2026-06-03T17:25:24.352+0000] {logging_mixin.py:190} INFO - [2026-06-03T17:25:24.352+0000] {dag.py:4180} INFO - Setting next_dagrun for train_model_lakehouse to None, run_after=None
[2026-06-03T17:25:24.394+0000] {processor.py:208} INFO - Processing /opt/airflow/dags/train_model_lakehouse_dag.py took 0.116 seconds
[2026-06-03T17:25:54.632+0000] {processor.py:186} INFO - Started process (PID=1262) to work on /opt/airflow/dags/train_model_lakehouse_dag.py
[2026-06-03T17:25:54.633+0000] {processor.py:914} INFO - Processing file /opt/airflow/dags/train_model_lakehouse_dag.py for tasks to queue
[2026-06-03T17:25:54.635+0000] {logging_mixin.py:190} INFO - [2026-06-03T17:25:54.635+0000] {dagbag.py:588} INFO - Filling up the DagBag from /opt/airflow/dags/train_model_lakehouse_dag.py
[2026-06-03T17:25:54.647+0000] {processor.py:925} INFO - DAG(s) 'train_model_lakehouse' retrieved from /opt/airflow/dags/train_model_lakehouse_dag.py
[2026-06-03T17:25:54.680+0000] {logging_mixin.py:190} INFO - [2026-06-03T17:25:54.680+0000] {dag.py:3239} INFO - Sync 1 DAGs
[2026-06-03T17:25:54.696+0000] {logging_mixin.py:190} INFO - [2026-06-03T17:25:54.696+0000] {dag.py:4180} INFO - Setting next_dagrun for train_model_lakehouse to None, run_after=None
[2026-06-03T17:25:54.744+0000] {processor.py:208} INFO - Processing /opt/airflow/dags/train_model_lakehouse_dag.py took 0.119 seconds
[2026-06-03T17:26:24.892+0000] {processor.py:186} INFO - Started process (PID=1267) to work on /opt/airflow/dags/train_model_lakehouse_dag.py
[2026-06-03T17:26:24.894+0000] {processor.py:914} INFO - Processing file /opt/airflow/dags/train_model_lakehouse_dag.py for tasks to queue
[2026-06-03T17:26:24.897+0000] {logging_mixin.py:190} INFO - [2026-06-03T17:26:24.897+0000] {dagbag.py:588} INFO - Filling up the DagBag from /opt/airflow/dags/train_model_lakehouse_dag.py
[2026-06-03T17:26:24.910+0000] {processor.py:925} INFO - DAG(s) 'train_model_lakehouse' retrieved from /opt/airflow/dags/train_model_lakehouse_dag.py
[2026-06-03T17:26:24.949+0000] {logging_mixin.py:190} INFO - [2026-06-03T17:26:24.948+0000] {dag.py:3239} INFO - Sync 1 DAGs
[2026-06-03T17:26:24.967+0000] {logging_mixin.py:190} INFO - [2026-06-03T17:26:24.967+0000] {dag.py:4180} INFO - Setting next_dagrun for train_model_lakehouse to None, run_after=None
[2026-06-03T17:26:25.005+0000] {processor.py:208} INFO - Processing /opt/airflow/dags/train_model_lakehouse_dag.py took 0.123 seconds
[2026-06-03T17:26:55.277+0000] {processor.py:186} INFO - Started process (PID=1272) to work on /opt/airflow/dags/train_model_lakehouse_dag.py
[2026-06-03T17:26:55.310+0000] {processor.py:914} INFO - Processing file /opt/airflow/dags/train_model_lakehouse_dag.py for tasks to queue
[2026-06-03T17:26:55.319+0000] {logging_mixin.py:190} INFO - [2026-06-03T17:26:55.318+0000] {dagbag.py:588} INFO - Filling up the DagBag from /opt/airflow/dags/train_model_lakehouse_dag.py
[2026-06-03T17:26:55.345+0000] {processor.py:925} INFO - DAG(s) 'train_model_lakehouse' retrieved from /opt/airflow/dags/train_model_lakehouse_dag.py
[2026-06-03T17:26:55.379+0000] {logging_mixin.py:190} INFO - [2026-06-03T17:26:55.378+0000] {dag.py:3239} INFO - Sync 1 DAGs
[2026-06-03T17:26:55.393+0000] {logging_mixin.py:190} INFO - [2026-06-03T17:26:55.393+0000] {dag.py:4180} INFO - Setting next_dagrun for train_model_lakehouse to None, run_after=None
[2026-06-03T17:26:55.414+0000] {processor.py:208} INFO - Processing /opt/airflow/dags/train_model_lakehouse_dag.py took 0.147 seconds
[2026-06-03T17:27:25.541+0000] {processor.py:186} INFO - Started process (PID=1277) to work on /opt/airflow/dags/train_model_lakehouse_dag.py
[2026-06-03T17:27:25.541+0000] {processor.py:914} INFO - Processing file /opt/airflow/dags/train_model_lakehouse_dag.py for tasks to queue
[2026-06-03T17:27:25.544+0000] {logging_mixin.py:190} INFO - [2026-06-03T17:27:25.544+0000] {dagbag.py:588} INFO - Filling up the DagBag from /opt/airflow/dags/train_model_lakehouse_dag.py
[2026-06-03T17:27:25.555+0000] {processor.py:925} INFO - DAG(s) 'train_model_lakehouse' retrieved from /opt/airflow/dags/train_model_lakehouse_dag.py
[2026-06-03T17:27:25.586+0000] {logging_mixin.py:190} INFO - [2026-06-03T17:27:25.586+0000] {dag.py:3239} INFO - Sync 1 DAGs
[2026-06-03T17:27:25.599+0000] {logging_mixin.py:190} INFO - [2026-06-03T17:27:25.599+0000] {dag.py:4180} INFO - Setting next_dagrun for train_model_lakehouse to None, run_after=None
[2026-06-03T17:27:25.617+0000] {processor.py:208} INFO - Processing /opt/airflow/dags/train_model_lakehouse_dag.py took 0.084 seconds
[2026-06-03T17:27:55.777+0000] {processor.py:186} INFO - Started process (PID=1282) to work on /opt/airflow/dags/train_model_lakehouse_dag.py
[2026-06-03T17:27:55.778+0000] {processor.py:914} INFO - Processing file /opt/airflow/dags/train_model_lakehouse_dag.py for tasks to queue
[2026-06-03T17:27:55.782+0000] {logging_mixin.py:190} INFO - [2026-06-03T17:27:55.782+0000] {dagbag.py:588} INFO - Filling up the DagBag from /opt/airflow/dags/train_model_lakehouse_dag.py
[2026-06-03T17:27:55.795+0000] {processor.py:925} INFO - DAG(s) 'train_model_lakehouse' retrieved from /opt/airflow/dags/train_model_lakehouse_dag.py
[2026-06-03T17:27:55.827+0000] {logging_mixin.py:190} INFO - [2026-06-03T17:27:55.827+0000] {dag.py:3239} INFO - Sync 1 DAGs
[2026-06-03T17:27:55.843+0000] {logging_mixin.py:190} INFO - [2026-06-03T17:27:55.842+0000] {dag.py:4180} INFO - Setting next_dagrun for train_model_lakehouse to None, run_after=None
[2026-06-03T17:27:55.860+0000] {processor.py:208} INFO - Processing /opt/airflow/dags/train_model_lakehouse_dag.py took 0.093 seconds
[2026-06-03T17:28:26.098+0000] {processor.py:186} INFO - Started process (PID=1287) to work on /opt/airflow/dags/train_model_lakehouse_dag.py
[2026-06-03T17:28:26.099+0000] {processor.py:914} INFO - Processing file /opt/airflow/dags/train_model_lakehouse_dag.py for tasks to queue
[2026-06-03T17:28:26.104+0000] {logging_mixin.py:190} INFO - [2026-06-03T17:28:26.103+0000] {dagbag.py:588} INFO - Filling up the DagBag from /opt/airflow/dags/train_model_lakehouse_dag.py
[2026-06-03T17:28:26.116+0000] {processor.py:925} INFO - DAG(s) 'train_model_lakehouse' retrieved from /opt/airflow/dags/train_model_lakehouse_dag.py
[2026-06-03T17:28:26.148+0000] {logging_mixin.py:190} INFO - [2026-06-03T17:28:26.148+0000] {dag.py:3239} INFO - Sync 1 DAGs
[2026-06-03T17:28:26.163+0000] {logging_mixin.py:190} INFO - [2026-06-03T17:28:26.163+0000] {dag.py:4180} INFO - Setting next_dagrun for train_model_lakehouse to None, run_after=None
[2026-06-03T17:28:26.198+0000] {processor.py:208} INFO - Processing /opt/airflow/dags/train_model_lakehouse_dag.py took 0.111 seconds
[2026-06-03T17:28:56.360+0000] {processor.py:186} INFO - Started process (PID=1292) to work on /opt/airflow/dags/train_model_lakehouse_dag.py
[2026-06-03T17:28:56.362+0000] {processor.py:914} INFO - Processing file /opt/airflow/dags/train_model_lakehouse_dag.py for tasks to queue
[2026-06-03T17:28:56.365+0000] {logging_mixin.py:190} INFO - [2026-06-03T17:28:56.365+0000] {dagbag.py:588} INFO - Filling up the DagBag from /opt/airflow/dags/train_model_lakehouse_dag.py
[2026-06-03T17:28:56.376+0000] {processor.py:925} INFO - DAG(s) 'train_model_lakehouse' retrieved from /opt/airflow/dags/train_model_lakehouse_dag.py
[2026-06-03T17:28:56.411+0000] {logging_mixin.py:190} INFO - [2026-06-03T17:28:56.410+0000] {dag.py:3239} INFO - Sync 1 DAGs
[2026-06-03T17:28:56.426+0000] {logging_mixin.py:190} INFO - [2026-06-03T17:28:56.426+0000] {dag.py:4180} INFO - Setting next_dagrun for train_model_lakehouse to None, run_after=None
[2026-06-03T17:28:56.447+0000] {processor.py:208} INFO - Processing /opt/airflow/dags/train_model_lakehouse_dag.py took 0.099 seconds
[2026-06-03T17:29:26.591+0000] {processor.py:186} INFO - Started process (PID=1297) to work on /opt/airflow/dags/train_model_lakehouse_dag.py
[2026-06-03T17:29:26.592+0000] {processor.py:914} INFO - Processing file /opt/airflow/dags/train_model_lakehouse_dag.py for tasks to queue
[2026-06-03T17:29:26.595+0000] {logging_mixin.py:190} INFO - [2026-06-03T17:29:26.595+0000] {dagbag.py:588} INFO - Filling up the DagBag from /opt/airflow/dags/train_model_lakehouse_dag.py
[2026-06-03T17:29:26.607+0000] {processor.py:925} INFO - DAG(s) 'train_model_lakehouse' retrieved from /opt/airflow/dags/train_model_lakehouse_dag.py
[2026-06-03T17:29:26.641+0000] {logging_mixin.py:190} INFO - [2026-06-03T17:29:26.640+0000] {dag.py:3239} INFO - Sync 1 DAGs
[2026-06-03T17:29:26.657+0000] {logging_mixin.py:190} INFO - [2026-06-03T17:29:26.656+0000] {dag.py:4180} INFO - Setting next_dagrun for train_model_lakehouse to None, run_after=None
[2026-06-03T17:29:26.701+0000] {processor.py:208} INFO - Processing /opt/airflow/dags/train_model_lakehouse_dag.py took 0.118 seconds
[2026-06-03T17:29:40.743+0000] {processor.py:186} INFO - Started process (PID=1302) to work on /opt/airflow/dags/train_model_lakehouse_dag.py
[2026-06-03T17:29:40.744+0000] {processor.py:914} INFO - Processing file /opt/airflow/dags/train_model_lakehouse_dag.py for tasks to queue
[2026-06-03T17:29:40.747+0000] {logging_mixin.py:190} INFO - [2026-06-03T17:29:40.747+0000] {dagbag.py:588} INFO - Filling up the DagBag from /opt/airflow/dags/train_model_lakehouse_dag.py
[2026-06-03T17:29:40.759+0000] {processor.py:925} INFO - DAG(s) 'train_model_lakehouse' retrieved from /opt/airflow/dags/train_model_lakehouse_dag.py
[2026-06-03T17:29:40.936+0000] {logging_mixin.py:190} INFO - [2026-06-03T17:29:40.936+0000] {dag.py:3239} INFO - Sync 1 DAGs
[2026-06-03T17:29:40.950+0000] {logging_mixin.py:190} INFO - [2026-06-03T17:29:40.950+0000] {dag.py:4180} INFO - Setting next_dagrun for train_model_lakehouse to None, run_after=None
[2026-06-03T17:29:40.971+0000] {processor.py:208} INFO - Processing /opt/airflow/dags/train_model_lakehouse_dag.py took 0.238 seconds
[2026-06-03T17:30:11.148+0000] {processor.py:186} INFO - Started process (PID=1367) to work on /opt/airflow/dags/train_model_lakehouse_dag.py
[2026-06-03T17:30:11.149+0000] {processor.py:914} INFO - Processing file /opt/airflow/dags/train_model_lakehouse_dag.py for tasks to queue
[2026-06-03T17:30:11.152+0000] {logging_mixin.py:190} INFO - [2026-06-03T17:30:11.151+0000] {dagbag.py:588} INFO - Filling up the DagBag from /opt/airflow/dags/train_model_lakehouse_dag.py
[2026-06-03T17:30:11.164+0000] {processor.py:925} INFO - DAG(s) 'train_model_lakehouse' retrieved from /opt/airflow/dags/train_model_lakehouse_dag.py
[2026-06-03T17:30:11.198+0000] {logging_mixin.py:190} INFO - [2026-06-03T17:30:11.198+0000] {dag.py:3239} INFO - Sync 1 DAGs
[2026-06-03T17:30:11.217+0000] {logging_mixin.py:190} INFO - [2026-06-03T17:30:11.217+0000] {dag.py:4180} INFO - Setting next_dagrun for train_model_lakehouse to None, run_after=None
[2026-06-03T17:30:11.235+0000] {processor.py:208} INFO - Processing /opt/airflow/dags/train_model_lakehouse_dag.py took 0.095 seconds
[2026-06-03T17:30:48.331+0000] {processor.py:186} INFO - Started process (PID=1453) to work on /opt/airflow/dags/train_model_lakehouse_dag.py
[2026-06-03T17:52:53.685+0000] {processor.py:914} INFO - Processing file /opt/airflow/dags/train_model_lakehouse_dag.py for tasks to queue
[2026-06-03T17:52:56.533+0000] {logging_mixin.py:190} INFO - [2026-06-03T17:52:55.768+0000] {dagbag.py:588} INFO - Filling up the DagBag from /opt/airflow/dags/train_model_lakehouse_dag.py
[2026-06-03T17:53:05.875+0000] {processor.py:925} INFO - DAG(s) 'train_model_lakehouse' retrieved from /opt/airflow/dags/train_model_lakehouse_dag.py
