[2026-06-03T10:38:29.782+0000] {manager.py:483} INFO - Processing files using up to 2 processes at a time 
[2026-06-03T10:38:29.783+0000] {manager.py:484} INFO - Process each file at most once every 30 seconds
[2026-06-03T10:38:29.783+0000] {manager.py:485} INFO - Checking for new files in /opt/airflow/dags every 300 seconds
[2026-06-03T10:38:29.784+0000] {manager.py:821} INFO - Searching for files in /opt/airflow/dags
[2026-06-03T10:38:29.785+0000] {manager.py:824} INFO - There are 1 files in /opt/airflow/dags
[2026-06-03T10:38:29.875+0000] {manager.py:997} INFO - 
================================================================================
DAG File Processing Stats

File Path                                         PID  Runtime      # DAGs    # Errors  Last Runtime    Last Run      Last # of DB Queries
----------------------------------------------  -----  ---------  --------  ----------  --------------  ----------  ----------------------
/opt/airflow/dags/train_model_lakehouse_dag.py    166  0.03s             0           0                                                   0
================================================================================
[2026-06-03T10:39:00.041+0000] {manager.py:997} INFO - 
================================================================================
DAG File Processing Stats

File Path                                       PID    Runtime      # DAGs    # Errors  Last Runtime    Last Run               Last # of DB Queries
----------------------------------------------  -----  ---------  --------  ----------  --------------  -------------------  ----------------------
/opt/airflow/dags/train_model_lakehouse_dag.py                           1           0  0.60s           2026-06-03T10:38:30                      39
================================================================================
[2026-06-03T10:39:30.895+0000] {manager.py:997} INFO - 
================================================================================
DAG File Processing Stats

File Path                                         PID  Runtime      # DAGs    # Errors  Last Runtime    Last Run               Last # of DB Queries
----------------------------------------------  -----  ---------  --------  ----------  --------------  -------------------  ----------------------
/opt/airflow/dags/train_model_lakehouse_dag.py    177  0.02s             1           0  0.14s           2026-06-03T10:39:00                      10
================================================================================
[2026-06-03T10:40:01.297+0000] {manager.py:997} INFO - 
================================================================================
DAG File Processing Stats

File Path                                         PID  Runtime      # DAGs    # Errors  Last Runtime    Last Run               Last # of DB Queries
----------------------------------------------  -----  ---------  --------  ----------  --------------  -------------------  ----------------------
/opt/airflow/dags/train_model_lakehouse_dag.py    182  0.02s             1           0  0.34s           2026-06-03T10:39:31                      10
================================================================================
[2026-06-03T10:40:31.759+0000] {manager.py:997} INFO - 
================================================================================
DAG File Processing Stats

File Path                                         PID  Runtime      # DAGs    # Errors  Last Runtime    Last Run               Last # of DB Queries
----------------------------------------------  -----  ---------  --------  ----------  --------------  -------------------  ----------------------
/opt/airflow/dags/train_model_lakehouse_dag.py    187  0.01s             1           0  0.35s           2026-06-03T10:40:01                      10
================================================================================
[2026-06-03T10:41:02.185+0000] {manager.py:997} INFO - 
================================================================================
DAG File Processing Stats

File Path                                         PID  Runtime      # DAGs    # Errors  Last Runtime    Last Run               Last # of DB Queries
----------------------------------------------  -----  ---------  --------  ----------  --------------  -------------------  ----------------------
/opt/airflow/dags/train_model_lakehouse_dag.py    192  0.02s             1           0  0.21s           2026-06-03T10:40:31                      10
================================================================================
[2026-06-03T10:41:32.504+0000] {manager.py:997} INFO - 
================================================================================
DAG File Processing Stats

File Path                                       PID    Runtime      # DAGs    # Errors  Last Runtime    Last Run               Last # of DB Queries
----------------------------------------------  -----  ---------  --------  ----------  --------------  -------------------  ----------------------
/opt/airflow/dags/train_model_lakehouse_dag.py                           1           0  0.37s           2026-06-03T10:41:02                      10
================================================================================
[2026-06-03T10:42:03.113+0000] {manager.py:997} INFO - 
================================================================================
DAG File Processing Stats

File Path                                       PID    Runtime      # DAGs    # Errors  Last Runtime    Last Run               Last # of DB Queries
----------------------------------------------  -----  ---------  --------  ----------  --------------  -------------------  ----------------------
/opt/airflow/dags/train_model_lakehouse_dag.py                           1           0  0.37s           2026-06-03T10:41:33                      10
================================================================================
[2026-06-03T10:42:33.754+0000] {manager.py:997} INFO - 
================================================================================
DAG File Processing Stats

File Path                                       PID    Runtime      # DAGs    # Errors  Last Runtime    Last Run               Last # of DB Queries
----------------------------------------------  -----  ---------  --------  ----------  --------------  -------------------  ----------------------
/opt/airflow/dags/train_model_lakehouse_dag.py                           1           0  0.32s           2026-06-03T10:42:03                      10
================================================================================
[2026-06-03T10:43:04.317+0000] {manager.py:997} INFO - 
================================================================================
DAG File Processing Stats

File Path                                         PID  Runtime      # DAGs    # Errors  Last Runtime    Last Run               Last # of DB Queries
----------------------------------------------  -----  ---------  --------  ----------  --------------  -------------------  ----------------------
/opt/airflow/dags/train_model_lakehouse_dag.py    212  0.01s             1           0  0.20s           2026-06-03T10:42:34                      10
================================================================================
[2026-06-03T10:43:30.560+0000] {manager.py:821} INFO - Searching for files in /opt/airflow/dags
[2026-06-03T10:43:30.564+0000] {manager.py:824} INFO - There are 1 files in /opt/airflow/dags
[2026-06-03T10:43:34.655+0000] {manager.py:997} INFO - 
================================================================================
DAG File Processing Stats

File Path                                         PID  Runtime      # DAGs    # Errors  Last Runtime    Last Run               Last # of DB Queries
----------------------------------------------  -----  ---------  --------  ----------  --------------  -------------------  ----------------------
/opt/airflow/dags/train_model_lakehouse_dag.py    217  0.02s             1           0  0.16s           2026-06-03T10:43:04                      10
================================================================================
[2026-06-03T10:44:05.019+0000] {manager.py:997} INFO - 
================================================================================
DAG File Processing Stats

File Path                                         PID  Runtime      # DAGs    # Errors  Last Runtime    Last Run               Last # of DB Queries
----------------------------------------------  -----  ---------  --------  ----------  --------------  -------------------  ----------------------
/opt/airflow/dags/train_model_lakehouse_dag.py    222  0.02s             1           0  0.29s           2026-06-03T10:43:34                      10
================================================================================
[2026-06-03T10:44:35.439+0000] {manager.py:997} INFO - 
================================================================================
DAG File Processing Stats

File Path                                         PID  Runtime      # DAGs    # Errors  Last Runtime    Last Run               Last # of DB Queries
----------------------------------------------  -----  ---------  --------  ----------  --------------  -------------------  ----------------------
/opt/airflow/dags/train_model_lakehouse_dag.py    227  0.01s             1           0  0.29s           2026-06-03T10:44:05                      10
================================================================================
[2026-06-03T10:45:05.834+0000] {manager.py:997} INFO - 
================================================================================
DAG File Processing Stats

File Path                                         PID  Runtime      # DAGs    # Errors  Last Runtime    Last Run               Last # of DB Queries
----------------------------------------------  -----  ---------  --------  ----------  --------------  -------------------  ----------------------
/opt/airflow/dags/train_model_lakehouse_dag.py    232  0.01s             1           0  0.21s           2026-06-03T10:44:35                      10
================================================================================
[2026-06-03T10:45:36.175+0000] {manager.py:997} INFO - 
================================================================================
DAG File Processing Stats

File Path                                         PID  Runtime      # DAGs    # Errors  Last Runtime    Last Run               Last # of DB Queries
----------------------------------------------  -----  ---------  --------  ----------  --------------  -------------------  ----------------------
/opt/airflow/dags/train_model_lakehouse_dag.py    247  0.02s             1           0  0.16s           2026-06-03T10:45:05                      10
================================================================================
[2026-06-03T10:46:06.539+0000] {manager.py:997} INFO - 
================================================================================
DAG File Processing Stats

File Path                                         PID  Runtime      # DAGs    # Errors  Last Runtime    Last Run               Last # of DB Queries
----------------------------------------------  -----  ---------  --------  ----------  --------------  -------------------  ----------------------
/opt/airflow/dags/train_model_lakehouse_dag.py    252  0.02s             1           0  0.26s           2026-06-03T10:45:36                      10
================================================================================
[2026-06-03T10:46:36.991+0000] {manager.py:997} INFO - 
================================================================================
DAG File Processing Stats

File Path                                         PID  Runtime      # DAGs    # Errors  Last Runtime    Last Run               Last # of DB Queries
----------------------------------------------  -----  ---------  --------  ----------  --------------  -------------------  ----------------------
/opt/airflow/dags/train_model_lakehouse_dag.py    257  0.02s             1           0  0.28s           2026-06-03T10:46:06                      10
================================================================================
[2026-06-03T10:47:07.394+0000] {manager.py:997} INFO - 
================================================================================
DAG File Processing Stats

File Path                                         PID  Runtime      # DAGs    # Errors  Last Runtime    Last Run               Last # of DB Queries
----------------------------------------------  -----  ---------  --------  ----------  --------------  -------------------  ----------------------
/opt/airflow/dags/train_model_lakehouse_dag.py    262  0.02s             1           0  0.36s           2026-06-03T10:46:37                      10
================================================================================
[2026-06-03T10:47:37.908+0000] {manager.py:997} INFO - 
================================================================================
DAG File Processing Stats

File Path                                         PID  Runtime      # DAGs    # Errors  Last Runtime    Last Run               Last # of DB Queries
----------------------------------------------  -----  ---------  --------  ----------  --------------  -------------------  ----------------------
/opt/airflow/dags/train_model_lakehouse_dag.py    267  0.02s             1           0  0.27s           2026-06-03T10:47:07                      10
================================================================================
[2026-06-03T10:48:08.248+0000] {manager.py:997} INFO - 
================================================================================
DAG File Processing Stats

File Path                                         PID  Runtime      # DAGs    # Errors  Last Runtime    Last Run               Last # of DB Queries
----------------------------------------------  -----  ---------  --------  ----------  --------------  -------------------  ----------------------
/opt/airflow/dags/train_model_lakehouse_dag.py    272  0.02s             1           0  0.28s           2026-06-03T10:47:38                      10
================================================================================
[2026-06-03T10:48:30.639+0000] {manager.py:821} INFO - Searching for files in /opt/airflow/dags
[2026-06-03T10:48:30.643+0000] {manager.py:824} INFO - There are 1 files in /opt/airflow/dags
[2026-06-03T10:48:38.745+0000] {manager.py:997} INFO - 
================================================================================
DAG File Processing Stats

File Path                                         PID  Runtime      # DAGs    # Errors  Last Runtime    Last Run               Last # of DB Queries
----------------------------------------------  -----  ---------  --------  ----------  --------------  -------------------  ----------------------
/opt/airflow/dags/train_model_lakehouse_dag.py    277  0.01s             1           0  0.28s           2026-06-03T10:48:08                      10
================================================================================
[2026-06-03T10:49:09.016+0000] {manager.py:997} INFO - 
================================================================================
DAG File Processing Stats

File Path                                         PID  Runtime      # DAGs    # Errors  Last Runtime    Last Run               Last # of DB Queries
----------------------------------------------  -----  ---------  --------  ----------  --------------  -------------------  ----------------------
/opt/airflow/dags/train_model_lakehouse_dag.py    282  0.02s             1           0  0.15s           2026-06-03T10:48:38                      10
================================================================================
[2026-06-03T10:49:39.430+0000] {manager.py:997} INFO - 
================================================================================
DAG File Processing Stats

File Path                                         PID  Runtime      # DAGs    # Errors  Last Runtime    Last Run               Last # of DB Queries
----------------------------------------------  -----  ---------  --------  ----------  --------------  -------------------  ----------------------
/opt/airflow/dags/train_model_lakehouse_dag.py    287  0.02s             1           0  0.38s           2026-06-03T10:49:09                      10
================================================================================
[2026-06-03T10:50:09.957+0000] {manager.py:997} INFO - 
================================================================================
DAG File Processing Stats

File Path                                         PID  Runtime      # DAGs    # Errors  Last Runtime    Last Run               Last # of DB Queries
----------------------------------------------  -----  ---------  --------  ----------  --------------  -------------------  ----------------------
/opt/airflow/dags/train_model_lakehouse_dag.py    292  0.01s             1           0  0.30s           2026-06-03T10:49:39                      10
================================================================================
[2026-06-03T10:50:40.292+0000] {manager.py:997} INFO - 
================================================================================
DAG File Processing Stats

File Path                                         PID  Runtime      # DAGs    # Errors  Last Runtime    Last Run               Last # of DB Queries
----------------------------------------------  -----  ---------  --------  ----------  --------------  -------------------  ----------------------
/opt/airflow/dags/train_model_lakehouse_dag.py    297  0.02s             1           0  0.23s           2026-06-03T10:50:10                      10
================================================================================
[2026-06-03T10:51:10.759+0000] {manager.py:997} INFO - 
================================================================================
DAG File Processing Stats

File Path                                         PID  Runtime      # DAGs    # Errors  Last Runtime    Last Run               Last # of DB Queries
----------------------------------------------  -----  ---------  --------  ----------  --------------  -------------------  ----------------------
/opt/airflow/dags/train_model_lakehouse_dag.py    302  0.02s             1           0  0.33s           2026-06-03T10:50:40                      10
================================================================================
[2026-06-03T10:51:41.199+0000] {manager.py:997} INFO - 
================================================================================
DAG File Processing Stats

File Path                                         PID  Runtime      # DAGs    # Errors  Last Runtime    Last Run               Last # of DB Queries
----------------------------------------------  -----  ---------  --------  ----------  --------------  -------------------  ----------------------
/opt/airflow/dags/train_model_lakehouse_dag.py    307  0.02s             1           0  0.34s           2026-06-03T10:51:11                      10
================================================================================
[2026-06-03T10:52:11.622+0000] {manager.py:997} INFO - 
================================================================================
DAG File Processing Stats

File Path                                         PID  Runtime      # DAGs    # Errors  Last Runtime    Last Run               Last # of DB Queries
----------------------------------------------  -----  ---------  --------  ----------  --------------  -------------------  ----------------------
/opt/airflow/dags/train_model_lakehouse_dag.py    312  0.01s             1           0  0.28s           2026-06-03T10:51:41                      10
================================================================================
[2026-06-03T10:52:41.997+0000] {manager.py:997} INFO - 
================================================================================
DAG File Processing Stats

File Path                                         PID  Runtime      # DAGs    # Errors  Last Runtime    Last Run               Last # of DB Queries
----------------------------------------------  -----  ---------  --------  ----------  --------------  -------------------  ----------------------
/opt/airflow/dags/train_model_lakehouse_dag.py    317  0.02s             1           0  0.18s           2026-06-03T10:52:11                      10
================================================================================
[2026-06-03T10:53:12.371+0000] {manager.py:997} INFO - 
================================================================================
DAG File Processing Stats

File Path                                       PID    Runtime      # DAGs    # Errors  Last Runtime    Last Run               Last # of DB Queries
----------------------------------------------  -----  ---------  --------  ----------  --------------  -------------------  ----------------------
/opt/airflow/dags/train_model_lakehouse_dag.py                           1           0  0.41s           2026-06-03T10:52:42                      10
================================================================================
[2026-06-03T10:53:14.711+0000] {manager.py:465} INFO - Exiting gracefully upon receiving signal 15
[2026-06-03T11:04:47.829+0000] {manager.py:483} INFO - Processing files using up to 2 processes at a time 
[2026-06-03T11:04:47.830+0000] {manager.py:484} INFO - Process each file at most once every 30 seconds
[2026-06-03T11:04:47.831+0000] {manager.py:485} INFO - Checking for new files in /opt/airflow/dags every 300 seconds
[2026-06-03T11:04:47.832+0000] {manager.py:821} INFO - Searching for files in /opt/airflow/dags
[2026-06-03T11:04:47.834+0000] {manager.py:824} INFO - There are 1 files in /opt/airflow/dags
[2026-06-03T11:04:47.903+0000] {manager.py:997} INFO - 
================================================================================
DAG File Processing Stats

File Path                                         PID  Runtime      # DAGs    # Errors  Last Runtime    Last Run      Last # of DB Queries
----------------------------------------------  -----  ---------  --------  ----------  --------------  ----------  ----------------------
/opt/airflow/dags/train_model_lakehouse_dag.py    167  0.02s             0           0                                                   0
================================================================================
[2026-06-03T11:05:04.559+0000] {manager.py:465} INFO - Exiting gracefully upon receiving signal 15
[2026-06-03T11:07:00.854+0000] {manager.py:483} INFO - Processing files using up to 2 processes at a time 
[2026-06-03T11:07:00.879+0000] {manager.py:484} INFO - Process each file at most once every 30 seconds
[2026-06-03T11:07:00.879+0000] {manager.py:485} INFO - Checking for new files in /opt/airflow/dags every 300 seconds
[2026-06-03T11:07:00.880+0000] {manager.py:821} INFO - Searching for files in /opt/airflow/dags
[2026-06-03T11:07:00.883+0000] {manager.py:824} INFO - There are 1 files in /opt/airflow/dags
[2026-06-03T11:07:00.961+0000] {manager.py:997} INFO - 
================================================================================
DAG File Processing Stats

File Path                                         PID  Runtime      # DAGs    # Errors  Last Runtime    Last Run      Last # of DB Queries
----------------------------------------------  -----  ---------  --------  ----------  --------------  ----------  ----------------------
/opt/airflow/dags/train_model_lakehouse_dag.py    167  0.03s             0           0                                                   0
================================================================================
[2026-06-03T11:07:31.119+0000] {manager.py:997} INFO - 
================================================================================
DAG File Processing Stats

File Path                                         PID  Runtime      # DAGs    # Errors  Last Runtime    Last Run               Last # of DB Queries
----------------------------------------------  -----  ---------  --------  ----------  --------------  -------------------  ----------------------
/opt/airflow/dags/train_model_lakehouse_dag.py    172  0.01s             1           0  0.12s           2026-06-03T11:07:01                      10
================================================================================
[2026-06-03T11:08:01.426+0000] {manager.py:997} INFO - 
================================================================================
DAG File Processing Stats

File Path                                         PID  Runtime      # DAGs    # Errors  Last Runtime    Last Run               Last # of DB Queries
----------------------------------------------  -----  ---------  --------  ----------  --------------  -------------------  ----------------------
/opt/airflow/dags/train_model_lakehouse_dag.py    177  0.01s             1           0  0.12s           2026-06-03T11:07:31                      10
================================================================================
[2026-06-03T11:08:31.666+0000] {manager.py:997} INFO - 
================================================================================
DAG File Processing Stats

File Path                                         PID  Runtime      # DAGs    # Errors  Last Runtime    Last Run               Last # of DB Queries
----------------------------------------------  -----  ---------  --------  ----------  --------------  -------------------  ----------------------
/opt/airflow/dags/train_model_lakehouse_dag.py    182  0.01s             1           0  0.16s           2026-06-03T11:08:01                      10
================================================================================
[2026-06-03T11:09:01.905+0000] {manager.py:997} INFO - 
================================================================================
DAG File Processing Stats

File Path                                         PID  Runtime      # DAGs    # Errors  Last Runtime    Last Run               Last # of DB Queries
----------------------------------------------  -----  ---------  --------  ----------  --------------  -------------------  ----------------------
/opt/airflow/dags/train_model_lakehouse_dag.py    240  0.02s             1           0  0.13s           2026-06-03T11:08:31                      10
================================================================================
[2026-06-03T11:09:32.241+0000] {manager.py:997} INFO - 
================================================================================
DAG File Processing Stats

File Path                                         PID  Runtime      # DAGs    # Errors  Last Runtime    Last Run               Last # of DB Queries
----------------------------------------------  -----  ---------  --------  ----------  --------------  -------------------  ----------------------
/opt/airflow/dags/train_model_lakehouse_dag.py    245  0.01s             1           0  0.14s           2026-06-03T11:09:02                      10
================================================================================
[2026-06-03T11:10:02.514+0000] {manager.py:997} INFO - 
================================================================================
DAG File Processing Stats

File Path                                         PID  Runtime      # DAGs    # Errors  Last Runtime    Last Run               Last # of DB Queries
----------------------------------------------  -----  ---------  --------  ----------  --------------  -------------------  ----------------------
/opt/airflow/dags/train_model_lakehouse_dag.py    250  0.02s             1           0  0.14s           2026-06-03T11:09:32                      10
================================================================================
[2026-06-03T11:10:32.807+0000] {manager.py:997} INFO - 
================================================================================
DAG File Processing Stats

File Path                                         PID  Runtime      # DAGs    # Errors  Last Runtime    Last Run               Last # of DB Queries
----------------------------------------------  -----  ---------  --------  ----------  --------------  -------------------  ----------------------
/opt/airflow/dags/train_model_lakehouse_dag.py    255  0.02s             1           0  0.15s           2026-06-03T11:10:02                      10
================================================================================
[2026-06-03T11:11:03.099+0000] {manager.py:997} INFO - 
================================================================================
DAG File Processing Stats

File Path                                         PID  Runtime      # DAGs    # Errors  Last Runtime    Last Run               Last # of DB Queries
----------------------------------------------  -----  ---------  --------  ----------  --------------  -------------------  ----------------------
/opt/airflow/dags/train_model_lakehouse_dag.py    260  0.01s             1           0  0.15s           2026-06-03T11:10:32                      10
================================================================================
[2026-06-03T11:11:33.464+0000] {manager.py:997} INFO - 
================================================================================
DAG File Processing Stats

File Path                                         PID  Runtime      # DAGs    # Errors  Last Runtime    Last Run               Last # of DB Queries
----------------------------------------------  -----  ---------  --------  ----------  --------------  -------------------  ----------------------
/opt/airflow/dags/train_model_lakehouse_dag.py    265  0.02s             1           0  0.14s           2026-06-03T11:11:03                      10
================================================================================
[2026-06-03T11:12:01.644+0000] {manager.py:821} INFO - Searching for files in /opt/airflow/dags
[2026-06-03T11:12:01.682+0000] {manager.py:824} INFO - There are 1 files in /opt/airflow/dags
[2026-06-03T11:12:03.747+0000] {manager.py:997} INFO - 
================================================================================
DAG File Processing Stats

File Path                                         PID  Runtime      # DAGs    # Errors  Last Runtime    Last Run               Last # of DB Queries
----------------------------------------------  -----  ---------  --------  ----------  --------------  -------------------  ----------------------
/opt/airflow/dags/train_model_lakehouse_dag.py    270  0.02s             1           0  0.18s           2026-06-03T11:11:33                      10
================================================================================
[2026-06-03T11:12:34.072+0000] {manager.py:997} INFO - 
================================================================================
DAG File Processing Stats

File Path                                         PID  Runtime      # DAGs    # Errors  Last Runtime    Last Run               Last # of DB Queries
----------------------------------------------  -----  ---------  --------  ----------  --------------  -------------------  ----------------------
/opt/airflow/dags/train_model_lakehouse_dag.py    275  0.01s             1           0  0.13s           2026-06-03T11:12:03                      10
================================================================================
[2026-06-03T11:13:04.336+0000] {manager.py:997} INFO - 
================================================================================
DAG File Processing Stats

File Path                                         PID  Runtime      # DAGs    # Errors  Last Runtime    Last Run               Last # of DB Queries
----------------------------------------------  -----  ---------  --------  ----------  --------------  -------------------  ----------------------
/opt/airflow/dags/train_model_lakehouse_dag.py    280  0.01s             1           0  0.12s           2026-06-03T11:12:34                      10
================================================================================
[2026-06-03T11:13:34.582+0000] {manager.py:997} INFO - 
================================================================================
DAG File Processing Stats

File Path                                         PID  Runtime      # DAGs    # Errors  Last Runtime    Last Run               Last # of DB Queries
----------------------------------------------  -----  ---------  --------  ----------  --------------  -------------------  ----------------------
/opt/airflow/dags/train_model_lakehouse_dag.py    285  0.01s             1           0  0.13s           2026-06-03T11:13:04                      10
================================================================================
[2026-06-03T11:14:04.890+0000] {manager.py:997} INFO - 
================================================================================
DAG File Processing Stats

File Path                                         PID  Runtime      # DAGs    # Errors  Last Runtime    Last Run               Last # of DB Queries
----------------------------------------------  -----  ---------  --------  ----------  --------------  -------------------  ----------------------
/opt/airflow/dags/train_model_lakehouse_dag.py    290  0.02s             1           0  0.15s           2026-06-03T11:13:34                      10
================================================================================
[2026-06-03T11:14:35.192+0000] {manager.py:997} INFO - 
================================================================================
DAG File Processing Stats

File Path                                         PID  Runtime      # DAGs    # Errors  Last Runtime    Last Run               Last # of DB Queries
----------------------------------------------  -----  ---------  --------  ----------  --------------  -------------------  ----------------------
/opt/airflow/dags/train_model_lakehouse_dag.py    295  0.02s             1           0  0.14s           2026-06-03T11:14:05                      10
================================================================================
[2026-06-03T11:15:05.477+0000] {manager.py:997} INFO - 
================================================================================
DAG File Processing Stats

File Path                                         PID  Runtime      # DAGs    # Errors  Last Runtime    Last Run               Last # of DB Queries
----------------------------------------------  -----  ---------  --------  ----------  --------------  -------------------  ----------------------
/opt/airflow/dags/train_model_lakehouse_dag.py    300  0.02s             1           0  0.16s           2026-06-03T11:14:35                      10
================================================================================
[2026-06-03T11:15:35.742+0000] {manager.py:997} INFO - 
================================================================================
DAG File Processing Stats

File Path                                         PID  Runtime      # DAGs    # Errors  Last Runtime    Last Run               Last # of DB Queries
----------------------------------------------  -----  ---------  --------  ----------  --------------  -------------------  ----------------------
/opt/airflow/dags/train_model_lakehouse_dag.py    305  0.01s             1           0  0.14s           2026-06-03T11:15:05                      10
================================================================================
[2026-06-03T11:15:51.251+0000] {manager.py:465} INFO - Exiting gracefully upon receiving signal 15
[2026-06-03T13:15:04.359+0000] {manager.py:483} INFO - Processing files using up to 2 processes at a time 
[2026-06-03T13:15:04.360+0000] {manager.py:484} INFO - Process each file at most once every 30 seconds
[2026-06-03T13:15:04.360+0000] {manager.py:485} INFO - Checking for new files in /opt/airflow/dags every 300 seconds
[2026-06-03T13:15:04.361+0000] {manager.py:821} INFO - Searching for files in /opt/airflow/dags
[2026-06-03T13:15:04.363+0000] {manager.py:824} INFO - There are 1 files in /opt/airflow/dags
[2026-06-03T13:15:04.454+0000] {manager.py:997} INFO - 
================================================================================
DAG File Processing Stats

File Path                                         PID  Runtime      # DAGs    # Errors  Last Runtime    Last Run      Last # of DB Queries
----------------------------------------------  -----  ---------  --------  ----------  --------------  ----------  ----------------------
/opt/airflow/dags/train_model_lakehouse_dag.py    166  0.03s             0           0                                                   0
================================================================================
[2026-06-03T13:15:34.600+0000] {manager.py:997} INFO - 
================================================================================
DAG File Processing Stats

File Path                                       PID    Runtime      # DAGs    # Errors  Last Runtime    Last Run               Last # of DB Queries
----------------------------------------------  -----  ---------  --------  ----------  --------------  -------------------  ----------------------
/opt/airflow/dags/train_model_lakehouse_dag.py                           1           0  0.20s           2026-06-03T13:15:04                      10
================================================================================
[2026-06-03T13:16:05.067+0000] {manager.py:997} INFO - 
================================================================================
DAG File Processing Stats

File Path                                         PID  Runtime      # DAGs    # Errors  Last Runtime    Last Run               Last # of DB Queries
----------------------------------------------  -----  ---------  --------  ----------  --------------  -------------------  ----------------------
/opt/airflow/dags/train_model_lakehouse_dag.py    229  0.02s             1           0  0.18s           2026-06-03T13:15:34                      10
================================================================================
[2026-06-03T13:16:35.520+0000] {manager.py:997} INFO - 
================================================================================
DAG File Processing Stats

File Path                                         PID  Runtime      # DAGs    # Errors  Last Runtime    Last Run               Last # of DB Queries
----------------------------------------------  -----  ---------  --------  ----------  --------------  -------------------  ----------------------
/opt/airflow/dags/train_model_lakehouse_dag.py    234  0.02s             1           0  0.23s           2026-06-03T13:16:05                      10
================================================================================
[2026-06-03T13:17:05.817+0000] {manager.py:997} INFO - 
================================================================================
DAG File Processing Stats

File Path                                         PID  Runtime      # DAGs    # Errors  Last Runtime    Last Run               Last # of DB Queries
----------------------------------------------  -----  ---------  --------  ----------  --------------  -------------------  ----------------------
/opt/airflow/dags/train_model_lakehouse_dag.py    248  0.02s             1           0  0.27s           2026-06-03T13:16:35                      10
================================================================================
[2026-06-03T13:17:36.302+0000] {manager.py:997} INFO - 
================================================================================
DAG File Processing Stats

File Path                                         PID  Runtime      # DAGs    # Errors  Last Runtime    Last Run               Last # of DB Queries
----------------------------------------------  -----  ---------  --------  ----------  --------------  -------------------  ----------------------
/opt/airflow/dags/train_model_lakehouse_dag.py    253  0.02s             1           0  0.30s           2026-06-03T13:17:06                      10
================================================================================
[2026-06-03T13:18:06.626+0000] {manager.py:997} INFO - 
================================================================================
DAG File Processing Stats

File Path                                       PID    Runtime      # DAGs    # Errors  Last Runtime    Last Run               Last # of DB Queries
----------------------------------------------  -----  ---------  --------  ----------  --------------  -------------------  ----------------------
/opt/airflow/dags/train_model_lakehouse_dag.py                           1           0  0.40s           2026-06-03T13:17:36                      10
================================================================================
[2026-06-03T13:18:37.218+0000] {manager.py:997} INFO - 
================================================================================
DAG File Processing Stats

File Path                                         PID  Runtime      # DAGs    # Errors  Last Runtime    Last Run               Last # of DB Queries
----------------------------------------------  -----  ---------  --------  ----------  --------------  -------------------  ----------------------
/opt/airflow/dags/train_model_lakehouse_dag.py    263  0.02s             1           0  0.20s           2026-06-03T13:18:07                      10
================================================================================
[2026-06-03T13:19:07.703+0000] {manager.py:997} INFO - 
================================================================================
DAG File Processing Stats

File Path                                         PID  Runtime      # DAGs    # Errors  Last Runtime    Last Run               Last # of DB Queries
----------------------------------------------  -----  ---------  --------  ----------  --------------  -------------------  ----------------------
/opt/airflow/dags/train_model_lakehouse_dag.py    268  0.01s             1           0  0.33s           2026-06-03T13:18:37                      10
================================================================================
[2026-06-03T13:19:38.085+0000] {manager.py:997} INFO - 
================================================================================
DAG File Processing Stats

File Path                                         PID  Runtime      # DAGs    # Errors  Last Runtime    Last Run               Last # of DB Queries
----------------------------------------------  -----  ---------  --------  ----------  --------------  -------------------  ----------------------
/opt/airflow/dags/train_model_lakehouse_dag.py    273  0.01s             1           0  0.15s           2026-06-03T13:19:07                      10
================================================================================
[2026-06-03T13:20:04.477+0000] {manager.py:821} INFO - Searching for files in /opt/airflow/dags
[2026-06-03T13:20:04.480+0000] {manager.py:824} INFO - There are 1 files in /opt/airflow/dags
[2026-06-03T13:20:08.416+0000] {manager.py:997} INFO - 
================================================================================
DAG File Processing Stats

File Path                                         PID  Runtime      # DAGs    # Errors  Last Runtime    Last Run               Last # of DB Queries
----------------------------------------------  -----  ---------  --------  ----------  --------------  -------------------  ----------------------
/opt/airflow/dags/train_model_lakehouse_dag.py    278  0.02s             1           0  0.19s           2026-06-03T13:19:38                      10
================================================================================
[2026-06-03T13:20:38.848+0000] {manager.py:997} INFO - 
================================================================================
DAG File Processing Stats

File Path                                         PID  Runtime      # DAGs    # Errors  Last Runtime    Last Run               Last # of DB Queries
----------------------------------------------  -----  ---------  --------  ----------  --------------  -------------------  ----------------------
/opt/airflow/dags/train_model_lakehouse_dag.py    292  0.02s             1           0  0.29s           2026-06-03T13:20:08                      10
================================================================================
[2026-06-03T13:21:09.251+0000] {manager.py:997} INFO - 
================================================================================
DAG File Processing Stats

File Path                                         PID  Runtime      # DAGs    # Errors  Last Runtime    Last Run               Last # of DB Queries
----------------------------------------------  -----  ---------  --------  ----------  --------------  -------------------  ----------------------
/opt/airflow/dags/train_model_lakehouse_dag.py    297  0.01s             1           0  0.28s           2026-06-03T13:20:39                      10
================================================================================
[2026-06-03T13:21:39.659+0000] {manager.py:997} INFO - 
================================================================================
DAG File Processing Stats

File Path                                         PID  Runtime      # DAGs    # Errors  Last Runtime    Last Run               Last # of DB Queries
----------------------------------------------  -----  ---------  --------  ----------  --------------  -------------------  ----------------------
/opt/airflow/dags/train_model_lakehouse_dag.py    302  0.02s             1           0  0.32s           2026-06-03T13:21:09                      10
================================================================================
[2026-06-03T13:22:10.215+0000] {manager.py:997} INFO - 
================================================================================
DAG File Processing Stats

File Path                                         PID  Runtime      # DAGs    # Errors  Last Runtime    Last Run               Last # of DB Queries
----------------------------------------------  -----  ---------  --------  ----------  --------------  -------------------  ----------------------
/opt/airflow/dags/train_model_lakehouse_dag.py    307  0.02s             1           0  0.36s           2026-06-03T13:21:39                      10
================================================================================
[2026-06-03T13:22:40.541+0000] {manager.py:997} INFO - 
================================================================================
DAG File Processing Stats

File Path                                       PID    Runtime      # DAGs    # Errors  Last Runtime    Last Run               Last # of DB Queries
----------------------------------------------  -----  ---------  --------  ----------  --------------  -------------------  ----------------------
/opt/airflow/dags/train_model_lakehouse_dag.py                           1           0  0.41s           2026-06-03T13:22:10                      10
================================================================================
[2026-06-03T13:23:11.142+0000] {manager.py:997} INFO - 
================================================================================
DAG File Processing Stats

File Path                                       PID    Runtime      # DAGs    # Errors  Last Runtime    Last Run               Last # of DB Queries
----------------------------------------------  -----  ---------  --------  ----------  --------------  -------------------  ----------------------
/opt/airflow/dags/train_model_lakehouse_dag.py                           1           0  0.27s           2026-06-03T13:22:41                      10
================================================================================
[2026-06-03T13:23:41.681+0000] {manager.py:997} INFO - 
================================================================================
DAG File Processing Stats

File Path                                         PID  Runtime      # DAGs    # Errors  Last Runtime    Last Run               Last # of DB Queries
----------------------------------------------  -----  ---------  --------  ----------  --------------  -------------------  ----------------------
/opt/airflow/dags/train_model_lakehouse_dag.py    329  0.02s             1           0  0.19s           2026-06-03T13:23:11                      10
================================================================================
[2026-06-03T13:24:12.154+0000] {manager.py:997} INFO - 
================================================================================
DAG File Processing Stats

File Path                                         PID  Runtime      # DAGs    # Errors  Last Runtime    Last Run               Last # of DB Queries
----------------------------------------------  -----  ---------  --------  ----------  --------------  -------------------  ----------------------
/opt/airflow/dags/train_model_lakehouse_dag.py    334  0.02s             1           0  0.37s           2026-06-03T13:23:42                      10
================================================================================
[2026-06-03T13:24:42.588+0000] {manager.py:997} INFO - 
================================================================================
DAG File Processing Stats

File Path                                         PID  Runtime      # DAGs    # Errors  Last Runtime    Last Run               Last # of DB Queries
----------------------------------------------  -----  ---------  --------  ----------  --------------  -------------------  ----------------------
/opt/airflow/dags/train_model_lakehouse_dag.py    339  0.02s             1           0  0.29s           2026-06-03T13:24:12                      10
================================================================================
[2026-06-03T13:25:04.846+0000] {manager.py:821} INFO - Searching for files in /opt/airflow/dags
[2026-06-03T13:25:04.850+0000] {manager.py:824} INFO - There are 1 files in /opt/airflow/dags
[2026-06-03T13:25:12.960+0000] {manager.py:997} INFO - 
================================================================================
DAG File Processing Stats

File Path                                         PID  Runtime      # DAGs    # Errors  Last Runtime    Last Run               Last # of DB Queries
----------------------------------------------  -----  ---------  --------  ----------  --------------  -------------------  ----------------------
/opt/airflow/dags/train_model_lakehouse_dag.py    344  0.01s             1           0  0.34s           2026-06-03T13:24:42                      10
================================================================================
[2026-06-03T13:25:43.259+0000] {manager.py:997} INFO - 
================================================================================
DAG File Processing Stats

File Path                                         PID  Runtime      # DAGs    # Errors  Last Runtime    Last Run               Last # of DB Queries
----------------------------------------------  -----  ---------  --------  ----------  --------------  -------------------  ----------------------
/opt/airflow/dags/train_model_lakehouse_dag.py    349  0.02s             1           0  0.18s           2026-06-03T13:25:13                      10
================================================================================
[2026-06-03T13:26:13.688+0000] {manager.py:997} INFO - 
================================================================================
DAG File Processing Stats

File Path                                         PID  Runtime      # DAGs    # Errors  Last Runtime    Last Run               Last # of DB Queries
----------------------------------------------  -----  ---------  --------  ----------  --------------  -------------------  ----------------------
/opt/airflow/dags/train_model_lakehouse_dag.py    354  0.01s             1           0  0.36s           2026-06-03T13:25:43                      10
================================================================================
[2026-06-03T13:26:43.992+0000] {manager.py:997} INFO - 
================================================================================
DAG File Processing Stats

File Path                                         PID  Runtime      # DAGs    # Errors  Last Runtime    Last Run               Last # of DB Queries
----------------------------------------------  -----  ---------  --------  ----------  --------------  -------------------  ----------------------
/opt/airflow/dags/train_model_lakehouse_dag.py    359  0.02s             1           0  0.16s           2026-06-03T13:26:13                      10
================================================================================
[2026-06-03T13:26:51.516+0000] {manager.py:465} INFO - Exiting gracefully upon receiving signal 15
[2026-06-03T13:27:36.757+0000] {manager.py:483} INFO - Processing files using up to 2 processes at a time 
[2026-06-03T13:27:36.782+0000] {manager.py:484} INFO - Process each file at most once every 30 seconds
[2026-06-03T13:27:36.783+0000] {manager.py:485} INFO - Checking for new files in /opt/airflow/dags every 300 seconds
[2026-06-03T13:27:36.783+0000] {manager.py:821} INFO - Searching for files in /opt/airflow/dags
[2026-06-03T13:27:36.786+0000] {manager.py:824} INFO - There are 1 files in /opt/airflow/dags
[2026-06-03T13:27:36.873+0000] {manager.py:997} INFO - 
================================================================================
DAG File Processing Stats

File Path                                         PID  Runtime      # DAGs    # Errors  Last Runtime    Last Run      Last # of DB Queries
----------------------------------------------  -----  ---------  --------  ----------  --------------  ----------  ----------------------
/opt/airflow/dags/train_model_lakehouse_dag.py    166  0.03s             0           0                                                   0
================================================================================
[2026-06-03T13:28:07.048+0000] {manager.py:997} INFO - 
================================================================================
DAG File Processing Stats

File Path                                         PID  Runtime      # DAGs    # Errors  Last Runtime    Last Run               Last # of DB Queries
----------------------------------------------  -----  ---------  --------  ----------  --------------  -------------------  ----------------------
/opt/airflow/dags/train_model_lakehouse_dag.py    171  0.01s             1           0  0.18s           2026-06-03T13:27:37                      10
================================================================================
[2026-06-03T13:28:37.476+0000] {manager.py:997} INFO - 
================================================================================
DAG File Processing Stats

File Path                                         PID  Runtime      # DAGs    # Errors  Last Runtime    Last Run               Last # of DB Queries
----------------------------------------------  -----  ---------  --------  ----------  --------------  -------------------  ----------------------
/opt/airflow/dags/train_model_lakehouse_dag.py    176  0.02s             1           0  0.21s           2026-06-03T13:28:07                      10
================================================================================
[2026-06-03T13:29:07.800+0000] {manager.py:997} INFO - 
================================================================================
DAG File Processing Stats

File Path                                         PID  Runtime      # DAGs    # Errors  Last Runtime    Last Run               Last # of DB Queries
----------------------------------------------  -----  ---------  --------  ----------  --------------  -------------------  ----------------------
/opt/airflow/dags/train_model_lakehouse_dag.py    235  0.01s             1           0  0.24s           2026-06-03T13:28:37                      10
================================================================================
[2026-06-03T13:29:38.247+0000] {manager.py:997} INFO - 
================================================================================
DAG File Processing Stats

File Path                                         PID  Runtime      # DAGs    # Errors  Last Runtime    Last Run               Last # of DB Queries
----------------------------------------------  -----  ---------  --------  ----------  --------------  -------------------  ----------------------
/opt/airflow/dags/train_model_lakehouse_dag.py    247  0.02s             1           0  0.35s           2026-06-03T13:29:08                      10
================================================================================
[2026-06-03T13:30:08.664+0000] {manager.py:997} INFO - 
================================================================================
DAG File Processing Stats

File Path                                         PID  Runtime      # DAGs    # Errors  Last Runtime    Last Run               Last # of DB Queries
----------------------------------------------  -----  ---------  --------  ----------  --------------  -------------------  ----------------------
/opt/airflow/dags/train_model_lakehouse_dag.py    252  0.02s             1           0  0.28s           2026-06-03T13:29:38                      10
================================================================================
[2026-06-03T13:30:39.066+0000] {manager.py:997} INFO - 
================================================================================
DAG File Processing Stats

File Path                                         PID  Runtime      # DAGs    # Errors  Last Runtime    Last Run               Last # of DB Queries
----------------------------------------------  -----  ---------  --------  ----------  --------------  -------------------  ----------------------
/opt/airflow/dags/train_model_lakehouse_dag.py    257  0.02s             1           0  0.34s           2026-06-03T13:30:08                      10
================================================================================
[2026-06-03T13:31:09.531+0000] {manager.py:997} INFO - 
================================================================================
DAG File Processing Stats

File Path                                         PID  Runtime      # DAGs    # Errors  Last Runtime    Last Run               Last # of DB Queries
----------------------------------------------  -----  ---------  --------  ----------  --------------  -------------------  ----------------------
/opt/airflow/dags/train_model_lakehouse_dag.py    262  0.02s             1           0  0.35s           2026-06-03T13:30:39                      10
================================================================================
[2026-06-03T13:31:39.940+0000] {manager.py:997} INFO - 
================================================================================
DAG File Processing Stats

File Path                                         PID  Runtime      # DAGs    # Errors  Last Runtime    Last Run               Last # of DB Queries
----------------------------------------------  -----  ---------  --------  ----------  --------------  -------------------  ----------------------
/opt/airflow/dags/train_model_lakehouse_dag.py    267  0.02s             1           0  0.36s           2026-06-03T13:31:09                      10
================================================================================
[2026-06-03T13:32:10.468+0000] {manager.py:997} INFO - 
================================================================================
DAG File Processing Stats

File Path                                         PID  Runtime      # DAGs    # Errors  Last Runtime    Last Run               Last # of DB Queries
----------------------------------------------  -----  ---------  --------  ----------  --------------  -------------------  ----------------------
/opt/airflow/dags/train_model_lakehouse_dag.py    272  0.02s             1           0  0.41s           2026-06-03T13:31:40                      10
================================================================================
[2026-06-03T13:32:36.297+0000] {manager.py:465} INFO - Exiting gracefully upon receiving signal 15
[2026-06-03T13:33:20.961+0000] {manager.py:483} INFO - Processing files using up to 2 processes at a time 
[2026-06-03T13:33:20.981+0000] {manager.py:484} INFO - Process each file at most once every 30 seconds
[2026-06-03T13:33:20.982+0000] {manager.py:485} INFO - Checking for new files in /opt/airflow/dags every 300 seconds
[2026-06-03T13:33:20.982+0000] {manager.py:821} INFO - Searching for files in /opt/airflow/dags
[2026-06-03T13:33:20.984+0000] {manager.py:824} INFO - There are 1 files in /opt/airflow/dags
[2026-06-03T13:33:21.068+0000] {manager.py:997} INFO - 
================================================================================
DAG File Processing Stats

File Path                                         PID  Runtime      # DAGs    # Errors  Last Runtime    Last Run      Last # of DB Queries
----------------------------------------------  -----  ---------  --------  ----------  --------------  ----------  ----------------------
/opt/airflow/dags/train_model_lakehouse_dag.py    166  0.03s             0           0                                                   0
================================================================================
[2026-06-03T13:33:51.215+0000] {manager.py:997} INFO - 
================================================================================
DAG File Processing Stats

File Path                                       PID    Runtime      # DAGs    # Errors  Last Runtime    Last Run               Last # of DB Queries
----------------------------------------------  -----  ---------  --------  ----------  --------------  -------------------  ----------------------
/opt/airflow/dags/train_model_lakehouse_dag.py                           1           0  0.22s           2026-06-03T13:33:21                      10
================================================================================
[2026-06-03T13:34:21.651+0000] {manager.py:997} INFO - 
================================================================================
DAG File Processing Stats

File Path                                         PID  Runtime      # DAGs    # Errors  Last Runtime    Last Run               Last # of DB Queries
----------------------------------------------  -----  ---------  --------  ----------  --------------  -------------------  ----------------------
/opt/airflow/dags/train_model_lakehouse_dag.py    307  0.01s             1           0  0.19s           2026-06-03T13:33:51                      10
================================================================================
[2026-06-03T14:14:25.128+0000] {manager.py:821} INFO - Searching for files in /opt/airflow/dags
[2026-06-03T14:14:25.144+0000] {manager.py:824} INFO - There are 1 files in /opt/airflow/dags
[2026-06-03T14:14:36.287+0000] {manager.py:997} INFO - 
================================================================================
DAG File Processing Stats

File Path                                       PID    Runtime      # DAGs    # Errors  Last Runtime    Last Run               Last # of DB Queries
----------------------------------------------  -----  ---------  --------  ----------  --------------  -------------------  ----------------------
/opt/airflow/dags/train_model_lakehouse_dag.py                           1           0  0.26s           2026-06-03T14:14:25                      10
================================================================================
[2026-06-03T14:15:06.560+0000] {manager.py:997} INFO - 
================================================================================
DAG File Processing Stats

File Path                                       PID    Runtime      # DAGs    # Errors  Last Runtime    Last Run               Last # of DB Queries
----------------------------------------------  -----  ---------  --------  ----------  --------------  -------------------  ----------------------
/opt/airflow/dags/train_model_lakehouse_dag.py                           1           0  0.17s           2026-06-03T14:14:55                      10
================================================================================
[2026-06-03T14:15:36.975+0000] {manager.py:997} INFO - 
================================================================================
DAG File Processing Stats

File Path                                       PID    Runtime      # DAGs    # Errors  Last Runtime    Last Run               Last # of DB Queries
----------------------------------------------  -----  ---------  --------  ----------  --------------  -------------------  ----------------------
/opt/airflow/dags/train_model_lakehouse_dag.py                           1           0  0.16s           2026-06-03T14:15:25                      10
================================================================================
[2026-06-03T14:16:07.256+0000] {manager.py:997} INFO - 
================================================================================
DAG File Processing Stats

File Path                                       PID    Runtime      # DAGs    # Errors  Last Runtime    Last Run               Last # of DB Queries
----------------------------------------------  -----  ---------  --------  ----------  --------------  -------------------  ----------------------
/opt/airflow/dags/train_model_lakehouse_dag.py                           1           0  0.15s           2026-06-03T14:15:56                      10
================================================================================
[2026-06-03T14:16:37.578+0000] {manager.py:997} INFO - 
================================================================================
DAG File Processing Stats

File Path                                       PID    Runtime      # DAGs    # Errors  Last Runtime    Last Run               Last # of DB Queries
----------------------------------------------  -----  ---------  --------  ----------  --------------  -------------------  ----------------------
/opt/airflow/dags/train_model_lakehouse_dag.py                           1           0  0.16s           2026-06-03T14:16:26                      10
================================================================================
[2026-06-03T14:17:07.843+0000] {manager.py:997} INFO - 
================================================================================
DAG File Processing Stats

File Path                                       PID    Runtime      # DAGs    # Errors  Last Runtime    Last Run               Last # of DB Queries
----------------------------------------------  -----  ---------  --------  ----------  --------------  -------------------  ----------------------
/opt/airflow/dags/train_model_lakehouse_dag.py                           1           0  0.15s           2026-06-03T14:16:56                      10
================================================================================
[2026-06-03T14:17:38.184+0000] {manager.py:997} INFO - 
================================================================================
DAG File Processing Stats

File Path                                       PID    Runtime      # DAGs    # Errors  Last Runtime    Last Run               Last # of DB Queries
----------------------------------------------  -----  ---------  --------  ----------  --------------  -------------------  ----------------------
/opt/airflow/dags/train_model_lakehouse_dag.py                           1           0  0.16s           2026-06-03T14:17:27                      10
================================================================================
[2026-06-03T14:18:08.478+0000] {manager.py:997} INFO - 
================================================================================
DAG File Processing Stats

File Path                                       PID    Runtime      # DAGs    # Errors  Last Runtime    Last Run               Last # of DB Queries
----------------------------------------------  -----  ---------  --------  ----------  --------------  -------------------  ----------------------
/opt/airflow/dags/train_model_lakehouse_dag.py                           1           0  0.17s           2026-06-03T14:17:57                      10
================================================================================
[2026-06-03T14:18:38.824+0000] {manager.py:997} INFO - 
================================================================================
DAG File Processing Stats

File Path                                       PID    Runtime      # DAGs    # Errors  Last Runtime    Last Run               Last # of DB Queries
----------------------------------------------  -----  ---------  --------  ----------  --------------  -------------------  ----------------------
/opt/airflow/dags/train_model_lakehouse_dag.py                           1           0  0.17s           2026-06-03T14:18:27                      10
================================================================================
[2026-06-03T14:19:09.147+0000] {manager.py:997} INFO - 
================================================================================
DAG File Processing Stats

File Path                                       PID    Runtime      # DAGs    # Errors  Last Runtime    Last Run               Last # of DB Queries
----------------------------------------------  -----  ---------  --------  ----------  --------------  -------------------  ----------------------
/opt/airflow/dags/train_model_lakehouse_dag.py                           1           0  0.14s           2026-06-03T14:18:58                      10
================================================================================
[2026-06-03T14:19:25.274+0000] {manager.py:821} INFO - Searching for files in /opt/airflow/dags
[2026-06-03T14:19:25.278+0000] {manager.py:824} INFO - There are 1 files in /opt/airflow/dags
[2026-06-03T14:19:39.454+0000] {manager.py:997} INFO - 
================================================================================
DAG File Processing Stats

File Path                                       PID    Runtime      # DAGs    # Errors  Last Runtime    Last Run               Last # of DB Queries
----------------------------------------------  -----  ---------  --------  ----------  --------------  -------------------  ----------------------
/opt/airflow/dags/train_model_lakehouse_dag.py                           1           0  0.17s           2026-06-03T14:19:28                      10
================================================================================
[2026-06-03T14:20:09.693+0000] {manager.py:997} INFO - 
================================================================================
DAG File Processing Stats

File Path                                       PID    Runtime      # DAGs    # Errors  Last Runtime    Last Run               Last # of DB Queries
----------------------------------------------  -----  ---------  --------  ----------  --------------  -------------------  ----------------------
/opt/airflow/dags/train_model_lakehouse_dag.py                           1           0  0.13s           2026-06-03T14:19:58                      10
================================================================================
[2026-06-03T14:20:40.034+0000] {manager.py:997} INFO - 
================================================================================
DAG File Processing Stats

File Path                                       PID    Runtime      # DAGs    # Errors  Last Runtime    Last Run               Last # of DB Queries
----------------------------------------------  -----  ---------  --------  ----------  --------------  -------------------  ----------------------
/opt/airflow/dags/train_model_lakehouse_dag.py                           1           0  0.17s           2026-06-03T14:20:29                      10
================================================================================
[2026-06-03T14:21:10.325+0000] {manager.py:997} INFO - 
================================================================================
DAG File Processing Stats

File Path                                       PID    Runtime      # DAGs    # Errors  Last Runtime    Last Run               Last # of DB Queries
----------------------------------------------  -----  ---------  --------  ----------  --------------  -------------------  ----------------------
/opt/airflow/dags/train_model_lakehouse_dag.py                           1           0  0.13s           2026-06-03T14:20:59                      10
================================================================================
[2026-06-03T14:21:40.638+0000] {manager.py:997} INFO - 
================================================================================
DAG File Processing Stats

File Path                                       PID    Runtime      # DAGs    # Errors  Last Runtime    Last Run               Last # of DB Queries
----------------------------------------------  -----  ---------  --------  ----------  --------------  -------------------  ----------------------
/opt/airflow/dags/train_model_lakehouse_dag.py                           1           0  0.14s           2026-06-03T14:21:29                      10
================================================================================
[2026-06-03T14:22:10.952+0000] {manager.py:997} INFO - 
================================================================================
DAG File Processing Stats

File Path                                       PID    Runtime      # DAGs    # Errors  Last Runtime    Last Run               Last # of DB Queries
----------------------------------------------  -----  ---------  --------  ----------  --------------  -------------------  ----------------------
/opt/airflow/dags/train_model_lakehouse_dag.py                           1           0  0.15s           2026-06-03T14:21:59                      10
================================================================================
[2026-06-03T14:22:41.237+0000] {manager.py:997} INFO - 
================================================================================
DAG File Processing Stats

File Path                                       PID    Runtime      # DAGs    # Errors  Last Runtime    Last Run               Last # of DB Queries
----------------------------------------------  -----  ---------  --------  ----------  --------------  -------------------  ----------------------
/opt/airflow/dags/train_model_lakehouse_dag.py                           1           0  0.14s           2026-06-03T14:22:30                      10
================================================================================
[2026-06-03T14:23:12.395+0000] {manager.py:997} INFO - 
================================================================================
DAG File Processing Stats

File Path                                       PID    Runtime      # DAGs    # Errors  Last Runtime    Last Run               Last # of DB Queries
----------------------------------------------  -----  ---------  --------  ----------  --------------  -------------------  ----------------------
/opt/airflow/dags/train_model_lakehouse_dag.py                           1           0  0.14s           2026-06-03T14:23:00                      10
================================================================================
[2026-06-03T14:23:42.702+0000] {manager.py:997} INFO - 
================================================================================
DAG File Processing Stats

File Path                                       PID    Runtime      # DAGs    # Errors  Last Runtime    Last Run               Last # of DB Queries
----------------------------------------------  -----  ---------  --------  ----------  --------------  -------------------  ----------------------
/opt/airflow/dags/train_model_lakehouse_dag.py                           1           0  0.13s           2026-06-03T14:23:30                      10
================================================================================
[2026-06-03T14:24:13.037+0000] {manager.py:997} INFO - 
================================================================================
DAG File Processing Stats

File Path                                       PID    Runtime      # DAGs    # Errors  Last Runtime    Last Run               Last # of DB Queries
----------------------------------------------  -----  ---------  --------  ----------  --------------  -------------------  ----------------------
/opt/airflow/dags/train_model_lakehouse_dag.py                           1           0  0.16s           2026-06-03T14:24:01                      10
================================================================================
[2026-06-03T14:24:26.144+0000] {manager.py:821} INFO - Searching for files in /opt/airflow/dags
[2026-06-03T14:24:26.172+0000] {manager.py:824} INFO - There are 1 files in /opt/airflow/dags
[2026-06-03T14:24:43.344+0000] {manager.py:997} INFO - 
================================================================================
DAG File Processing Stats

File Path                                       PID    Runtime      # DAGs    # Errors  Last Runtime    Last Run               Last # of DB Queries
----------------------------------------------  -----  ---------  --------  ----------  --------------  -------------------  ----------------------
/opt/airflow/dags/train_model_lakehouse_dag.py                           1           0  0.18s           2026-06-03T14:24:31                      10
================================================================================
[2026-06-03T14:25:13.704+0000] {manager.py:997} INFO - 
================================================================================
DAG File Processing Stats

File Path                                       PID    Runtime      # DAGs    # Errors  Last Runtime    Last Run               Last # of DB Queries
----------------------------------------------  -----  ---------  --------  ----------  --------------  -------------------  ----------------------
/opt/airflow/dags/train_model_lakehouse_dag.py                           1           0  0.16s           2026-06-03T14:25:01                      10
================================================================================
[2026-06-03T14:25:44.013+0000] {manager.py:997} INFO - 
================================================================================
DAG File Processing Stats

File Path                                       PID    Runtime      # DAGs    # Errors  Last Runtime    Last Run               Last # of DB Queries
----------------------------------------------  -----  ---------  --------  ----------  --------------  -------------------  ----------------------
/opt/airflow/dags/train_model_lakehouse_dag.py                           1           0  0.19s           2026-06-03T14:25:32                      10
================================================================================
[2026-06-03T14:26:14.244+0000] {manager.py:997} INFO - 
================================================================================
DAG File Processing Stats

File Path                                       PID    Runtime      # DAGs    # Errors  Last Runtime    Last Run               Last # of DB Queries
----------------------------------------------  -----  ---------  --------  ----------  --------------  -------------------  ----------------------
/opt/airflow/dags/train_model_lakehouse_dag.py                           1           0  0.12s           2026-06-03T14:26:02                      10
================================================================================
[2026-06-03T14:26:44.577+0000] {manager.py:997} INFO - 
================================================================================
DAG File Processing Stats

File Path                                       PID    Runtime      # DAGs    # Errors  Last Runtime    Last Run               Last # of DB Queries
----------------------------------------------  -----  ---------  --------  ----------  --------------  -------------------  ----------------------
/opt/airflow/dags/train_model_lakehouse_dag.py                           1           0  0.13s           2026-06-03T14:26:32                      10
================================================================================
[2026-06-03T14:27:14.826+0000] {manager.py:997} INFO - 
================================================================================
DAG File Processing Stats

File Path                                       PID    Runtime      # DAGs    # Errors  Last Runtime    Last Run               Last # of DB Queries
----------------------------------------------  -----  ---------  --------  ----------  --------------  -------------------  ----------------------
/opt/airflow/dags/train_model_lakehouse_dag.py                           1           0  0.14s           2026-06-03T14:27:02                      10
================================================================================
[2026-06-03T14:27:45.182+0000] {manager.py:997} INFO - 
================================================================================
DAG File Processing Stats

File Path                                       PID    Runtime      # DAGs    # Errors  Last Runtime    Last Run               Last # of DB Queries
----------------------------------------------  -----  ---------  --------  ----------  --------------  -------------------  ----------------------
/opt/airflow/dags/train_model_lakehouse_dag.py                           1           0  0.15s           2026-06-03T14:27:33                      10
================================================================================
[2026-06-03T14:28:15.475+0000] {manager.py:997} INFO - 
================================================================================
DAG File Processing Stats

File Path                                       PID    Runtime      # DAGs    # Errors  Last Runtime    Last Run               Last # of DB Queries
----------------------------------------------  -----  ---------  --------  ----------  --------------  -------------------  ----------------------
/opt/airflow/dags/train_model_lakehouse_dag.py                           0           1  0.09s           2026-06-03T14:27:47                       3
================================================================================
[2026-06-03T14:28:20.649+0000] {manager.py:465} INFO - Exiting gracefully upon receiving signal 15
[2026-06-03T14:28:53.153+0000] {manager.py:483} INFO - Processing files using up to 2 processes at a time 
[2026-06-03T14:28:53.173+0000] {manager.py:484} INFO - Process each file at most once every 30 seconds
[2026-06-03T14:28:53.174+0000] {manager.py:485} INFO - Checking for new files in /opt/airflow/dags every 300 seconds
[2026-06-03T14:28:53.174+0000] {manager.py:821} INFO - Searching for files in /opt/airflow/dags
[2026-06-03T14:28:53.182+0000] {manager.py:824} INFO - There are 1 files in /opt/airflow/dags
[2026-06-03T14:28:53.266+0000] {manager.py:997} INFO - 
================================================================================
DAG File Processing Stats

File Path                                         PID  Runtime      # DAGs    # Errors  Last Runtime    Last Run      Last # of DB Queries
----------------------------------------------  -----  ---------  --------  ----------  --------------  ----------  ----------------------
/opt/airflow/dags/train_model_lakehouse_dag.py    166  0.02s             0           0                                                   0
================================================================================
[2026-06-03T14:29:23.420+0000] {manager.py:997} INFO - 
================================================================================
DAG File Processing Stats

File Path                                         PID  Runtime      # DAGs    # Errors  Last Runtime    Last Run               Last # of DB Queries
----------------------------------------------  -----  ---------  --------  ----------  --------------  -------------------  ----------------------
/opt/airflow/dags/train_model_lakehouse_dag.py    171  0.01s             0           1  0.11s           2026-06-03T14:28:53                       5
================================================================================
[2026-06-03T14:29:53.742+0000] {manager.py:997} INFO - 
================================================================================
DAG File Processing Stats

File Path                                         PID  Runtime      # DAGs    # Errors  Last Runtime    Last Run               Last # of DB Queries
----------------------------------------------  -----  ---------  --------  ----------  --------------  -------------------  ----------------------
/opt/airflow/dags/train_model_lakehouse_dag.py    176  0.01s             0           1  0.07s           2026-06-03T14:29:23                       5
================================================================================
[2026-06-03T14:30:23.987+0000] {manager.py:997} INFO - 
================================================================================
DAG File Processing Stats

File Path                                         PID  Runtime      # DAGs    # Errors  Last Runtime    Last Run               Last # of DB Queries
----------------------------------------------  -----  ---------  --------  ----------  --------------  -------------------  ----------------------
/opt/airflow/dags/train_model_lakehouse_dag.py    181  0.02s             0           1  0.07s           2026-06-03T14:29:53                       5
================================================================================
[2026-06-03T14:30:54.268+0000] {manager.py:997} INFO - 
================================================================================
DAG File Processing Stats

File Path                                         PID  Runtime      # DAGs    # Errors  Last Runtime    Last Run               Last # of DB Queries
----------------------------------------------  -----  ---------  --------  ----------  --------------  -------------------  ----------------------
/opt/airflow/dags/train_model_lakehouse_dag.py    186  0.02s             0           1  0.11s           2026-06-03T14:30:24                       5
================================================================================
[2026-06-03T14:31:24.625+0000] {manager.py:997} INFO - 
================================================================================
DAG File Processing Stats

File Path                                       PID    Runtime      # DAGs    # Errors  Last Runtime    Last Run               Last # of DB Queries
----------------------------------------------  -----  ---------  --------  ----------  --------------  -------------------  ----------------------
/opt/airflow/dags/train_model_lakehouse_dag.py                           1           0  0.47s           2026-06-03T14:31:01                      32
================================================================================
[2026-06-03T14:31:55.241+0000] {manager.py:997} INFO - 
================================================================================
DAG File Processing Stats

File Path                                       PID    Runtime      # DAGs    # Errors  Last Runtime    Last Run               Last # of DB Queries
----------------------------------------------  -----  ---------  --------  ----------  --------------  -------------------  ----------------------
/opt/airflow/dags/train_model_lakehouse_dag.py                           1           0  0.16s           2026-06-03T14:31:32                      10
================================================================================
[2026-06-03T14:32:25.640+0000] {manager.py:997} INFO - 
================================================================================
DAG File Processing Stats

File Path                                       PID    Runtime      # DAGs    # Errors  Last Runtime    Last Run               Last # of DB Queries
----------------------------------------------  -----  ---------  --------  ----------  --------------  -------------------  ----------------------
/opt/airflow/dags/train_model_lakehouse_dag.py                           1           0  0.16s           2026-06-03T14:32:02                      10
================================================================================
[2026-06-03T14:32:55.862+0000] {manager.py:997} INFO - 
================================================================================
DAG File Processing Stats

File Path                                       PID    Runtime      # DAGs    # Errors  Last Runtime    Last Run               Last # of DB Queries
----------------------------------------------  -----  ---------  --------  ----------  --------------  -------------------  ----------------------
/opt/airflow/dags/train_model_lakehouse_dag.py                           1           0  0.14s           2026-06-03T14:32:32                      10
================================================================================
[2026-06-03T14:33:26.208+0000] {manager.py:997} INFO - 
================================================================================
DAG File Processing Stats

File Path                                       PID    Runtime      # DAGs    # Errors  Last Runtime    Last Run               Last # of DB Queries
----------------------------------------------  -----  ---------  --------  ----------  --------------  -------------------  ----------------------
/opt/airflow/dags/train_model_lakehouse_dag.py                           1           0  0.16s           2026-06-03T14:33:03                      10
================================================================================
[2026-06-03T14:33:53.461+0000] {manager.py:821} INFO - Searching for files in /opt/airflow/dags
[2026-06-03T14:33:53.463+0000] {manager.py:824} INFO - There are 1 files in /opt/airflow/dags
[2026-06-03T14:33:56.499+0000] {manager.py:997} INFO - 
================================================================================
DAG File Processing Stats

File Path                                       PID    Runtime      # DAGs    # Errors  Last Runtime    Last Run               Last # of DB Queries
----------------------------------------------  -----  ---------  --------  ----------  --------------  -------------------  ----------------------
/opt/airflow/dags/train_model_lakehouse_dag.py                           1           0  0.18s           2026-06-03T14:33:33                      10
================================================================================
[2026-06-03T14:34:26.836+0000] {manager.py:997} INFO - 
================================================================================
DAG File Processing Stats

File Path                                       PID    Runtime      # DAGs    # Errors  Last Runtime    Last Run               Last # of DB Queries
----------------------------------------------  -----  ---------  --------  ----------  --------------  -------------------  ----------------------
/opt/airflow/dags/train_model_lakehouse_dag.py                           1           0  0.16s           2026-06-03T14:34:03                      10
================================================================================
[2026-06-03T14:34:57.082+0000] {manager.py:997} INFO - 
================================================================================
DAG File Processing Stats

File Path                                       PID    Runtime      # DAGs    # Errors  Last Runtime    Last Run               Last # of DB Queries
----------------------------------------------  -----  ---------  --------  ----------  --------------  -------------------  ----------------------
/opt/airflow/dags/train_model_lakehouse_dag.py                           1           0  0.15s           2026-06-03T14:34:34                      10
================================================================================
[2026-06-03T14:35:27.406+0000] {manager.py:997} INFO - 
================================================================================
DAG File Processing Stats

File Path                                       PID    Runtime      # DAGs    # Errors  Last Runtime    Last Run               Last # of DB Queries
----------------------------------------------  -----  ---------  --------  ----------  --------------  -------------------  ----------------------
/opt/airflow/dags/train_model_lakehouse_dag.py                           1           0  0.17s           2026-06-03T14:35:04                      10
================================================================================
[2026-06-03T14:35:57.697+0000] {manager.py:997} INFO - 
================================================================================
DAG File Processing Stats

File Path                                       PID    Runtime      # DAGs    # Errors  Last Runtime    Last Run               Last # of DB Queries
----------------------------------------------  -----  ---------  --------  ----------  --------------  -------------------  ----------------------
/opt/airflow/dags/train_model_lakehouse_dag.py                           1           0  0.16s           2026-06-03T14:35:34                      10
================================================================================
[2026-06-03T14:36:27.999+0000] {manager.py:997} INFO - 
================================================================================
DAG File Processing Stats

File Path                                       PID    Runtime      # DAGs    # Errors  Last Runtime    Last Run               Last # of DB Queries
----------------------------------------------  -----  ---------  --------  ----------  --------------  -------------------  ----------------------
/opt/airflow/dags/train_model_lakehouse_dag.py                           1           0  0.15s           2026-06-03T14:36:04                      10
================================================================================
[2026-06-03T14:36:58.285+0000] {manager.py:997} INFO - 
================================================================================
DAG File Processing Stats

File Path                                       PID    Runtime      # DAGs    # Errors  Last Runtime    Last Run               Last # of DB Queries
----------------------------------------------  -----  ---------  --------  ----------  --------------  -------------------  ----------------------
/opt/airflow/dags/train_model_lakehouse_dag.py                           1           0  0.16s           2026-06-03T14:36:35                      10
================================================================================
[2026-06-03T14:37:28.613+0000] {manager.py:997} INFO - 
================================================================================
DAG File Processing Stats

File Path                                       PID    Runtime      # DAGs    # Errors  Last Runtime    Last Run               Last # of DB Queries
----------------------------------------------  -----  ---------  --------  ----------  --------------  -------------------  ----------------------
/opt/airflow/dags/train_model_lakehouse_dag.py                           1           0  0.13s           2026-06-03T14:37:05                      10
================================================================================
[2026-06-03T14:37:58.884+0000] {manager.py:997} INFO - 
================================================================================
DAG File Processing Stats

File Path                                       PID    Runtime      # DAGs    # Errors  Last Runtime    Last Run               Last # of DB Queries
----------------------------------------------  -----  ---------  --------  ----------  --------------  -------------------  ----------------------
/opt/airflow/dags/train_model_lakehouse_dag.py                           1           0  0.14s           2026-06-03T14:37:35                      10
================================================================================
[2026-06-03T14:38:29.244+0000] {manager.py:997} INFO - 
================================================================================
DAG File Processing Stats

File Path                                       PID    Runtime      # DAGs    # Errors  Last Runtime    Last Run               Last # of DB Queries
----------------------------------------------  -----  ---------  --------  ----------  --------------  -------------------  ----------------------
/opt/airflow/dags/train_model_lakehouse_dag.py                           1           0  0.17s           2026-06-03T14:38:06                      10
================================================================================
[2026-06-03T14:38:53.476+0000] {manager.py:821} INFO - Searching for files in /opt/airflow/dags
[2026-06-03T14:38:53.481+0000] {manager.py:824} INFO - There are 1 files in /opt/airflow/dags
[2026-06-03T14:38:59.566+0000] {manager.py:997} INFO - 
================================================================================
DAG File Processing Stats

File Path                                       PID    Runtime      # DAGs    # Errors  Last Runtime    Last Run               Last # of DB Queries
----------------------------------------------  -----  ---------  --------  ----------  --------------  -------------------  ----------------------
/opt/airflow/dags/train_model_lakehouse_dag.py                           1           0  0.12s           2026-06-03T14:38:36                      10
================================================================================
[2026-06-03T14:39:29.843+0000] {manager.py:997} INFO - 
================================================================================
DAG File Processing Stats

File Path                                       PID    Runtime      # DAGs    # Errors  Last Runtime    Last Run               Last # of DB Queries
----------------------------------------------  -----  ---------  --------  ----------  --------------  -------------------  ----------------------
/opt/airflow/dags/train_model_lakehouse_dag.py                           1           0  0.15s           2026-06-03T14:39:06                      10
================================================================================
[2026-06-03T14:40:00.156+0000] {manager.py:997} INFO - 
================================================================================
DAG File Processing Stats

File Path                                       PID    Runtime      # DAGs    # Errors  Last Runtime    Last Run               Last # of DB Queries
----------------------------------------------  -----  ---------  --------  ----------  --------------  -------------------  ----------------------
/opt/airflow/dags/train_model_lakehouse_dag.py                           1           0  0.17s           2026-06-03T14:39:37                      10
================================================================================
[2026-06-03T14:40:30.434+0000] {manager.py:997} INFO - 
================================================================================
DAG File Processing Stats

File Path                                       PID    Runtime      # DAGs    # Errors  Last Runtime    Last Run               Last # of DB Queries
----------------------------------------------  -----  ---------  --------  ----------  --------------  -------------------  ----------------------
/opt/airflow/dags/train_model_lakehouse_dag.py                           1           0  0.11s           2026-06-03T14:40:07                      10
================================================================================
[2026-06-03T14:41:00.713+0000] {manager.py:997} INFO - 
================================================================================
DAG File Processing Stats

File Path                                       PID    Runtime      # DAGs    # Errors  Last Runtime    Last Run               Last # of DB Queries
----------------------------------------------  -----  ---------  --------  ----------  --------------  -------------------  ----------------------
/opt/airflow/dags/train_model_lakehouse_dag.py                           1           0  0.17s           2026-06-03T14:40:37                      10
================================================================================
[2026-06-03T14:41:31.055+0000] {manager.py:997} INFO - 
================================================================================
DAG File Processing Stats

File Path                                       PID    Runtime      # DAGs    # Errors  Last Runtime    Last Run               Last # of DB Queries
----------------------------------------------  -----  ---------  --------  ----------  --------------  -------------------  ----------------------
/opt/airflow/dags/train_model_lakehouse_dag.py                           1           0  0.16s           2026-06-03T14:41:07                      10
================================================================================
[2026-06-03T14:42:01.382+0000] {manager.py:997} INFO - 
================================================================================
DAG File Processing Stats

File Path                                       PID    Runtime      # DAGs    # Errors  Last Runtime    Last Run               Last # of DB Queries
----------------------------------------------  -----  ---------  --------  ----------  --------------  -------------------  ----------------------
/opt/airflow/dags/train_model_lakehouse_dag.py                           1           0  0.15s           2026-06-03T14:41:38                      10
================================================================================
[2026-06-03T14:42:31.643+0000] {manager.py:997} INFO - 
================================================================================
DAG File Processing Stats

File Path                                       PID    Runtime      # DAGs    # Errors  Last Runtime    Last Run               Last # of DB Queries
----------------------------------------------  -----  ---------  --------  ----------  --------------  -------------------  ----------------------
/opt/airflow/dags/train_model_lakehouse_dag.py                           1           0  0.12s           2026-06-03T14:42:08                      10
================================================================================
[2026-06-03T14:43:01.906+0000] {manager.py:997} INFO - 
================================================================================
DAG File Processing Stats

File Path                                       PID    Runtime      # DAGs    # Errors  Last Runtime    Last Run               Last # of DB Queries
----------------------------------------------  -----  ---------  --------  ----------  --------------  -------------------  ----------------------
/opt/airflow/dags/train_model_lakehouse_dag.py                           1           0  0.14s           2026-06-03T14:42:38                      10
================================================================================
[2026-06-03T14:43:32.206+0000] {manager.py:997} INFO - 
================================================================================
DAG File Processing Stats

File Path                                       PID    Runtime      # DAGs    # Errors  Last Runtime    Last Run               Last # of DB Queries
----------------------------------------------  -----  ---------  --------  ----------  --------------  -------------------  ----------------------
/opt/airflow/dags/train_model_lakehouse_dag.py                           1           0  0.16s           2026-06-03T14:43:09                      10
================================================================================
[2026-06-03T14:43:53.507+0000] {manager.py:821} INFO - Searching for files in /opt/airflow/dags
[2026-06-03T14:43:53.509+0000] {manager.py:824} INFO - There are 1 files in /opt/airflow/dags
[2026-06-03T14:44:02.552+0000] {manager.py:997} INFO - 
================================================================================
DAG File Processing Stats

File Path                                       PID    Runtime      # DAGs    # Errors  Last Runtime    Last Run               Last # of DB Queries
----------------------------------------------  -----  ---------  --------  ----------  --------------  -------------------  ----------------------
/opt/airflow/dags/train_model_lakehouse_dag.py                           1           0  0.15s           2026-06-03T14:43:39                      10
================================================================================
[2026-06-03T14:44:32.815+0000] {manager.py:997} INFO - 
================================================================================
DAG File Processing Stats

File Path                                       PID    Runtime      # DAGs    # Errors  Last Runtime    Last Run               Last # of DB Queries
----------------------------------------------  -----  ---------  --------  ----------  --------------  -------------------  ----------------------
/opt/airflow/dags/train_model_lakehouse_dag.py                           1           0  0.14s           2026-06-03T14:44:09                      10
================================================================================
[2026-06-03T14:45:03.133+0000] {manager.py:997} INFO - 
================================================================================
DAG File Processing Stats

File Path                                       PID    Runtime      # DAGs    # Errors  Last Runtime    Last Run               Last # of DB Queries
----------------------------------------------  -----  ---------  --------  ----------  --------------  -------------------  ----------------------
/opt/airflow/dags/train_model_lakehouse_dag.py                           1           0  0.14s           2026-06-03T14:44:39                      10
================================================================================
[2026-06-03T14:45:33.339+0000] {manager.py:997} INFO - 
================================================================================
DAG File Processing Stats

File Path                                       PID    Runtime      # DAGs    # Errors  Last Runtime    Last Run               Last # of DB Queries
----------------------------------------------  -----  ---------  --------  ----------  --------------  -------------------  ----------------------
/opt/airflow/dags/train_model_lakehouse_dag.py                           1           0  0.13s           2026-06-03T14:45:10                      10
================================================================================
[2026-06-03T14:46:03.659+0000] {manager.py:997} INFO - 
================================================================================
DAG File Processing Stats

File Path                                       PID    Runtime      # DAGs    # Errors  Last Runtime    Last Run               Last # of DB Queries
----------------------------------------------  -----  ---------  --------  ----------  --------------  -------------------  ----------------------
/opt/airflow/dags/train_model_lakehouse_dag.py                           1           0  0.14s           2026-06-03T14:45:40                      10
================================================================================
[2026-06-03T14:46:33.947+0000] {manager.py:997} INFO - 
================================================================================
DAG File Processing Stats

File Path                                       PID    Runtime      # DAGs    # Errors  Last Runtime    Last Run               Last # of DB Queries
----------------------------------------------  -----  ---------  --------  ----------  --------------  -------------------  ----------------------
/opt/airflow/dags/train_model_lakehouse_dag.py                           1           0  0.14s           2026-06-03T14:46:10                      10
================================================================================
[2026-06-03T14:47:04.246+0000] {manager.py:997} INFO - 
================================================================================
DAG File Processing Stats

File Path                                       PID    Runtime      # DAGs    # Errors  Last Runtime    Last Run               Last # of DB Queries
----------------------------------------------  -----  ---------  --------  ----------  --------------  -------------------  ----------------------
/opt/airflow/dags/train_model_lakehouse_dag.py                           1           0  0.17s           2026-06-03T14:46:41                      10
================================================================================
[2026-06-03T14:47:34.583+0000] {manager.py:997} INFO - 
================================================================================
DAG File Processing Stats

File Path                                       PID    Runtime      # DAGs    # Errors  Last Runtime    Last Run               Last # of DB Queries
----------------------------------------------  -----  ---------  --------  ----------  --------------  -------------------  ----------------------
/opt/airflow/dags/train_model_lakehouse_dag.py                           1           0  0.12s           2026-06-03T14:47:11                      10
================================================================================
[2026-06-03T14:48:03.877+0000] {manager.py:465} INFO - Exiting gracefully upon receiving signal 15
[2026-06-03T14:53:19.976+0000] {manager.py:483} INFO - Processing files using up to 2 processes at a time 
[2026-06-03T14:53:19.980+0000] {manager.py:484} INFO - Process each file at most once every 30 seconds
[2026-06-03T14:53:19.980+0000] {manager.py:485} INFO - Checking for new files in /opt/airflow/dags every 300 seconds
[2026-06-03T14:53:19.981+0000] {manager.py:821} INFO - Searching for files in /opt/airflow/dags
[2026-06-03T14:53:19.984+0000] {manager.py:824} INFO - There are 1 files in /opt/airflow/dags
[2026-06-03T14:53:20.057+0000] {manager.py:997} INFO - 
================================================================================
DAG File Processing Stats

File Path                                         PID  Runtime      # DAGs    # Errors  Last Runtime    Last Run      Last # of DB Queries
----------------------------------------------  -----  ---------  --------  ----------  --------------  ----------  ----------------------
/opt/airflow/dags/train_model_lakehouse_dag.py    166  0.02s             0           0                                                   0
================================================================================
[2026-06-03T14:53:50.174+0000] {manager.py:997} INFO - 
================================================================================
DAG File Processing Stats

File Path                                       PID    Runtime      # DAGs    # Errors  Last Runtime    Last Run               Last # of DB Queries
----------------------------------------------  -----  ---------  --------  ----------  --------------  -------------------  ----------------------
/opt/airflow/dags/train_model_lakehouse_dag.py                           1           0  0.15s           2026-06-03T14:53:20                      10
================================================================================
[2026-06-03T14:54:20.577+0000] {manager.py:997} INFO - 
================================================================================
DAG File Processing Stats

File Path                                         PID  Runtime      # DAGs    # Errors  Last Runtime    Last Run               Last # of DB Queries
----------------------------------------------  -----  ---------  --------  ----------  --------------  -------------------  ----------------------
/opt/airflow/dags/train_model_lakehouse_dag.py    176  0.02s             1           0  0.12s           2026-06-03T14:53:50                      10
================================================================================
[2026-06-03T14:54:50.851+0000] {manager.py:997} INFO - 
================================================================================
DAG File Processing Stats

File Path                                         PID  Runtime      # DAGs    # Errors  Last Runtime    Last Run               Last # of DB Queries
----------------------------------------------  -----  ---------  --------  ----------  --------------  -------------------  ----------------------
/opt/airflow/dags/train_model_lakehouse_dag.py    181  0.01s             1           0  0.15s           2026-06-03T14:54:20                      10
================================================================================
[2026-06-03T14:55:21.111+0000] {manager.py:997} INFO - 
================================================================================
DAG File Processing Stats

File Path                                         PID  Runtime      # DAGs    # Errors  Last Runtime    Last Run               Last # of DB Queries
----------------------------------------------  -----  ---------  --------  ----------  --------------  -------------------  ----------------------
/opt/airflow/dags/train_model_lakehouse_dag.py    186  0.01s             1           0  0.13s           2026-06-03T14:54:50                      10
================================================================================
[2026-06-03T14:55:51.430+0000] {manager.py:997} INFO - 
================================================================================
DAG File Processing Stats

File Path                                         PID  Runtime      # DAGs    # Errors  Last Runtime    Last Run               Last # of DB Queries
----------------------------------------------  -----  ---------  --------  ----------  --------------  -------------------  ----------------------
/opt/airflow/dags/train_model_lakehouse_dag.py    191  0.02s             1           0  0.12s           2026-06-03T14:55:21                      10
================================================================================
[2026-06-03T14:56:21.676+0000] {manager.py:997} INFO - 
================================================================================
DAG File Processing Stats

File Path                                         PID  Runtime      # DAGs    # Errors  Last Runtime    Last Run               Last # of DB Queries
----------------------------------------------  -----  ---------  --------  ----------  --------------  -------------------  ----------------------
/opt/airflow/dags/train_model_lakehouse_dag.py    196  0.01s             1           0  0.15s           2026-06-03T14:55:51                      10
================================================================================
[2026-06-03T14:56:52.019+0000] {manager.py:997} INFO - 
================================================================================
DAG File Processing Stats

File Path                                         PID  Runtime      # DAGs    # Errors  Last Runtime    Last Run               Last # of DB Queries
----------------------------------------------  -----  ---------  --------  ----------  --------------  -------------------  ----------------------
/opt/airflow/dags/train_model_lakehouse_dag.py    201  0.02s             1           0  0.11s           2026-06-03T14:56:21                      10
================================================================================
[2026-06-03T14:57:22.249+0000] {manager.py:997} INFO - 
================================================================================
DAG File Processing Stats

File Path                                         PID  Runtime      # DAGs    # Errors  Last Runtime    Last Run               Last # of DB Queries
----------------------------------------------  -----  ---------  --------  ----------  --------------  -------------------  ----------------------
/opt/airflow/dags/train_model_lakehouse_dag.py    206  0.01s             1           0  0.15s           2026-06-03T14:56:52                      10
================================================================================
[2026-06-03T14:57:52.580+0000] {manager.py:997} INFO - 
================================================================================
DAG File Processing Stats

File Path                                         PID  Runtime      # DAGs    # Errors  Last Runtime    Last Run               Last # of DB Queries
----------------------------------------------  -----  ---------  --------  ----------  --------------  -------------------  ----------------------
/opt/airflow/dags/train_model_lakehouse_dag.py    211  0.01s             1           0  0.12s           2026-06-03T14:57:22                      10
================================================================================
[2026-06-03T14:58:06.351+0000] {manager.py:465} INFO - Exiting gracefully upon receiving signal 15
[2026-06-03T15:06:49.406+0000] {manager.py:483} INFO - Processing files using up to 2 processes at a time 
[2026-06-03T15:06:49.407+0000] {manager.py:484} INFO - Process each file at most once every 30 seconds
[2026-06-03T15:06:49.408+0000] {manager.py:485} INFO - Checking for new files in /opt/airflow/dags every 300 seconds
[2026-06-03T15:06:49.408+0000] {manager.py:821} INFO - Searching for files in /opt/airflow/dags
[2026-06-03T15:06:49.411+0000] {manager.py:824} INFO - There are 1 files in /opt/airflow/dags
[2026-06-03T15:06:49.477+0000] {manager.py:997} INFO - 
================================================================================
DAG File Processing Stats

File Path                                         PID  Runtime      # DAGs    # Errors  Last Runtime    Last Run      Last # of DB Queries
----------------------------------------------  -----  ---------  --------  ----------  --------------  ----------  ----------------------
/opt/airflow/dags/train_model_lakehouse_dag.py    166  0.02s             0           0                                                   0
================================================================================
[2026-06-03T15:07:19.601+0000] {manager.py:997} INFO - 
================================================================================
DAG File Processing Stats

File Path                                       PID    Runtime      # DAGs    # Errors  Last Runtime    Last Run               Last # of DB Queries
----------------------------------------------  -----  ---------  --------  ----------  --------------  -------------------  ----------------------
/opt/airflow/dags/train_model_lakehouse_dag.py                           1           0  0.20s           2026-06-03T15:06:49                      10
================================================================================
[2026-06-03T15:07:49.998+0000] {manager.py:997} INFO - 
================================================================================
DAG File Processing Stats

File Path                                         PID  Runtime      # DAGs    # Errors  Last Runtime    Last Run               Last # of DB Queries
----------------------------------------------  -----  ---------  --------  ----------  --------------  -------------------  ----------------------
/opt/airflow/dags/train_model_lakehouse_dag.py    176  0.01s             1           0  0.12s           2026-06-03T15:07:19                      10
================================================================================
[2026-06-03T15:08:20.277+0000] {manager.py:997} INFO - 
================================================================================
DAG File Processing Stats

File Path                                         PID  Runtime      # DAGs    # Errors  Last Runtime    Last Run               Last # of DB Queries
----------------------------------------------  -----  ---------  --------  ----------  --------------  -------------------  ----------------------
/opt/airflow/dags/train_model_lakehouse_dag.py    253  0.01s             1           0  0.13s           2026-06-03T15:07:50                      10
================================================================================
[2026-06-03T15:08:50.553+0000] {manager.py:997} INFO - 
================================================================================
DAG File Processing Stats

File Path                                         PID  Runtime      # DAGs    # Errors  Last Runtime    Last Run               Last # of DB Queries
----------------------------------------------  -----  ---------  --------  ----------  --------------  -------------------  ----------------------
/opt/airflow/dags/train_model_lakehouse_dag.py    350  0.02s             1           0  0.14s           2026-06-03T15:08:20                      10
================================================================================
[2026-06-03T15:09:20.914+0000] {manager.py:997} INFO - 
================================================================================
DAG File Processing Stats

File Path                                         PID  Runtime      # DAGs    # Errors  Last Runtime    Last Run               Last # of DB Queries
----------------------------------------------  -----  ---------  --------  ----------  --------------  -------------------  ----------------------
/opt/airflow/dags/train_model_lakehouse_dag.py    362  0.02s             1           0  0.17s           2026-06-03T15:08:50                      10
================================================================================
[2026-06-03T15:09:51.193+0000] {manager.py:997} INFO - 
================================================================================
DAG File Processing Stats

File Path                                         PID  Runtime      # DAGs    # Errors  Last Runtime    Last Run               Last # of DB Queries
----------------------------------------------  -----  ---------  --------  ----------  --------------  -------------------  ----------------------
/opt/airflow/dags/train_model_lakehouse_dag.py    367  0.02s             1           0  0.15s           2026-06-03T15:09:21                      10
================================================================================
[2026-06-03T15:10:21.531+0000] {manager.py:997} INFO - 
================================================================================
DAG File Processing Stats

File Path                                         PID  Runtime      # DAGs    # Errors  Last Runtime    Last Run               Last # of DB Queries
----------------------------------------------  -----  ---------  --------  ----------  --------------  -------------------  ----------------------
/opt/airflow/dags/train_model_lakehouse_dag.py    372  0.02s             1           0  0.12s           2026-06-03T15:09:51                      10
================================================================================
[2026-06-03T15:10:51.749+0000] {manager.py:997} INFO - 
================================================================================
DAG File Processing Stats

File Path                                         PID  Runtime      # DAGs    # Errors  Last Runtime    Last Run               Last # of DB Queries
----------------------------------------------  -----  ---------  --------  ----------  --------------  -------------------  ----------------------
/opt/airflow/dags/train_model_lakehouse_dag.py    377  0.01s             1           0  0.15s           2026-06-03T15:10:21                      10
================================================================================
[2026-06-03T15:11:16.915+0000] {manager.py:465} INFO - Exiting gracefully upon receiving signal 15
[2026-06-03T15:24:36.322+0000] {manager.py:483} INFO - Processing files using up to 2 processes at a time 
[2026-06-03T15:24:36.324+0000] {manager.py:484} INFO - Process each file at most once every 30 seconds
[2026-06-03T15:24:36.324+0000] {manager.py:485} INFO - Checking for new files in /opt/airflow/dags every 300 seconds
[2026-06-03T15:24:36.325+0000] {manager.py:821} INFO - Searching for files in /opt/airflow/dags
[2026-06-03T15:24:36.327+0000] {manager.py:824} INFO - There are 1 files in /opt/airflow/dags
[2026-06-03T15:24:36.401+0000] {manager.py:997} INFO - 
================================================================================
DAG File Processing Stats

File Path                                         PID  Runtime      # DAGs    # Errors  Last Runtime    Last Run      Last # of DB Queries
----------------------------------------------  -----  ---------  --------  ----------  --------------  ----------  ----------------------
/opt/airflow/dags/train_model_lakehouse_dag.py    166  0.02s             0           0                                                   0
================================================================================
[2026-06-03T15:25:06.549+0000] {manager.py:997} INFO - 
================================================================================
DAG File Processing Stats

File Path                                         PID  Runtime      # DAGs    # Errors  Last Runtime    Last Run               Last # of DB Queries
----------------------------------------------  -----  ---------  --------  ----------  --------------  -------------------  ----------------------
/opt/airflow/dags/train_model_lakehouse_dag.py    171  0.01s             1           0  0.16s           2026-06-03T15:24:36                      10
================================================================================
[2026-06-03T15:25:36.776+0000] {manager.py:997} INFO - 
================================================================================
DAG File Processing Stats

File Path                                         PID  Runtime      # DAGs    # Errors  Last Runtime    Last Run               Last # of DB Queries
----------------------------------------------  -----  ---------  --------  ----------  --------------  -------------------  ----------------------
/opt/airflow/dags/train_model_lakehouse_dag.py    176  0.02s             1           0  0.11s           2026-06-03T15:25:06                      10
================================================================================
[2026-06-03T15:26:07.039+0000] {manager.py:997} INFO - 
================================================================================
DAG File Processing Stats

File Path                                         PID  Runtime      # DAGs    # Errors  Last Runtime    Last Run               Last # of DB Queries
----------------------------------------------  -----  ---------  --------  ----------  --------------  -------------------  ----------------------
/opt/airflow/dags/train_model_lakehouse_dag.py    347  0.02s             1           0  0.13s           2026-06-03T15:25:36                      10
================================================================================
[2026-06-03T15:26:37.340+0000] {manager.py:997} INFO - 
================================================================================
DAG File Processing Stats

File Path                                         PID  Runtime      # DAGs    # Errors  Last Runtime    Last Run               Last # of DB Queries
----------------------------------------------  -----  ---------  --------  ----------  --------------  -------------------  ----------------------
/opt/airflow/dags/train_model_lakehouse_dag.py    359  0.02s             1           0  0.14s           2026-06-03T15:26:07                      10
================================================================================
[2026-06-03T15:27:07.624+0000] {manager.py:997} INFO - 
================================================================================
DAG File Processing Stats

File Path                                         PID  Runtime      # DAGs    # Errors  Last Runtime    Last Run               Last # of DB Queries
----------------------------------------------  -----  ---------  --------  ----------  --------------  -------------------  ----------------------
/opt/airflow/dags/train_model_lakehouse_dag.py    364  0.01s             1           0  0.12s           2026-06-03T15:26:37                      10
================================================================================
[2026-06-03T15:27:37.908+0000] {manager.py:997} INFO - 
================================================================================
DAG File Processing Stats

File Path                                         PID  Runtime      # DAGs    # Errors  Last Runtime    Last Run               Last # of DB Queries
----------------------------------------------  -----  ---------  --------  ----------  --------------  -------------------  ----------------------
/opt/airflow/dags/train_model_lakehouse_dag.py    369  0.02s             1           0  0.13s           2026-06-03T15:27:07                      10
================================================================================
[2026-06-03T15:28:08.236+0000] {manager.py:997} INFO - 
================================================================================
DAG File Processing Stats

File Path                                         PID  Runtime      # DAGs    # Errors  Last Runtime    Last Run               Last # of DB Queries
----------------------------------------------  -----  ---------  --------  ----------  --------------  -------------------  ----------------------
/opt/airflow/dags/train_model_lakehouse_dag.py    374  0.02s             1           0  0.14s           2026-06-03T15:27:38                      10
================================================================================
[2026-06-03T15:28:38.492+0000] {manager.py:997} INFO - 
================================================================================
DAG File Processing Stats

File Path                                         PID  Runtime      # DAGs    # Errors  Last Runtime    Last Run               Last # of DB Queries
----------------------------------------------  -----  ---------  --------  ----------  --------------  -------------------  ----------------------
/opt/airflow/dags/train_model_lakehouse_dag.py    379  0.01s             1           0  0.14s           2026-06-03T15:28:08                      10
================================================================================
[2026-06-03T15:29:08.764+0000] {manager.py:997} INFO - 
================================================================================
DAG File Processing Stats

File Path                                         PID  Runtime      # DAGs    # Errors  Last Runtime    Last Run               Last # of DB Queries
----------------------------------------------  -----  ---------  --------  ----------  --------------  -------------------  ----------------------
/opt/airflow/dags/train_model_lakehouse_dag.py    384  0.01s             1           0  0.13s           2026-06-03T15:28:38                      10
================================================================================
[2026-06-03T15:29:37.015+0000] {manager.py:821} INFO - Searching for files in /opt/airflow/dags
[2026-06-03T15:29:37.037+0000] {manager.py:824} INFO - There are 1 files in /opt/airflow/dags
[2026-06-03T15:29:39.102+0000] {manager.py:997} INFO - 
================================================================================
DAG File Processing Stats

File Path                                         PID  Runtime      # DAGs    # Errors  Last Runtime    Last Run               Last # of DB Queries
----------------------------------------------  -----  ---------  --------  ----------  --------------  -------------------  ----------------------
/opt/airflow/dags/train_model_lakehouse_dag.py    389  0.01s             1           0  0.13s           2026-06-03T15:29:08                      10
================================================================================
[2026-06-03T15:30:09.333+0000] {manager.py:997} INFO - 
================================================================================
DAG File Processing Stats

File Path                                         PID  Runtime      # DAGs    # Errors  Last Runtime    Last Run               Last # of DB Queries
----------------------------------------------  -----  ---------  --------  ----------  --------------  -------------------  ----------------------
/opt/airflow/dags/train_model_lakehouse_dag.py    394  0.01s             1           0  0.14s           2026-06-03T15:29:39                      10
================================================================================
[2026-06-03T15:30:39.677+0000] {manager.py:997} INFO - 
================================================================================
DAG File Processing Stats

File Path                                         PID  Runtime      # DAGs    # Errors  Last Runtime    Last Run               Last # of DB Queries
----------------------------------------------  -----  ---------  --------  ----------  --------------  -------------------  ----------------------
/opt/airflow/dags/train_model_lakehouse_dag.py    399  0.02s             1           0  0.15s           2026-06-03T15:30:09                      10
================================================================================
[2026-06-03T15:31:09.958+0000] {manager.py:997} INFO - 
================================================================================
DAG File Processing Stats

File Path                                         PID  Runtime      # DAGs    # Errors  Last Runtime    Last Run               Last # of DB Queries
----------------------------------------------  -----  ---------  --------  ----------  --------------  -------------------  ----------------------
/opt/airflow/dags/train_model_lakehouse_dag.py    404  0.02s             1           0  0.13s           2026-06-03T15:30:39                      10
================================================================================
[2026-06-03T15:31:40.258+0000] {manager.py:997} INFO - 
================================================================================
DAG File Processing Stats

File Path                                         PID  Runtime      # DAGs    # Errors  Last Runtime    Last Run               Last # of DB Queries
----------------------------------------------  -----  ---------  --------  ----------  --------------  -------------------  ----------------------
/opt/airflow/dags/train_model_lakehouse_dag.py    409  0.01s             1           0  0.16s           2026-06-03T15:31:10                      10
================================================================================
[2026-06-03T15:32:10.544+0000] {manager.py:997} INFO - 
================================================================================
DAG File Processing Stats

File Path                                         PID  Runtime      # DAGs    # Errors  Last Runtime    Last Run               Last # of DB Queries
----------------------------------------------  -----  ---------  --------  ----------  --------------  -------------------  ----------------------
/opt/airflow/dags/train_model_lakehouse_dag.py    414  0.01s             1           0  0.13s           2026-06-03T15:31:40                      10
================================================================================
[2026-06-03T15:32:40.806+0000] {manager.py:997} INFO - 
================================================================================
DAG File Processing Stats

File Path                                         PID  Runtime      # DAGs    # Errors  Last Runtime    Last Run               Last # of DB Queries
----------------------------------------------  -----  ---------  --------  ----------  --------------  -------------------  ----------------------
/opt/airflow/dags/train_model_lakehouse_dag.py    419  0.02s             1           0  0.13s           2026-06-03T15:32:10                      10
================================================================================
[2026-06-03T15:33:11.092+0000] {manager.py:997} INFO - 
================================================================================
DAG File Processing Stats

File Path                                         PID  Runtime      # DAGs    # Errors  Last Runtime    Last Run               Last # of DB Queries
----------------------------------------------  -----  ---------  --------  ----------  --------------  -------------------  ----------------------
/opt/airflow/dags/train_model_lakehouse_dag.py    424  0.02s             1           0  0.16s           2026-06-03T15:32:40                      10
================================================================================
[2026-06-03T15:33:41.401+0000] {manager.py:997} INFO - 
================================================================================
DAG File Processing Stats

File Path                                         PID  Runtime      # DAGs    # Errors  Last Runtime    Last Run               Last # of DB Queries
----------------------------------------------  -----  ---------  --------  ----------  --------------  -------------------  ----------------------
/opt/airflow/dags/train_model_lakehouse_dag.py    429  0.02s             1           0  0.13s           2026-06-03T15:33:11                      10
================================================================================
[2026-06-03T15:34:11.797+0000] {manager.py:997} INFO - 
================================================================================
DAG File Processing Stats

File Path                                       PID    Runtime      # DAGs    # Errors  Last Runtime    Last Run               Last # of DB Queries
----------------------------------------------  -----  ---------  --------  ----------  --------------  -------------------  ----------------------
/opt/airflow/dags/train_model_lakehouse_dag.py                           1           0  0.48s           2026-06-03T15:33:46                      32
================================================================================
[2026-06-03T15:34:37.456+0000] {manager.py:821} INFO - Searching for files in /opt/airflow/dags
[2026-06-03T15:34:37.462+0000] {manager.py:824} INFO - There are 1 files in /opt/airflow/dags
[2026-06-03T15:34:42.542+0000] {manager.py:997} INFO - 
================================================================================
DAG File Processing Stats

File Path                                       PID    Runtime      # DAGs    # Errors  Last Runtime    Last Run               Last # of DB Queries
----------------------------------------------  -----  ---------  --------  ----------  --------------  -------------------  ----------------------
/opt/airflow/dags/train_model_lakehouse_dag.py                           1           0  0.11s           2026-06-03T15:34:16                      10
================================================================================
[2026-06-03T15:35:12.816+0000] {manager.py:997} INFO - 
================================================================================
DAG File Processing Stats

File Path                                       PID    Runtime      # DAGs    # Errors  Last Runtime    Last Run               Last # of DB Queries
----------------------------------------------  -----  ---------  --------  ----------  --------------  -------------------  ----------------------
/opt/airflow/dags/train_model_lakehouse_dag.py                           1           0  0.14s           2026-06-03T15:34:46                      10
================================================================================
[2026-06-03T15:35:43.146+0000] {manager.py:997} INFO - 
================================================================================
DAG File Processing Stats

File Path                                       PID    Runtime      # DAGs    # Errors  Last Runtime    Last Run               Last # of DB Queries
----------------------------------------------  -----  ---------  --------  ----------  --------------  -------------------  ----------------------
/opt/airflow/dags/train_model_lakehouse_dag.py                           1           0  0.21s           2026-06-03T15:35:17                      10
================================================================================
[2026-06-03T15:36:13.512+0000] {manager.py:997} INFO - 
================================================================================
DAG File Processing Stats

File Path                                       PID    Runtime      # DAGs    # Errors  Last Runtime    Last Run               Last # of DB Queries
----------------------------------------------  -----  ---------  --------  ----------  --------------  -------------------  ----------------------
/opt/airflow/dags/train_model_lakehouse_dag.py                           1           0  0.14s           2026-06-03T15:35:47                      10
================================================================================
[2026-06-03T15:36:43.755+0000] {manager.py:997} INFO - 
================================================================================
DAG File Processing Stats

File Path                                       PID    Runtime      # DAGs    # Errors  Last Runtime    Last Run               Last # of DB Queries
----------------------------------------------  -----  ---------  --------  ----------  --------------  -------------------  ----------------------
/opt/airflow/dags/train_model_lakehouse_dag.py                           1           0  0.16s           2026-06-03T15:36:17                      10
================================================================================
[2026-06-03T15:37:13.982+0000] {manager.py:997} INFO - 
================================================================================
DAG File Processing Stats

File Path                                       PID    Runtime      # DAGs    # Errors  Last Runtime    Last Run               Last # of DB Queries
----------------------------------------------  -----  ---------  --------  ----------  --------------  -------------------  ----------------------
/opt/airflow/dags/train_model_lakehouse_dag.py                           1           0  0.13s           2026-06-03T15:36:47                      10
================================================================================
[2026-06-03T15:37:44.300+0000] {manager.py:997} INFO - 
================================================================================
DAG File Processing Stats

File Path                                       PID    Runtime      # DAGs    # Errors  Last Runtime    Last Run               Last # of DB Queries
----------------------------------------------  -----  ---------  --------  ----------  --------------  -------------------  ----------------------
/opt/airflow/dags/train_model_lakehouse_dag.py                           1           0  0.15s           2026-06-03T15:37:18                      10
================================================================================
[2026-06-03T15:38:14.583+0000] {manager.py:997} INFO - 
================================================================================
DAG File Processing Stats

File Path                                       PID    Runtime      # DAGs    # Errors  Last Runtime    Last Run               Last # of DB Queries
----------------------------------------------  -----  ---------  --------  ----------  --------------  -------------------  ----------------------
/opt/airflow/dags/train_model_lakehouse_dag.py                           1           0  0.18s           2026-06-03T15:37:48                      10
================================================================================
[2026-06-03T15:38:44.901+0000] {manager.py:997} INFO - 
================================================================================
DAG File Processing Stats

File Path                                       PID    Runtime      # DAGs    # Errors  Last Runtime    Last Run               Last # of DB Queries
----------------------------------------------  -----  ---------  --------  ----------  --------------  -------------------  ----------------------
/opt/airflow/dags/train_model_lakehouse_dag.py                           1           0  0.14s           2026-06-03T15:38:18                      10
================================================================================
[2026-06-03T15:39:15.242+0000] {manager.py:997} INFO - 
================================================================================
DAG File Processing Stats

File Path                                       PID    Runtime      # DAGs    # Errors  Last Runtime    Last Run               Last # of DB Queries
----------------------------------------------  -----  ---------  --------  ----------  --------------  -------------------  ----------------------
/opt/airflow/dags/train_model_lakehouse_dag.py                           1           0  0.27s           2026-06-03T15:39:06                      32
================================================================================
[2026-06-03T15:39:37.546+0000] {manager.py:821} INFO - Searching for files in /opt/airflow/dags
[2026-06-03T15:39:37.548+0000] {manager.py:824} INFO - There are 1 files in /opt/airflow/dags
[2026-06-03T15:39:45.495+0000] {manager.py:997} INFO - 
================================================================================
DAG File Processing Stats

File Path                                       PID    Runtime      # DAGs    # Errors  Last Runtime    Last Run               Last # of DB Queries
----------------------------------------------  -----  ---------  --------  ----------  --------------  -------------------  ----------------------
/opt/airflow/dags/train_model_lakehouse_dag.py                           1           0  0.13s           2026-06-03T15:39:36                      10
================================================================================
[2026-06-03T15:40:15.846+0000] {manager.py:997} INFO - 
================================================================================
DAG File Processing Stats

File Path                                       PID    Runtime      # DAGs    # Errors  Last Runtime    Last Run               Last # of DB Queries
----------------------------------------------  -----  ---------  --------  ----------  --------------  -------------------  ----------------------
/opt/airflow/dags/train_model_lakehouse_dag.py                           1           0  0.11s           2026-06-03T15:40:06                      10
================================================================================
[2026-06-03T15:40:46.141+0000] {manager.py:997} INFO - 
================================================================================
DAG File Processing Stats

File Path                                       PID    Runtime      # DAGs    # Errors  Last Runtime    Last Run               Last # of DB Queries
----------------------------------------------  -----  ---------  --------  ----------  --------------  -------------------  ----------------------
/opt/airflow/dags/train_model_lakehouse_dag.py                           1           0  0.13s           2026-06-03T15:40:37                      10
================================================================================
[2026-06-03T15:41:16.473+0000] {manager.py:997} INFO - 
================================================================================
DAG File Processing Stats

File Path                                       PID    Runtime      # DAGs    # Errors  Last Runtime    Last Run               Last # of DB Queries
----------------------------------------------  -----  ---------  --------  ----------  --------------  -------------------  ----------------------
/opt/airflow/dags/train_model_lakehouse_dag.py                           1           0  0.17s           2026-06-03T15:41:07                      10
================================================================================
[2026-06-03T15:41:46.810+0000] {manager.py:997} INFO - 
================================================================================
DAG File Processing Stats

File Path                                       PID    Runtime      # DAGs    # Errors  Last Runtime    Last Run               Last # of DB Queries
----------------------------------------------  -----  ---------  --------  ----------  --------------  -------------------  ----------------------
/opt/airflow/dags/train_model_lakehouse_dag.py                           1           0  0.16s           2026-06-03T15:41:37                      10
================================================================================
[2026-06-03T15:42:17.141+0000] {manager.py:997} INFO - 
================================================================================
DAG File Processing Stats

File Path                                       PID    Runtime      # DAGs    # Errors  Last Runtime    Last Run               Last # of DB Queries
----------------------------------------------  -----  ---------  --------  ----------  --------------  -------------------  ----------------------
/opt/airflow/dags/train_model_lakehouse_dag.py                           1           0  0.17s           2026-06-03T15:42:08                      10
================================================================================
[2026-06-03T15:42:47.504+0000] {manager.py:997} INFO - 
================================================================================
DAG File Processing Stats

File Path                                       PID    Runtime      # DAGs    # Errors  Last Runtime    Last Run               Last # of DB Queries
----------------------------------------------  -----  ---------  --------  ----------  --------------  -------------------  ----------------------
/opt/airflow/dags/train_model_lakehouse_dag.py                           1           0  0.14s           2026-06-03T15:42:38                      10
================================================================================
[2026-06-03T15:43:17.792+0000] {manager.py:997} INFO - 
================================================================================
DAG File Processing Stats

File Path                                       PID    Runtime      # DAGs    # Errors  Last Runtime    Last Run               Last # of DB Queries
----------------------------------------------  -----  ---------  --------  ----------  --------------  -------------------  ----------------------
/opt/airflow/dags/train_model_lakehouse_dag.py                           1           0  0.16s           2026-06-03T15:43:08                      10
================================================================================
[2026-06-03T15:43:48.106+0000] {manager.py:997} INFO - 
================================================================================
DAG File Processing Stats

File Path                                       PID    Runtime      # DAGs    # Errors  Last Runtime    Last Run               Last # of DB Queries
----------------------------------------------  -----  ---------  --------  ----------  --------------  -------------------  ----------------------
/opt/airflow/dags/train_model_lakehouse_dag.py                           1           0  0.13s           2026-06-03T15:43:39                      10
================================================================================
[2026-06-03T15:44:18.360+0000] {manager.py:997} INFO - 
================================================================================
DAG File Processing Stats

File Path                                       PID    Runtime      # DAGs    # Errors  Last Runtime    Last Run               Last # of DB Queries
----------------------------------------------  -----  ---------  --------  ----------  --------------  -------------------  ----------------------
/opt/airflow/dags/train_model_lakehouse_dag.py                           1           0  0.35s           2026-06-03T15:44:09                      10
================================================================================
[2026-06-03T15:44:37.852+0000] {manager.py:821} INFO - Searching for files in /opt/airflow/dags
[2026-06-03T15:44:38.007+0000] {manager.py:824} INFO - There are 1 files in /opt/airflow/dags
[2026-06-03T15:44:49.107+0000] {manager.py:997} INFO - 
================================================================================
DAG File Processing Stats

File Path                                       PID    Runtime      # DAGs    # Errors  Last Runtime    Last Run               Last # of DB Queries
----------------------------------------------  -----  ---------  --------  ----------  --------------  -------------------  ----------------------
/opt/airflow/dags/train_model_lakehouse_dag.py                           1           0  4.27s           2026-06-03T15:44:44                      10
================================================================================
[2026-06-03T15:45:19.385+0000] {manager.py:997} INFO - 
================================================================================
DAG File Processing Stats

File Path                                       PID    Runtime      # DAGs    # Errors  Last Runtime    Last Run               Last # of DB Queries
----------------------------------------------  -----  ---------  --------  ----------  --------------  -------------------  ----------------------
/opt/airflow/dags/train_model_lakehouse_dag.py                           1           0  0.15s           2026-06-03T15:45:14                      10
================================================================================
[2026-06-03T15:45:49.773+0000] {manager.py:997} INFO - 
================================================================================
DAG File Processing Stats

File Path                                       PID    Runtime      # DAGs    # Errors  Last Runtime    Last Run               Last # of DB Queries
----------------------------------------------  -----  ---------  --------  ----------  --------------  -------------------  ----------------------
/opt/airflow/dags/train_model_lakehouse_dag.py                           1           0  0.14s           2026-06-03T15:45:44                      10
================================================================================
[2026-06-03T15:46:20.002+0000] {manager.py:997} INFO - 
================================================================================
DAG File Processing Stats

File Path                                       PID    Runtime      # DAGs    # Errors  Last Runtime    Last Run               Last # of DB Queries
----------------------------------------------  -----  ---------  --------  ----------  --------------  -------------------  ----------------------
/opt/airflow/dags/train_model_lakehouse_dag.py                           1           0  0.14s           2026-06-03T15:46:15                      10
================================================================================
[2026-06-03T15:46:50.337+0000] {manager.py:997} INFO - 
================================================================================
DAG File Processing Stats

File Path                                       PID    Runtime      # DAGs    # Errors  Last Runtime    Last Run               Last # of DB Queries
----------------------------------------------  -----  ---------  --------  ----------  --------------  -------------------  ----------------------
/opt/airflow/dags/train_model_lakehouse_dag.py                           1           0  0.18s           2026-06-03T15:46:45                      10
================================================================================
[2026-06-03T15:47:20.655+0000] {manager.py:997} INFO - 
================================================================================
DAG File Processing Stats

File Path                                       PID    Runtime      # DAGs    # Errors  Last Runtime    Last Run               Last # of DB Queries
----------------------------------------------  -----  ---------  --------  ----------  --------------  -------------------  ----------------------
/opt/airflow/dags/train_model_lakehouse_dag.py                           1           0  0.16s           2026-06-03T15:47:15                      10
================================================================================
[2026-06-03T15:47:51.010+0000] {manager.py:997} INFO - 
================================================================================
DAG File Processing Stats

File Path                                       PID    Runtime      # DAGs    # Errors  Last Runtime    Last Run               Last # of DB Queries
----------------------------------------------  -----  ---------  --------  ----------  --------------  -------------------  ----------------------
/opt/airflow/dags/train_model_lakehouse_dag.py                           1           0  0.16s           2026-06-03T15:47:46                      10
================================================================================
[2026-06-03T15:48:21.299+0000] {manager.py:997} INFO - 
================================================================================
DAG File Processing Stats

File Path                                       PID    Runtime      # DAGs    # Errors  Last Runtime    Last Run               Last # of DB Queries
----------------------------------------------  -----  ---------  --------  ----------  --------------  -------------------  ----------------------
/opt/airflow/dags/train_model_lakehouse_dag.py                           1           0  0.19s           2026-06-03T15:48:16                      10
================================================================================
[2026-06-03T15:48:51.706+0000] {manager.py:997} INFO - 
================================================================================
DAG File Processing Stats

File Path                                       PID    Runtime      # DAGs    # Errors  Last Runtime    Last Run               Last # of DB Queries
----------------------------------------------  -----  ---------  --------  ----------  --------------  -------------------  ----------------------
/opt/airflow/dags/train_model_lakehouse_dag.py                           1           0  0.17s           2026-06-03T15:48:46                      10
================================================================================
[2026-06-03T15:49:21.983+0000] {manager.py:997} INFO - 
================================================================================
DAG File Processing Stats

File Path                                       PID    Runtime      # DAGs    # Errors  Last Runtime    Last Run               Last # of DB Queries
----------------------------------------------  -----  ---------  --------  ----------  --------------  -------------------  ----------------------
/opt/airflow/dags/train_model_lakehouse_dag.py                           1           0  0.16s           2026-06-03T15:49:17                      10
================================================================================
[2026-06-03T15:49:38.109+0000] {manager.py:821} INFO - Searching for files in /opt/airflow/dags
[2026-06-03T15:49:38.110+0000] {manager.py:824} INFO - There are 1 files in /opt/airflow/dags
[2026-06-03T15:49:52.315+0000] {manager.py:997} INFO - 
================================================================================
DAG File Processing Stats

File Path                                       PID    Runtime      # DAGs    # Errors  Last Runtime    Last Run               Last # of DB Queries
----------------------------------------------  -----  ---------  --------  ----------  --------------  -------------------  ----------------------
/opt/airflow/dags/train_model_lakehouse_dag.py                           1           0  0.14s           2026-06-03T15:49:47                      10
================================================================================
[2026-06-03T15:50:22.592+0000] {manager.py:997} INFO - 
================================================================================
DAG File Processing Stats

File Path                                       PID    Runtime      # DAGs    # Errors  Last Runtime    Last Run               Last # of DB Queries
----------------------------------------------  -----  ---------  --------  ----------  --------------  -------------------  ----------------------
/opt/airflow/dags/train_model_lakehouse_dag.py                           1           0  0.17s           2026-06-03T15:50:17                      10
================================================================================
[2026-06-03T15:50:52.854+0000] {manager.py:997} INFO - 
================================================================================
DAG File Processing Stats

File Path                                       PID    Runtime      # DAGs    # Errors  Last Runtime    Last Run               Last # of DB Queries
----------------------------------------------  -----  ---------  --------  ----------  --------------  -------------------  ----------------------
/opt/airflow/dags/train_model_lakehouse_dag.py                           1           0  0.10s           2026-06-03T15:50:47                      10
================================================================================
[2026-06-03T15:51:23.183+0000] {manager.py:997} INFO - 
================================================================================
DAG File Processing Stats

File Path                                       PID    Runtime      # DAGs    # Errors  Last Runtime    Last Run               Last # of DB Queries
----------------------------------------------  -----  ---------  --------  ----------  --------------  -------------------  ----------------------
/opt/airflow/dags/train_model_lakehouse_dag.py                           1           0  0.17s           2026-06-03T15:51:18                      10
================================================================================
[2026-06-03T15:51:53.529+0000] {manager.py:997} INFO - 
================================================================================
DAG File Processing Stats

File Path                                       PID    Runtime      # DAGs    # Errors  Last Runtime    Last Run               Last # of DB Queries
----------------------------------------------  -----  ---------  --------  ----------  --------------  -------------------  ----------------------
/opt/airflow/dags/train_model_lakehouse_dag.py                           1           0  0.16s           2026-06-03T15:51:48                      10
================================================================================
[2026-06-03T15:52:23.848+0000] {manager.py:997} INFO - 
================================================================================
DAG File Processing Stats

File Path                                       PID    Runtime      # DAGs    # Errors  Last Runtime    Last Run               Last # of DB Queries
----------------------------------------------  -----  ---------  --------  ----------  --------------  -------------------  ----------------------
/opt/airflow/dags/train_model_lakehouse_dag.py                           1           0  0.19s           2026-06-03T15:52:18                      10
================================================================================
[2026-06-03T15:52:54.218+0000] {manager.py:997} INFO - 
================================================================================
DAG File Processing Stats

File Path                                       PID    Runtime      # DAGs    # Errors  Last Runtime    Last Run               Last # of DB Queries
----------------------------------------------  -----  ---------  --------  ----------  --------------  -------------------  ----------------------
/opt/airflow/dags/train_model_lakehouse_dag.py                           1           0  0.16s           2026-06-03T15:52:49                      10
================================================================================
[2026-06-03T15:53:24.416+0000] {manager.py:997} INFO - 
================================================================================
DAG File Processing Stats

File Path                                       PID    Runtime      # DAGs    # Errors  Last Runtime    Last Run               Last # of DB Queries
----------------------------------------------  -----  ---------  --------  ----------  --------------  -------------------  ----------------------
/opt/airflow/dags/train_model_lakehouse_dag.py                           1           0  0.28s           2026-06-03T15:53:19                      10
================================================================================
[2026-06-03T15:53:54.732+0000] {manager.py:997} INFO - 
================================================================================
DAG File Processing Stats

File Path                                       PID    Runtime      # DAGs    # Errors  Last Runtime    Last Run               Last # of DB Queries
----------------------------------------------  -----  ---------  --------  ----------  --------------  -------------------  ----------------------
/opt/airflow/dags/train_model_lakehouse_dag.py                           1           0  3.93s           2026-06-03T15:53:53                      10
================================================================================
[2026-06-03T15:54:25.709+0000] {manager.py:997} INFO - 
================================================================================
DAG File Processing Stats

File Path                                         PID  Runtime      # DAGs    # Errors  Last Runtime    Last Run               Last # of DB Queries
----------------------------------------------  -----  ---------  --------  ----------  --------------  -------------------  ----------------------
/opt/airflow/dags/train_model_lakehouse_dag.py   1230  1.02s             1           0  3.93s           2026-06-03T15:53:53                      10
================================================================================
[2026-06-03T15:54:38.732+0000] {manager.py:821} INFO - Searching for files in /opt/airflow/dags
[2026-06-03T15:54:39.587+0000] {manager.py:824} INFO - There are 1 files in /opt/airflow/dags
[2026-06-03T15:54:55.744+0000] {manager.py:997} INFO - 
================================================================================
DAG File Processing Stats

File Path                                       PID    Runtime      # DAGs    # Errors  Last Runtime    Last Run               Last # of DB Queries
----------------------------------------------  -----  ---------  --------  ----------  --------------  -------------------  ----------------------
/opt/airflow/dags/train_model_lakehouse_dag.py                           1           0  2.93s           2026-06-03T15:54:27                      10
================================================================================
[2026-06-03T15:55:13.932+0000] {manager.py:465} INFO - Exiting gracefully upon receiving signal 15
[2026-06-03T16:03:35.590+0000] {manager.py:483} INFO - Processing files using up to 2 processes at a time 
[2026-06-03T16:03:35.593+0000] {manager.py:484} INFO - Process each file at most once every 30 seconds
[2026-06-03T16:03:35.599+0000] {manager.py:485} INFO - Checking for new files in /opt/airflow/dags every 300 seconds
[2026-06-03T16:03:35.600+0000] {manager.py:821} INFO - Searching for files in /opt/airflow/dags
[2026-06-03T16:03:35.606+0000] {manager.py:824} INFO - There are 1 files in /opt/airflow/dags
[2026-06-03T16:03:35.751+0000] {manager.py:997} INFO - 
================================================================================
DAG File Processing Stats

File Path                                         PID  Runtime      # DAGs    # Errors  Last Runtime    Last Run      Last # of DB Queries
----------------------------------------------  -----  ---------  --------  ----------  --------------  ----------  ----------------------
/opt/airflow/dags/train_model_lakehouse_dag.py    165  0.05s             0           0                                                   0
================================================================================
[2026-06-03T16:04:05.980+0000] {manager.py:997} INFO - 
================================================================================
DAG File Processing Stats

File Path                                       PID    Runtime      # DAGs    # Errors  Last Runtime    Last Run               Last # of DB Queries
----------------------------------------------  -----  ---------  --------  ----------  --------------  -------------------  ----------------------
/opt/airflow/dags/train_model_lakehouse_dag.py                           1           0  1.13s           2026-06-03T16:03:36                      43
================================================================================
[2026-06-03T16:04:36.293+0000] {manager.py:997} INFO - 
================================================================================
DAG File Processing Stats

File Path                                       PID    Runtime      # DAGs    # Errors  Last Runtime    Last Run               Last # of DB Queries
----------------------------------------------  -----  ---------  --------  ----------  --------------  -------------------  ----------------------
/opt/airflow/dags/train_model_lakehouse_dag.py                           1           0  0.17s           2026-06-03T16:04:07                      10
================================================================================
[2026-06-03T16:05:06.678+0000] {manager.py:997} INFO - 
================================================================================
DAG File Processing Stats

File Path                                       PID    Runtime      # DAGs    # Errors  Last Runtime    Last Run               Last # of DB Queries
----------------------------------------------  -----  ---------  --------  ----------  --------------  -------------------  ----------------------
/opt/airflow/dags/train_model_lakehouse_dag.py                           1           0  0.27s           2026-06-03T16:04:37                      10
================================================================================
[2026-06-03T16:05:37.107+0000] {manager.py:997} INFO - 
================================================================================
DAG File Processing Stats

File Path                                       PID    Runtime      # DAGs    # Errors  Last Runtime    Last Run               Last # of DB Queries
----------------------------------------------  -----  ---------  --------  ----------  --------------  -------------------  ----------------------
/opt/airflow/dags/train_model_lakehouse_dag.py                           1           0  0.26s           2026-06-03T16:05:07                      10
================================================================================
[2026-06-03T16:06:07.480+0000] {manager.py:997} INFO - 
================================================================================
DAG File Processing Stats

File Path                                       PID    Runtime      # DAGs    # Errors  Last Runtime    Last Run               Last # of DB Queries
----------------------------------------------  -----  ---------  --------  ----------  --------------  -------------------  ----------------------
/opt/airflow/dags/train_model_lakehouse_dag.py                           1           0  0.33s           2026-06-03T16:05:38                      10
================================================================================
[2026-06-03T16:06:37.976+0000] {manager.py:997} INFO - 
================================================================================
DAG File Processing Stats

File Path                                       PID    Runtime      # DAGs    # Errors  Last Runtime    Last Run               Last # of DB Queries
----------------------------------------------  -----  ---------  --------  ----------  --------------  -------------------  ----------------------
/opt/airflow/dags/train_model_lakehouse_dag.py                           1           0  0.37s           2026-06-03T16:06:08                      10
================================================================================
[2026-06-03T16:07:08.193+0000] {manager.py:997} INFO - 
================================================================================
DAG File Processing Stats

File Path                                       PID    Runtime      # DAGs    # Errors  Last Runtime    Last Run               Last # of DB Queries
----------------------------------------------  -----  ---------  --------  ----------  --------------  -------------------  ----------------------
/opt/airflow/dags/train_model_lakehouse_dag.py                           1           0  0.14s           2026-06-03T16:06:39                      10
================================================================================
[2026-06-03T16:07:38.574+0000] {manager.py:997} INFO - 
================================================================================
DAG File Processing Stats

File Path                                       PID    Runtime      # DAGs    # Errors  Last Runtime    Last Run               Last # of DB Queries
----------------------------------------------  -----  ---------  --------  ----------  --------------  -------------------  ----------------------
/opt/airflow/dags/train_model_lakehouse_dag.py                           1           0  0.32s           2026-06-03T16:07:09                      10
================================================================================
[2026-06-03T16:08:09.037+0000] {manager.py:997} INFO - 
================================================================================
DAG File Processing Stats

File Path                                       PID    Runtime      # DAGs    # Errors  Last Runtime    Last Run               Last # of DB Queries
----------------------------------------------  -----  ---------  --------  ----------  --------------  -------------------  ----------------------
/opt/airflow/dags/train_model_lakehouse_dag.py                           1           0  0.30s           2026-06-03T16:07:39                      10
================================================================================
[2026-06-03T16:08:35.650+0000] {manager.py:821} INFO - Searching for files in /opt/airflow/dags
[2026-06-03T16:08:35.659+0000] {manager.py:824} INFO - There are 1 files in /opt/airflow/dags
[2026-06-03T16:08:39.421+0000] {manager.py:997} INFO - 
================================================================================
DAG File Processing Stats

File Path                                       PID    Runtime      # DAGs    # Errors  Last Runtime    Last Run               Last # of DB Queries
----------------------------------------------  -----  ---------  --------  ----------  --------------  -------------------  ----------------------
/opt/airflow/dags/train_model_lakehouse_dag.py                           1           0  0.39s           2026-06-03T16:08:10                      10
================================================================================
[2026-06-03T16:09:10.008+0000] {manager.py:997} INFO - 
================================================================================
DAG File Processing Stats

File Path                                       PID    Runtime      # DAGs    # Errors  Last Runtime    Last Run               Last # of DB Queries
----------------------------------------------  -----  ---------  --------  ----------  --------------  -------------------  ----------------------
/opt/airflow/dags/train_model_lakehouse_dag.py                           1           0  0.37s           2026-06-03T16:08:41                      10
================================================================================
[2026-06-03T16:09:40.649+0000] {manager.py:997} INFO - 
================================================================================
DAG File Processing Stats

File Path                                       PID    Runtime      # DAGs    # Errors  Last Runtime    Last Run               Last # of DB Queries
----------------------------------------------  -----  ---------  --------  ----------  --------------  -------------------  ----------------------
/opt/airflow/dags/train_model_lakehouse_dag.py                           1           0  0.20s           2026-06-03T16:09:11                      10
================================================================================
[2026-06-03T16:10:11.186+0000] {manager.py:997} INFO - 
================================================================================
DAG File Processing Stats

File Path                                       PID    Runtime      # DAGs    # Errors  Last Runtime    Last Run               Last # of DB Queries
----------------------------------------------  -----  ---------  --------  ----------  --------------  -------------------  ----------------------
/opt/airflow/dags/train_model_lakehouse_dag.py                           1           0  0.36s           2026-06-03T16:09:42                      10
================================================================================
[2026-06-03T16:10:41.575+0000] {manager.py:997} INFO - 
================================================================================
DAG File Processing Stats

File Path                                       PID    Runtime      # DAGs    # Errors  Last Runtime    Last Run               Last # of DB Queries
----------------------------------------------  -----  ---------  --------  ----------  --------------  -------------------  ----------------------
/opt/airflow/dags/train_model_lakehouse_dag.py                           1           0  0.37s           2026-06-03T16:10:12                      10
================================================================================
[2026-06-03T16:11:12.133+0000] {manager.py:997} INFO - 
================================================================================
DAG File Processing Stats

File Path                                       PID    Runtime      # DAGs    # Errors  Last Runtime    Last Run               Last # of DB Queries
----------------------------------------------  -----  ---------  --------  ----------  --------------  -------------------  ----------------------
/opt/airflow/dags/train_model_lakehouse_dag.py                           1           0  0.37s           2026-06-03T16:10:42                      10
================================================================================
[2026-06-03T16:11:42.519+0000] {manager.py:997} INFO - 
================================================================================
DAG File Processing Stats

File Path                                       PID    Runtime      # DAGs    # Errors  Last Runtime    Last Run               Last # of DB Queries
----------------------------------------------  -----  ---------  --------  ----------  --------------  -------------------  ----------------------
/opt/airflow/dags/train_model_lakehouse_dag.py                           1           0  0.44s           2026-06-03T16:11:13                      10
================================================================================
[2026-06-03T16:12:12.529+0000] {manager.py:997} INFO - 
================================================================================
DAG File Processing Stats

File Path                                       PID    Runtime      # DAGs    # Errors  Last Runtime    Last Run               Last # of DB Queries
----------------------------------------------  -----  ---------  --------  ----------  --------------  -------------------  ----------------------
/opt/airflow/dags/train_model_lakehouse_dag.py                           1           0  0.37s           2026-06-03T16:11:44                      10
================================================================================
[2026-06-03T16:12:42.845+0000] {manager.py:997} INFO - 
================================================================================
DAG File Processing Stats

File Path                                       PID    Runtime      # DAGs    # Errors  Last Runtime    Last Run               Last # of DB Queries
----------------------------------------------  -----  ---------  --------  ----------  --------------  -------------------  ----------------------
/opt/airflow/dags/train_model_lakehouse_dag.py                           1           0  0.23s           2026-06-03T16:12:14                      10
================================================================================
[2026-06-03T16:13:13.364+0000] {manager.py:997} INFO - 
================================================================================
DAG File Processing Stats

File Path                                       PID    Runtime      # DAGs    # Errors  Last Runtime    Last Run               Last # of DB Queries
----------------------------------------------  -----  ---------  --------  ----------  --------------  -------------------  ----------------------
/opt/airflow/dags/train_model_lakehouse_dag.py                           1           0  0.34s           2026-06-03T16:12:45                      10
================================================================================
[2026-06-03T16:13:35.685+0000] {manager.py:821} INFO - Searching for files in /opt/airflow/dags
[2026-06-03T16:13:35.712+0000] {manager.py:824} INFO - There are 1 files in /opt/airflow/dags
[2026-06-03T16:13:43.826+0000] {manager.py:997} INFO - 
================================================================================
DAG File Processing Stats

File Path                                       PID    Runtime      # DAGs    # Errors  Last Runtime    Last Run               Last # of DB Queries
----------------------------------------------  -----  ---------  --------  ----------  --------------  -------------------  ----------------------
/opt/airflow/dags/train_model_lakehouse_dag.py                           1           0  0.28s           2026-06-03T16:13:15                      10
================================================================================
[2026-06-03T16:14:14.148+0000] {manager.py:997} INFO - 
================================================================================
DAG File Processing Stats

File Path                                       PID    Runtime      # DAGs    # Errors  Last Runtime    Last Run               Last # of DB Queries
----------------------------------------------  -----  ---------  --------  ----------  --------------  -------------------  ----------------------
/opt/airflow/dags/train_model_lakehouse_dag.py                           1           0  0.16s           2026-06-03T16:13:46                      10
================================================================================
[2026-06-03T16:14:44.659+0000] {manager.py:997} INFO - 
================================================================================
DAG File Processing Stats

File Path                                       PID    Runtime      # DAGs    # Errors  Last Runtime    Last Run               Last # of DB Queries
----------------------------------------------  -----  ---------  --------  ----------  --------------  -------------------  ----------------------
/opt/airflow/dags/train_model_lakehouse_dag.py                           1           0  0.18s           2026-06-03T16:14:16                      10
================================================================================
[2026-06-03T16:38:00.677+0000] {manager.py:821} INFO - Searching for files in /opt/airflow/dags
[2026-06-03T16:38:02.805+0000] {manager.py:824} INFO - There are 1 files in /opt/airflow/dags
[2026-06-03T16:38:09.016+0000] {manager.py:997} INFO - 
================================================================================
DAG File Processing Stats

File Path                                         PID  Runtime      # DAGs    # Errors  Last Runtime    Last Run               Last # of DB Queries
----------------------------------------------  -----  ---------  --------  ----------  --------------  -------------------  ----------------------
/opt/airflow/dags/train_model_lakehouse_dag.py    433  0.03s             1           0  1.49s           2026-06-03T16:14:48                      10
================================================================================
[2026-06-03T16:50:32.481+0000] {manager.py:821} INFO - Searching for files in /opt/airflow/dags
[2026-06-03T16:50:32.603+0000] {manager.py:824} INFO - There are 1 files in /opt/airflow/dags
[2026-06-03T16:50:52.483+0000] {manager.py:997} INFO - 
================================================================================
DAG File Processing Stats

File Path                                       PID    Runtime      # DAGs    # Errors  Last Runtime    Last Run               Last # of DB Queries
----------------------------------------------  -----  ---------  --------  ----------  --------------  -------------------  ----------------------
/opt/airflow/dags/train_model_lakehouse_dag.py                           1           0  7.40s           2026-06-03T16:50:40                      16
================================================================================
[2026-06-03T16:51:22.527+0000] {manager.py:997} INFO - 
================================================================================
DAG File Processing Stats

File Path                                       PID    Runtime      # DAGs    # Errors  Last Runtime    Last Run               Last # of DB Queries
----------------------------------------------  -----  ---------  --------  ----------  --------------  -------------------  ----------------------
/opt/airflow/dags/train_model_lakehouse_dag.py                           1           0  0.17s           2026-06-03T16:51:10                      10
================================================================================
[2026-06-03T16:51:52.869+0000] {manager.py:997} INFO - 
================================================================================
DAG File Processing Stats

File Path                                       PID    Runtime      # DAGs    # Errors  Last Runtime    Last Run               Last # of DB Queries
----------------------------------------------  -----  ---------  --------  ----------  --------------  -------------------  ----------------------
/opt/airflow/dags/train_model_lakehouse_dag.py                           1           0  0.12s           2026-06-03T16:51:40                      10
================================================================================
[2026-06-03T16:52:23.151+0000] {manager.py:997} INFO - 
================================================================================
DAG File Processing Stats

File Path                                       PID    Runtime      # DAGs    # Errors  Last Runtime    Last Run               Last # of DB Queries
----------------------------------------------  -----  ---------  --------  ----------  --------------  -------------------  ----------------------
/opt/airflow/dags/train_model_lakehouse_dag.py                           1           0  0.13s           2026-06-03T16:52:11                      10
================================================================================
[2026-06-03T16:52:53.464+0000] {manager.py:997} INFO - 
================================================================================
DAG File Processing Stats

File Path                                       PID    Runtime      # DAGs    # Errors  Last Runtime    Last Run               Last # of DB Queries
----------------------------------------------  -----  ---------  --------  ----------  --------------  -------------------  ----------------------
/opt/airflow/dags/train_model_lakehouse_dag.py                           1           0  0.15s           2026-06-03T16:52:41                      10
================================================================================
[2026-06-03T16:53:23.783+0000] {manager.py:997} INFO - 
================================================================================
DAG File Processing Stats

File Path                                       PID    Runtime      # DAGs    # Errors  Last Runtime    Last Run               Last # of DB Queries
----------------------------------------------  -----  ---------  --------  ----------  --------------  -------------------  ----------------------
/opt/airflow/dags/train_model_lakehouse_dag.py                           1           0  0.14s           2026-06-03T16:53:11                      10
================================================================================
[2026-06-03T16:53:54.073+0000] {manager.py:997} INFO - 
================================================================================
DAG File Processing Stats

File Path                                       PID    Runtime      # DAGs    # Errors  Last Runtime    Last Run               Last # of DB Queries
----------------------------------------------  -----  ---------  --------  ----------  --------------  -------------------  ----------------------
/opt/airflow/dags/train_model_lakehouse_dag.py                           1           0  0.15s           2026-06-03T16:53:42                      10
================================================================================
[2026-06-03T16:54:24.362+0000] {manager.py:997} INFO - 
================================================================================
DAG File Processing Stats

File Path                                       PID    Runtime      # DAGs    # Errors  Last Runtime    Last Run               Last # of DB Queries
----------------------------------------------  -----  ---------  --------  ----------  --------------  -------------------  ----------------------
/opt/airflow/dags/train_model_lakehouse_dag.py                           1           0  0.15s           2026-06-03T16:54:12                      10
================================================================================
[2026-06-03T16:54:54.654+0000] {manager.py:997} INFO - 
================================================================================
DAG File Processing Stats

File Path                                       PID    Runtime      # DAGs    # Errors  Last Runtime    Last Run               Last # of DB Queries
----------------------------------------------  -----  ---------  --------  ----------  --------------  -------------------  ----------------------
/opt/airflow/dags/train_model_lakehouse_dag.py                           1           0  0.11s           2026-06-03T16:54:42                      10
================================================================================
[2026-06-03T16:55:24.923+0000] {manager.py:997} INFO - 
================================================================================
DAG File Processing Stats

File Path                                       PID    Runtime      # DAGs    # Errors  Last Runtime    Last Run               Last # of DB Queries
----------------------------------------------  -----  ---------  --------  ----------  --------------  -------------------  ----------------------
/opt/airflow/dags/train_model_lakehouse_dag.py                           1           0  0.13s           2026-06-03T16:55:12                      10
================================================================================
[2026-06-03T16:55:32.983+0000] {manager.py:821} INFO - Searching for files in /opt/airflow/dags
[2026-06-03T16:55:32.987+0000] {manager.py:824} INFO - There are 1 files in /opt/airflow/dags
[2026-06-03T16:55:55.209+0000] {manager.py:997} INFO - 
================================================================================
DAG File Processing Stats

File Path                                       PID    Runtime      # DAGs    # Errors  Last Runtime    Last Run               Last # of DB Queries
----------------------------------------------  -----  ---------  --------  ----------  --------------  -------------------  ----------------------
/opt/airflow/dags/train_model_lakehouse_dag.py                           1           0  0.13s           2026-06-03T16:55:43                      10
================================================================================
[2026-06-03T16:56:25.535+0000] {manager.py:997} INFO - 
================================================================================
DAG File Processing Stats

File Path                                       PID    Runtime      # DAGs    # Errors  Last Runtime    Last Run               Last # of DB Queries
----------------------------------------------  -----  ---------  --------  ----------  --------------  -------------------  ----------------------
/opt/airflow/dags/train_model_lakehouse_dag.py                           1           0  0.14s           2026-06-03T16:56:13                      10
================================================================================
[2026-06-03T16:56:55.823+0000] {manager.py:997} INFO - 
================================================================================
DAG File Processing Stats

File Path                                       PID    Runtime      # DAGs    # Errors  Last Runtime    Last Run               Last # of DB Queries
----------------------------------------------  -----  ---------  --------  ----------  --------------  -------------------  ----------------------
/opt/airflow/dags/train_model_lakehouse_dag.py                           1           0  0.11s           2026-06-03T16:56:43                      10
================================================================================
[2026-06-03T16:57:26.089+0000] {manager.py:997} INFO - 
================================================================================
DAG File Processing Stats

File Path                                       PID    Runtime      # DAGs    # Errors  Last Runtime    Last Run               Last # of DB Queries
----------------------------------------------  -----  ---------  --------  ----------  --------------  -------------------  ----------------------
/opt/airflow/dags/train_model_lakehouse_dag.py                           1           0  0.14s           2026-06-03T16:57:14                      10
================================================================================
[2026-06-03T16:57:56.410+0000] {manager.py:997} INFO - 
================================================================================
DAG File Processing Stats

File Path                                       PID    Runtime      # DAGs    # Errors  Last Runtime    Last Run               Last # of DB Queries
----------------------------------------------  -----  ---------  --------  ----------  --------------  -------------------  ----------------------
/opt/airflow/dags/train_model_lakehouse_dag.py                           1           0  0.15s           2026-06-03T16:57:44                      10
================================================================================
[2026-06-03T16:58:26.695+0000] {manager.py:997} INFO - 
================================================================================
DAG File Processing Stats

File Path                                       PID    Runtime      # DAGs    # Errors  Last Runtime    Last Run               Last # of DB Queries
----------------------------------------------  -----  ---------  --------  ----------  --------------  -------------------  ----------------------
/opt/airflow/dags/train_model_lakehouse_dag.py                           1           0  0.14s           2026-06-03T16:58:14                      10
================================================================================
[2026-06-03T16:58:57.002+0000] {manager.py:997} INFO - 
================================================================================
DAG File Processing Stats

File Path                                       PID    Runtime      # DAGs    # Errors  Last Runtime    Last Run               Last # of DB Queries
----------------------------------------------  -----  ---------  --------  ----------  --------------  -------------------  ----------------------
/opt/airflow/dags/train_model_lakehouse_dag.py                           1           0  0.14s           2026-06-03T16:58:44                      10
================================================================================
[2026-06-03T16:59:27.296+0000] {manager.py:997} INFO - 
================================================================================
DAG File Processing Stats

File Path                                       PID    Runtime      # DAGs    # Errors  Last Runtime    Last Run               Last # of DB Queries
----------------------------------------------  -----  ---------  --------  ----------  --------------  -------------------  ----------------------
/opt/airflow/dags/train_model_lakehouse_dag.py                           1           0  0.15s           2026-06-03T16:59:15                      10
================================================================================
[2026-06-03T16:59:57.622+0000] {manager.py:997} INFO - 
================================================================================
DAG File Processing Stats

File Path                                       PID    Runtime      # DAGs    # Errors  Last Runtime    Last Run               Last # of DB Queries
----------------------------------------------  -----  ---------  --------  ----------  --------------  -------------------  ----------------------
/opt/airflow/dags/train_model_lakehouse_dag.py                           1           0  0.14s           2026-06-03T16:59:45                      10
================================================================================
[2026-06-03T17:00:27.925+0000] {manager.py:997} INFO - 
================================================================================
DAG File Processing Stats

File Path                                       PID    Runtime      # DAGs    # Errors  Last Runtime    Last Run               Last # of DB Queries
----------------------------------------------  -----  ---------  --------  ----------  --------------  -------------------  ----------------------
/opt/airflow/dags/train_model_lakehouse_dag.py                           1           0  0.14s           2026-06-03T17:00:15                      10
================================================================================
[2026-06-03T17:00:33.000+0000] {manager.py:821} INFO - Searching for files in /opt/airflow/dags
[2026-06-03T17:00:33.004+0000] {manager.py:824} INFO - There are 1 files in /opt/airflow/dags
[2026-06-03T17:00:58.193+0000] {manager.py:997} INFO - 
================================================================================
DAG File Processing Stats

File Path                                       PID    Runtime      # DAGs    # Errors  Last Runtime    Last Run               Last # of DB Queries
----------------------------------------------  -----  ---------  --------  ----------  --------------  -------------------  ----------------------
/opt/airflow/dags/train_model_lakehouse_dag.py                           1           0  0.14s           2026-06-03T17:00:46                      10
================================================================================
[2026-06-03T17:01:28.506+0000] {manager.py:997} INFO - 
================================================================================
DAG File Processing Stats

File Path                                       PID    Runtime      # DAGs    # Errors  Last Runtime    Last Run               Last # of DB Queries
----------------------------------------------  -----  ---------  --------  ----------  --------------  -------------------  ----------------------
/opt/airflow/dags/train_model_lakehouse_dag.py                           1           0  0.14s           2026-06-03T17:01:16                      10
================================================================================
[2026-06-03T17:01:58.786+0000] {manager.py:997} INFO - 
================================================================================
DAG File Processing Stats

File Path                                       PID    Runtime      # DAGs    # Errors  Last Runtime    Last Run               Last # of DB Queries
----------------------------------------------  -----  ---------  --------  ----------  --------------  -------------------  ----------------------
/opt/airflow/dags/train_model_lakehouse_dag.py                           1           0  0.14s           2026-06-03T17:01:44                      10
================================================================================
[2026-06-03T17:02:29.127+0000] {manager.py:997} INFO - 
================================================================================
DAG File Processing Stats

File Path                                       PID    Runtime      # DAGs    # Errors  Last Runtime    Last Run               Last # of DB Queries
----------------------------------------------  -----  ---------  --------  ----------  --------------  -------------------  ----------------------
/opt/airflow/dags/train_model_lakehouse_dag.py                           1           0  0.15s           2026-06-03T17:02:15                      10
================================================================================
[2026-06-03T17:02:59.399+0000] {manager.py:997} INFO - 
================================================================================
DAG File Processing Stats

File Path                                       PID    Runtime      # DAGs    # Errors  Last Runtime    Last Run               Last # of DB Queries
----------------------------------------------  -----  ---------  --------  ----------  --------------  -------------------  ----------------------
/opt/airflow/dags/train_model_lakehouse_dag.py                           1           0  0.11s           2026-06-03T17:02:45                      10
================================================================================
[2026-06-03T17:03:29.782+0000] {manager.py:997} INFO - 
================================================================================
DAG File Processing Stats

File Path                                       PID    Runtime      # DAGs    # Errors  Last Runtime    Last Run               Last # of DB Queries
----------------------------------------------  -----  ---------  --------  ----------  --------------  -------------------  ----------------------
/opt/airflow/dags/train_model_lakehouse_dag.py                           1           0  0.14s           2026-06-03T17:03:21                      10
================================================================================
[2026-06-03T17:04:00.011+0000] {manager.py:997} INFO - 
================================================================================
DAG File Processing Stats

File Path                                       PID    Runtime      # DAGs    # Errors  Last Runtime    Last Run               Last # of DB Queries
----------------------------------------------  -----  ---------  --------  ----------  --------------  -------------------  ----------------------
/opt/airflow/dags/train_model_lakehouse_dag.py                           1           0  0.14s           2026-06-03T17:03:52                      10
================================================================================
[2026-06-03T17:04:30.353+0000] {manager.py:997} INFO - 
================================================================================
DAG File Processing Stats

File Path                                       PID    Runtime      # DAGs    # Errors  Last Runtime    Last Run               Last # of DB Queries
----------------------------------------------  -----  ---------  --------  ----------  --------------  -------------------  ----------------------
/opt/airflow/dags/train_model_lakehouse_dag.py                           1           0  0.15s           2026-06-03T17:04:22                      10
================================================================================
[2026-06-03T17:05:00.601+0000] {manager.py:997} INFO - 
================================================================================
DAG File Processing Stats

File Path                                       PID    Runtime      # DAGs    # Errors  Last Runtime    Last Run               Last # of DB Queries
----------------------------------------------  -----  ---------  --------  ----------  --------------  -------------------  ----------------------
/opt/airflow/dags/train_model_lakehouse_dag.py                           1           0  0.12s           2026-06-03T17:04:52                      10
================================================================================
[2026-06-03T17:05:30.947+0000] {manager.py:997} INFO - 
================================================================================
DAG File Processing Stats

File Path                                       PID    Runtime      # DAGs    # Errors  Last Runtime    Last Run               Last # of DB Queries
----------------------------------------------  -----  ---------  --------  ----------  --------------  -------------------  ----------------------
/opt/airflow/dags/train_model_lakehouse_dag.py                           1           0  0.15s           2026-06-03T17:05:22                      10
================================================================================
[2026-06-03T17:05:33.011+0000] {manager.py:821} INFO - Searching for files in /opt/airflow/dags
[2026-06-03T17:05:33.015+0000] {manager.py:824} INFO - There are 1 files in /opt/airflow/dags
[2026-06-03T17:06:01.245+0000] {manager.py:997} INFO - 
================================================================================
DAG File Processing Stats

File Path                                       PID    Runtime      # DAGs    # Errors  Last Runtime    Last Run               Last # of DB Queries
----------------------------------------------  -----  ---------  --------  ----------  --------------  -------------------  ----------------------
/opt/airflow/dags/train_model_lakehouse_dag.py                           1           0  0.14s           2026-06-03T17:05:53                      10
================================================================================
[2026-06-03T17:06:31.521+0000] {manager.py:997} INFO - 
================================================================================
DAG File Processing Stats

File Path                                       PID    Runtime      # DAGs    # Errors  Last Runtime    Last Run               Last # of DB Queries
----------------------------------------------  -----  ---------  --------  ----------  --------------  -------------------  ----------------------
/opt/airflow/dags/train_model_lakehouse_dag.py                           1           0  0.15s           2026-06-03T17:06:12                      10
================================================================================
[2026-06-03T17:07:01.736+0000] {manager.py:997} INFO - 
================================================================================
DAG File Processing Stats

File Path                                       PID    Runtime      # DAGs    # Errors  Last Runtime    Last Run               Last # of DB Queries
----------------------------------------------  -----  ---------  --------  ----------  --------------  -------------------  ----------------------
/opt/airflow/dags/train_model_lakehouse_dag.py                           1           0  0.18s           2026-06-03T17:06:42                      10
================================================================================
[2026-06-03T17:07:32.151+0000] {manager.py:997} INFO - 
================================================================================
DAG File Processing Stats

File Path                                       PID    Runtime      # DAGs    # Errors  Last Runtime    Last Run               Last # of DB Queries
----------------------------------------------  -----  ---------  --------  ----------  --------------  -------------------  ----------------------
/opt/airflow/dags/train_model_lakehouse_dag.py                           1           0  0.14s           2026-06-03T17:07:12                      10
================================================================================
[2026-06-03T17:08:02.380+0000] {manager.py:997} INFO - 
================================================================================
DAG File Processing Stats

File Path                                       PID    Runtime      # DAGs    # Errors  Last Runtime    Last Run               Last # of DB Queries
----------------------------------------------  -----  ---------  --------  ----------  --------------  -------------------  ----------------------
/opt/airflow/dags/train_model_lakehouse_dag.py                           1           0  0.13s           2026-06-03T17:07:43                      10
================================================================================
[2026-06-03T17:08:32.716+0000] {manager.py:997} INFO - 
================================================================================
DAG File Processing Stats

File Path                                       PID    Runtime      # DAGs    # Errors  Last Runtime    Last Run               Last # of DB Queries
----------------------------------------------  -----  ---------  --------  ----------  --------------  -------------------  ----------------------
/opt/airflow/dags/train_model_lakehouse_dag.py                           1           0  0.16s           2026-06-03T17:08:13                      10
================================================================================
[2026-06-03T17:09:03.054+0000] {manager.py:997} INFO - 
================================================================================
DAG File Processing Stats

File Path                                       PID    Runtime      # DAGs    # Errors  Last Runtime    Last Run               Last # of DB Queries
----------------------------------------------  -----  ---------  --------  ----------  --------------  -------------------  ----------------------
/opt/airflow/dags/train_model_lakehouse_dag.py                           1           0  0.13s           2026-06-03T17:08:43                      10
================================================================================
[2026-06-03T17:09:33.284+0000] {manager.py:997} INFO - 
================================================================================
DAG File Processing Stats

File Path                                       PID    Runtime      # DAGs    # Errors  Last Runtime    Last Run               Last # of DB Queries
----------------------------------------------  -----  ---------  --------  ----------  --------------  -------------------  ----------------------
/opt/airflow/dags/train_model_lakehouse_dag.py                           1           0  0.11s           2026-06-03T17:09:14                      10
================================================================================
[2026-06-03T17:10:03.564+0000] {manager.py:997} INFO - 
================================================================================
DAG File Processing Stats

File Path                                       PID    Runtime      # DAGs    # Errors  Last Runtime    Last Run               Last # of DB Queries
----------------------------------------------  -----  ---------  --------  ----------  --------------  -------------------  ----------------------
/opt/airflow/dags/train_model_lakehouse_dag.py                           1           0  0.13s           2026-06-03T17:09:44                      10
================================================================================
[2026-06-03T17:10:33.827+0000] {manager.py:821} INFO - Searching for files in /opt/airflow/dags
[2026-06-03T17:10:33.829+0000] {manager.py:824} INFO - There are 1 files in /opt/airflow/dags
[2026-06-03T17:10:33.839+0000] {manager.py:997} INFO - 
================================================================================
DAG File Processing Stats

File Path                                       PID    Runtime      # DAGs    # Errors  Last Runtime    Last Run               Last # of DB Queries
----------------------------------------------  -----  ---------  --------  ----------  --------------  -------------------  ----------------------
/opt/airflow/dags/train_model_lakehouse_dag.py                           1           0  0.11s           2026-06-03T17:10:14                      10
================================================================================
[2026-06-03T17:11:04.126+0000] {manager.py:997} INFO - 
================================================================================
DAG File Processing Stats

File Path                                       PID    Runtime      # DAGs    # Errors  Last Runtime    Last Run               Last # of DB Queries
----------------------------------------------  -----  ---------  --------  ----------  --------------  -------------------  ----------------------
/opt/airflow/dags/train_model_lakehouse_dag.py                           1           0  0.18s           2026-06-03T17:10:45                      10
================================================================================
[2026-06-03T17:11:34.520+0000] {manager.py:997} INFO - 
================================================================================
DAG File Processing Stats

File Path                                       PID    Runtime      # DAGs    # Errors  Last Runtime    Last Run               Last # of DB Queries
----------------------------------------------  -----  ---------  --------  ----------  --------------  -------------------  ----------------------
/opt/airflow/dags/train_model_lakehouse_dag.py                           1           0  0.47s           2026-06-03T17:11:22                      32
================================================================================
[2026-06-03T17:12:05.184+0000] {manager.py:997} INFO - 
================================================================================
DAG File Processing Stats

File Path                                       PID    Runtime      # DAGs    # Errors  Last Runtime    Last Run               Last # of DB Queries
----------------------------------------------  -----  ---------  --------  ----------  --------------  -------------------  ----------------------
/opt/airflow/dags/train_model_lakehouse_dag.py                           1           0  0.31s           2026-06-03T17:11:45                      31
================================================================================
[2026-06-03T17:12:35.762+0000] {manager.py:997} INFO - 
================================================================================
DAG File Processing Stats

File Path                                       PID    Runtime      # DAGs    # Errors  Last Runtime    Last Run               Last # of DB Queries
----------------------------------------------  -----  ---------  --------  ----------  --------------  -------------------  ----------------------
/opt/airflow/dags/train_model_lakehouse_dag.py                           1           0  0.14s           2026-06-03T17:12:15                      10
================================================================================
[2026-06-03T17:13:06.121+0000] {manager.py:997} INFO - 
================================================================================
DAG File Processing Stats

File Path                                       PID    Runtime      # DAGs    # Errors  Last Runtime    Last Run               Last # of DB Queries
----------------------------------------------  -----  ---------  --------  ----------  --------------  -------------------  ----------------------
/opt/airflow/dags/train_model_lakehouse_dag.py                           1           0  0.14s           2026-06-03T17:12:45                      10
================================================================================
[2026-06-03T17:13:36.420+0000] {manager.py:997} INFO - 
================================================================================
DAG File Processing Stats

File Path                                       PID    Runtime      # DAGs    # Errors  Last Runtime    Last Run               Last # of DB Queries
----------------------------------------------  -----  ---------  --------  ----------  --------------  -------------------  ----------------------
/opt/airflow/dags/train_model_lakehouse_dag.py                           1           0  0.13s           2026-06-03T17:13:16                      10
================================================================================
[2026-06-03T17:14:06.719+0000] {manager.py:997} INFO - 
================================================================================
DAG File Processing Stats

File Path                                       PID    Runtime      # DAGs    # Errors  Last Runtime    Last Run               Last # of DB Queries
----------------------------------------------  -----  ---------  --------  ----------  --------------  -------------------  ----------------------
/opt/airflow/dags/train_model_lakehouse_dag.py                           1           0  0.16s           2026-06-03T17:13:46                      10
================================================================================
[2026-06-03T17:14:36.980+0000] {manager.py:997} INFO - 
================================================================================
DAG File Processing Stats

File Path                                       PID    Runtime      # DAGs    # Errors  Last Runtime    Last Run               Last # of DB Queries
----------------------------------------------  -----  ---------  --------  ----------  --------------  -------------------  ----------------------
/opt/airflow/dags/train_model_lakehouse_dag.py                           1           0  0.15s           2026-06-03T17:14:16                      10
================================================================================
[2026-06-03T17:15:07.293+0000] {manager.py:997} INFO - 
================================================================================
DAG File Processing Stats

File Path                                       PID    Runtime      # DAGs    # Errors  Last Runtime    Last Run               Last # of DB Queries
----------------------------------------------  -----  ---------  --------  ----------  --------------  -------------------  ----------------------
/opt/airflow/dags/train_model_lakehouse_dag.py                           1           0  0.14s           2026-06-03T17:14:47                      10
================================================================================
[2026-06-03T17:15:34.575+0000] {manager.py:821} INFO - Searching for files in /opt/airflow/dags
[2026-06-03T17:15:34.580+0000] {manager.py:824} INFO - There are 1 files in /opt/airflow/dags
[2026-06-03T17:15:37.638+0000] {manager.py:997} INFO - 
================================================================================
DAG File Processing Stats

File Path                                       PID    Runtime      # DAGs    # Errors  Last Runtime    Last Run               Last # of DB Queries
----------------------------------------------  -----  ---------  --------  ----------  --------------  -------------------  ----------------------
/opt/airflow/dags/train_model_lakehouse_dag.py                           1           0  0.16s           2026-06-03T17:15:17                      10
================================================================================
[2026-06-03T17:16:07.954+0000] {manager.py:997} INFO - 
================================================================================
DAG File Processing Stats

File Path                                       PID    Runtime      # DAGs    # Errors  Last Runtime    Last Run               Last # of DB Queries
----------------------------------------------  -----  ---------  --------  ----------  --------------  -------------------  ----------------------
/opt/airflow/dags/train_model_lakehouse_dag.py                           1           0  0.17s           2026-06-03T17:15:47                      10
================================================================================
[2026-06-03T17:16:38.308+0000] {manager.py:997} INFO - 
================================================================================
DAG File Processing Stats

File Path                                       PID    Runtime      # DAGs    # Errors  Last Runtime    Last Run               Last # of DB Queries
----------------------------------------------  -----  ---------  --------  ----------  --------------  -------------------  ----------------------
/opt/airflow/dags/train_model_lakehouse_dag.py                           1           0  0.16s           2026-06-03T17:16:18                      10
================================================================================
[2026-06-03T17:17:08.589+0000] {manager.py:997} INFO - 
================================================================================
DAG File Processing Stats

File Path                                       PID    Runtime      # DAGs    # Errors  Last Runtime    Last Run               Last # of DB Queries
----------------------------------------------  -----  ---------  --------  ----------  --------------  -------------------  ----------------------
/opt/airflow/dags/train_model_lakehouse_dag.py                           1           0  0.16s           2026-06-03T17:16:48                      10
================================================================================
[2026-06-03T17:17:38.937+0000] {manager.py:997} INFO - 
================================================================================
DAG File Processing Stats

File Path                                       PID    Runtime      # DAGs    # Errors  Last Runtime    Last Run               Last # of DB Queries
----------------------------------------------  -----  ---------  --------  ----------  --------------  -------------------  ----------------------
/opt/airflow/dags/train_model_lakehouse_dag.py                           1           0  0.13s           2026-06-03T17:17:18                      10
================================================================================
[2026-06-03T17:18:09.213+0000] {manager.py:997} INFO - 
================================================================================
DAG File Processing Stats

File Path                                       PID    Runtime      # DAGs    # Errors  Last Runtime    Last Run               Last # of DB Queries
----------------------------------------------  -----  ---------  --------  ----------  --------------  -------------------  ----------------------
/opt/airflow/dags/train_model_lakehouse_dag.py                           1           0  0.15s           2026-06-03T17:17:49                      10
================================================================================
[2026-06-03T17:18:39.530+0000] {manager.py:997} INFO - 
================================================================================
DAG File Processing Stats

File Path                                       PID    Runtime      # DAGs    # Errors  Last Runtime    Last Run               Last # of DB Queries
----------------------------------------------  -----  ---------  --------  ----------  --------------  -------------------  ----------------------
/opt/airflow/dags/train_model_lakehouse_dag.py                           1           0  0.14s           2026-06-03T17:18:19                      10
================================================================================
[2026-06-03T17:19:09.779+0000] {manager.py:997} INFO - 
================================================================================
DAG File Processing Stats

File Path                                       PID    Runtime      # DAGs    # Errors  Last Runtime    Last Run               Last # of DB Queries
----------------------------------------------  -----  ---------  --------  ----------  --------------  -------------------  ----------------------
/opt/airflow/dags/train_model_lakehouse_dag.py                           1           0  0.15s           2026-06-03T17:18:49                      10
================================================================================
[2026-06-03T17:19:40.090+0000] {manager.py:997} INFO - 
================================================================================
DAG File Processing Stats

File Path                                       PID    Runtime      # DAGs    # Errors  Last Runtime    Last Run               Last # of DB Queries
----------------------------------------------  -----  ---------  --------  ----------  --------------  -------------------  ----------------------
/opt/airflow/dags/train_model_lakehouse_dag.py                           1           0  0.13s           2026-06-03T17:19:19                      10
================================================================================
[2026-06-03T17:20:10.391+0000] {manager.py:997} INFO - 
================================================================================
DAG File Processing Stats

File Path                                       PID    Runtime      # DAGs    # Errors  Last Runtime    Last Run               Last # of DB Queries
----------------------------------------------  -----  ---------  --------  ----------  --------------  -------------------  ----------------------
/opt/airflow/dags/train_model_lakehouse_dag.py                           1           0  0.16s           2026-06-03T17:19:50                      10
================================================================================
[2026-06-03T17:20:34.663+0000] {manager.py:821} INFO - Searching for files in /opt/airflow/dags
[2026-06-03T17:20:34.665+0000] {manager.py:824} INFO - There are 1 files in /opt/airflow/dags
[2026-06-03T17:20:40.722+0000] {manager.py:997} INFO - 
================================================================================
DAG File Processing Stats

File Path                                       PID    Runtime      # DAGs    # Errors  Last Runtime    Last Run               Last # of DB Queries
----------------------------------------------  -----  ---------  --------  ----------  --------------  -------------------  ----------------------
/opt/airflow/dags/train_model_lakehouse_dag.py                           1           0  0.14s           2026-06-03T17:20:20                      10
================================================================================
[2026-06-03T17:21:11.006+0000] {manager.py:997} INFO - 
================================================================================
DAG File Processing Stats

File Path                                       PID    Runtime      # DAGs    # Errors  Last Runtime    Last Run               Last # of DB Queries
----------------------------------------------  -----  ---------  --------  ----------  --------------  -------------------  ----------------------
/opt/airflow/dags/train_model_lakehouse_dag.py                           1           0  0.13s           2026-06-03T17:20:50                      10
================================================================================
[2026-06-03T17:21:41.246+0000] {manager.py:997} INFO - 
================================================================================
DAG File Processing Stats

File Path                                       PID    Runtime      # DAGs    # Errors  Last Runtime    Last Run               Last # of DB Queries
----------------------------------------------  -----  ---------  --------  ----------  --------------  -------------------  ----------------------
/opt/airflow/dags/train_model_lakehouse_dag.py                           1           0  0.15s           2026-06-03T17:21:21                      10
================================================================================
[2026-06-03T17:22:11.586+0000] {manager.py:997} INFO - 
================================================================================
DAG File Processing Stats

File Path                                       PID    Runtime      # DAGs    # Errors  Last Runtime    Last Run               Last # of DB Queries
----------------------------------------------  -----  ---------  --------  ----------  --------------  -------------------  ----------------------
/opt/airflow/dags/train_model_lakehouse_dag.py                           1           0  0.17s           2026-06-03T17:21:51                      10
================================================================================
[2026-06-03T17:22:41.880+0000] {manager.py:997} INFO - 
================================================================================
DAG File Processing Stats

File Path                                       PID    Runtime      # DAGs    # Errors  Last Runtime    Last Run               Last # of DB Queries
----------------------------------------------  -----  ---------  --------  ----------  --------------  -------------------  ----------------------
/opt/airflow/dags/train_model_lakehouse_dag.py                           1           0  0.14s           2026-06-03T17:22:21                      10
================================================================================
[2026-06-03T17:23:12.154+0000] {manager.py:997} INFO - 
================================================================================
DAG File Processing Stats

File Path                                       PID    Runtime      # DAGs    # Errors  Last Runtime    Last Run               Last # of DB Queries
----------------------------------------------  -----  ---------  --------  ----------  --------------  -------------------  ----------------------
/opt/airflow/dags/train_model_lakehouse_dag.py                           1           0  0.21s           2026-06-03T17:22:52                      10
================================================================================
[2026-06-03T17:23:42.516+0000] {manager.py:997} INFO - 
================================================================================
DAG File Processing Stats

File Path                                       PID    Runtime      # DAGs    # Errors  Last Runtime    Last Run               Last # of DB Queries
----------------------------------------------  -----  ---------  --------  ----------  --------------  -------------------  ----------------------
/opt/airflow/dags/train_model_lakehouse_dag.py                           1           0  0.16s           2026-06-03T17:23:22                      10
================================================================================
[2026-06-03T17:24:12.783+0000] {manager.py:997} INFO - 
================================================================================
DAG File Processing Stats

File Path                                       PID    Runtime      # DAGs    # Errors  Last Runtime    Last Run               Last # of DB Queries
----------------------------------------------  -----  ---------  --------  ----------  --------------  -------------------  ----------------------
/opt/airflow/dags/train_model_lakehouse_dag.py                           1           0  0.14s           2026-06-03T17:23:52                      10
================================================================================
[2026-06-03T17:24:43.952+0000] {manager.py:997} INFO - 
================================================================================
DAG File Processing Stats

File Path                                       PID    Runtime      # DAGs    # Errors  Last Runtime    Last Run               Last # of DB Queries
----------------------------------------------  -----  ---------  --------  ----------  --------------  -------------------  ----------------------
/opt/airflow/dags/train_model_lakehouse_dag.py                           1           0  0.16s           2026-06-03T17:24:23                      10
================================================================================
[2026-06-03T17:25:14.204+0000] {manager.py:997} INFO - 
================================================================================
DAG File Processing Stats

File Path                                       PID    Runtime      # DAGs    # Errors  Last Runtime    Last Run               Last # of DB Queries
----------------------------------------------  -----  ---------  --------  ----------  --------------  -------------------  ----------------------
/opt/airflow/dags/train_model_lakehouse_dag.py                           1           0  0.14s           2026-06-03T17:24:54                      10
================================================================================
[2026-06-03T17:25:35.441+0000] {manager.py:821} INFO - Searching for files in /opt/airflow/dags
[2026-06-03T17:25:35.446+0000] {manager.py:824} INFO - There are 1 files in /opt/airflow/dags
[2026-06-03T17:25:44.543+0000] {manager.py:997} INFO - 
================================================================================
DAG File Processing Stats

File Path                                       PID    Runtime      # DAGs    # Errors  Last Runtime    Last Run               Last # of DB Queries
----------------------------------------------  -----  ---------  --------  ----------  --------------  -------------------  ----------------------
/opt/airflow/dags/train_model_lakehouse_dag.py                           1           0  0.14s           2026-06-03T17:25:24                      10
================================================================================
[2026-06-03T17:26:14.784+0000] {manager.py:997} INFO - 
================================================================================
DAG File Processing Stats

File Path                                       PID    Runtime      # DAGs    # Errors  Last Runtime    Last Run               Last # of DB Queries
----------------------------------------------  -----  ---------  --------  ----------  --------------  -------------------  ----------------------
/opt/airflow/dags/train_model_lakehouse_dag.py                           1           0  0.14s           2026-06-03T17:25:54                      10
================================================================================
[2026-06-03T17:26:45.142+0000] {manager.py:997} INFO - 
================================================================================
DAG File Processing Stats

File Path                                       PID    Runtime      # DAGs    # Errors  Last Runtime    Last Run               Last # of DB Queries
----------------------------------------------  -----  ---------  --------  ----------  --------------  -------------------  ----------------------
/opt/airflow/dags/train_model_lakehouse_dag.py                           1           0  0.15s           2026-06-03T17:26:25                      10
================================================================================
[2026-06-03T17:27:15.443+0000] {manager.py:997} INFO - 
================================================================================
DAG File Processing Stats

File Path                                       PID    Runtime      # DAGs    # Errors  Last Runtime    Last Run               Last # of DB Queries
----------------------------------------------  -----  ---------  --------  ----------  --------------  -------------------  ----------------------
/opt/airflow/dags/train_model_lakehouse_dag.py                           1           0  0.18s           2026-06-03T17:26:55                      10
================================================================================
[2026-06-03T17:27:45.690+0000] {manager.py:997} INFO - 
================================================================================
DAG File Processing Stats

File Path                                       PID    Runtime      # DAGs    # Errors  Last Runtime    Last Run               Last # of DB Queries
----------------------------------------------  -----  ---------  --------  ----------  --------------  -------------------  ----------------------
/opt/airflow/dags/train_model_lakehouse_dag.py                           1           0  0.10s           2026-06-03T17:27:25                      10
================================================================================
[2026-06-03T17:28:15.969+0000] {manager.py:997} INFO - 
================================================================================
DAG File Processing Stats

File Path                                       PID    Runtime      # DAGs    # Errors  Last Runtime    Last Run               Last # of DB Queries
----------------------------------------------  -----  ---------  --------  ----------  --------------  -------------------  ----------------------
/opt/airflow/dags/train_model_lakehouse_dag.py                           1           0  0.12s           2026-06-03T17:27:55                      10
================================================================================
[2026-06-03T17:28:46.236+0000] {manager.py:997} INFO - 
================================================================================
DAG File Processing Stats

File Path                                       PID    Runtime      # DAGs    # Errors  Last Runtime    Last Run               Last # of DB Queries
----------------------------------------------  -----  ---------  --------  ----------  --------------  -------------------  ----------------------
/opt/airflow/dags/train_model_lakehouse_dag.py                           1           0  0.15s           2026-06-03T17:28:26                      10
================================================================================
[2026-06-03T17:29:16.505+0000] {manager.py:997} INFO - 
================================================================================
DAG File Processing Stats

File Path                                       PID    Runtime      # DAGs    # Errors  Last Runtime    Last Run               Last # of DB Queries
----------------------------------------------  -----  ---------  --------  ----------  --------------  -------------------  ----------------------
/opt/airflow/dags/train_model_lakehouse_dag.py                           1           0  0.14s           2026-06-03T17:28:56                      10
================================================================================
[2026-06-03T17:29:46.847+0000] {manager.py:997} INFO - 
================================================================================
DAG File Processing Stats

File Path                                       PID    Runtime      # DAGs    # Errors  Last Runtime    Last Run               Last # of DB Queries
----------------------------------------------  -----  ---------  --------  ----------  --------------  -------------------  ----------------------
/opt/airflow/dags/train_model_lakehouse_dag.py                           1           0  0.27s           2026-06-03T17:29:40                      32
================================================================================
[2026-06-03T17:30:17.169+0000] {manager.py:997} INFO - 
================================================================================
DAG File Processing Stats

File Path                                       PID    Runtime      # DAGs    # Errors  Last Runtime    Last Run               Last # of DB Queries
----------------------------------------------  -----  ---------  --------  ----------  --------------  -------------------  ----------------------
/opt/airflow/dags/train_model_lakehouse_dag.py                           1           0  0.12s           2026-06-03T17:30:11                      10
================================================================================
[2026-06-03T17:30:44.668+0000] {manager.py:821} INFO - Searching for files in /opt/airflow/dags
[2026-06-03T17:30:44.762+0000] {manager.py:824} INFO - There are 1 files in /opt/airflow/dags
[2026-06-03T17:52:52.069+0000] {manager.py:821} INFO - Searching for files in /opt/airflow/dags
[2026-06-03T17:52:56.299+0000] {manager.py:824} INFO - There are 1 files in /opt/airflow/dags
[2026-06-03T17:53:25.279+0000] {manager.py:833} ERROR - Error removing old import errors
Traceback (most recent call last):
  File "/home/airflow/.local/lib/python3.11/site-packages/sqlalchemy/engine/base.py", line 3371, in _wrap_pool_connect
    return fn()
           ^^^^
  File "/home/airflow/.local/lib/python3.11/site-packages/sqlalchemy/pool/base.py", line 327, in connect
    return _ConnectionFairy._checkout(self)
           ^^^^^^^^^^^^^^^^^^^^^^^^^^^^^^^^
  File "/home/airflow/.local/lib/python3.11/site-packages/sqlalchemy/pool/base.py", line 894, in _checkout
    fairy = _ConnectionRecord.checkout(pool)
            ^^^^^^^^^^^^^^^^^^^^^^^^^^^^^^^^
  File "/home/airflow/.local/lib/python3.11/site-packages/sqlalchemy/pool/base.py", line 497, in checkout
    with util.safe_reraise():
  File "/home/airflow/.local/lib/python3.11/site-packages/sqlalchemy/util/langhelpers.py", line 70, in __exit__
    compat.raise_(
  File "/home/airflow/.local/lib/python3.11/site-packages/sqlalchemy/util/compat.py", line 211, in raise_
    raise exception
  File "/home/airflow/.local/lib/python3.11/site-packages/sqlalchemy/pool/base.py", line 495, in checkout
    dbapi_connection = rec.get_connection()
                       ^^^^^^^^^^^^^^^^^^^^
  File "/home/airflow/.local/lib/python3.11/site-packages/sqlalchemy/pool/base.py", line 659, in get_connection
    self.__connect()
  File "/home/airflow/.local/lib/python3.11/site-packages/sqlalchemy/pool/base.py", line 690, in __connect
    with util.safe_reraise():
  File "/home/airflow/.local/lib/python3.11/site-packages/sqlalchemy/util/langhelpers.py", line 70, in __exit__
    compat.raise_(
  File "/home/airflow/.local/lib/python3.11/site-packages/sqlalchemy/util/compat.py", line 211, in raise_
    raise exception
  File "/home/airflow/.local/lib/python3.11/site-packages/sqlalchemy/pool/base.py", line 686, in __connect
    self.dbapi_connection = connection = pool._invoke_creator(self)
                                         ^^^^^^^^^^^^^^^^^^^^^^^^^^
  File "/home/airflow/.local/lib/python3.11/site-packages/sqlalchemy/engine/create.py", line 574, in connect
    return dialect.connect(*cargs, **cparams)
           ^^^^^^^^^^^^^^^^^^^^^^^^^^^^^^^^^^
  File "/home/airflow/.local/lib/python3.11/site-packages/sqlalchemy/engine/default.py", line 598, in connect
    return self.dbapi.connect(*cargs, **cparams)
           ^^^^^^^^^^^^^^^^^^^^^^^^^^^^^^^^^^^^^
  File "/home/airflow/.local/lib/python3.11/site-packages/psycopg2/__init__.py", line 122, in connect
    conn = _connect(dsn, connection_factory=connection_factory, **kwasync)
           ^^^^^^^^^^^^^^^^^^^^^^^^^^^^^^^^^^^^^^^^^^^^^^^^^^^^^^^^^^^^^^^
psycopg2.OperationalError: could not translate host name "postgres" to address: Temporary failure in name resolution


The above exception was the direct cause of the following exception:

Traceback (most recent call last):
  File "/home/airflow/.local/lib/python3.11/site-packages/airflow/dag_processing/manager.py", line 829, in _refresh_dag_dir
    DagFileProcessorManager.clear_nonexistent_import_errors(
  File "/home/airflow/.local/lib/python3.11/site-packages/airflow/api_internal/internal_api_call.py", line 166, in wrapper
    return func(*args, **kwargs)
           ^^^^^^^^^^^^^^^^^^^^^
  File "/home/airflow/.local/lib/python3.11/site-packages/airflow/utils/session.py", line 97, in wrapper
    return func(*args, session=session, **kwargs)
           ^^^^^^^^^^^^^^^^^^^^^^^^^^^^^^^^^^^^^^
  File "/home/airflow/.local/lib/python3.11/site-packages/airflow/dag_processing/manager.py", line 899, in clear_nonexistent_import_errors
    session.execute(query.execution_options(synchronize_session="fetch"))
  File "/home/airflow/.local/lib/python3.11/site-packages/sqlalchemy/orm/session.py", line 1716, in execute
    conn = self._connection_for_bind(bind)
           ^^^^^^^^^^^^^^^^^^^^^^^^^^^^^^^
  File "/home/airflow/.local/lib/python3.11/site-packages/sqlalchemy/orm/session.py", line 1555, in _connection_for_bind
    return self._transaction._connection_for_bind(
           ^^^^^^^^^^^^^^^^^^^^^^^^^^^^^^^^^^^^^^^
  File "/home/airflow/.local/lib/python3.11/site-packages/sqlalchemy/orm/session.py", line 750, in _connection_for_bind
    conn = bind.connect()
           ^^^^^^^^^^^^^^
  File "/home/airflow/.local/lib/python3.11/site-packages/sqlalchemy/future/engine.py", line 412, in connect
    return super(Engine, self).connect()
           ^^^^^^^^^^^^^^^^^^^^^^^^^^^^^
  File "/home/airflow/.local/lib/python3.11/site-packages/sqlalchemy/engine/base.py", line 3325, in connect
    return self._connection_cls(self, close_with_result=close_with_result)
           ^^^^^^^^^^^^^^^^^^^^^^^^^^^^^^^^^^^^^^^^^^^^^^^^^^^^^^^^^^^^^^^
  File "/home/airflow/.local/lib/python3.11/site-packages/sqlalchemy/engine/base.py", line 96, in __init__
    else engine.raw_connection()
         ^^^^^^^^^^^^^^^^^^^^^^^
  File "/home/airflow/.local/lib/python3.11/site-packages/sqlalchemy/engine/base.py", line 3404, in raw_connection
    return self._wrap_pool_connect(self.pool.connect, _connection)
           ^^^^^^^^^^^^^^^^^^^^^^^^^^^^^^^^^^^^^^^^^^^^^^^^^^^^^^^
  File "/home/airflow/.local/lib/python3.11/site-packages/sqlalchemy/engine/base.py", line 3374, in _wrap_pool_connect
    Connection._handle_dbapi_exception_noconnection(
  File "/home/airflow/.local/lib/python3.11/site-packages/sqlalchemy/engine/base.py", line 2208, in _handle_dbapi_exception_noconnection
    util.raise_(
  File "/home/airflow/.local/lib/python3.11/site-packages/sqlalchemy/util/compat.py", line 211, in raise_
    raise exception
  File "/home/airflow/.local/lib/python3.11/site-packages/sqlalchemy/engine/base.py", line 3371, in _wrap_pool_connect
    return fn()
           ^^^^
  File "/home/airflow/.local/lib/python3.11/site-packages/sqlalchemy/pool/base.py", line 327, in connect
    return _ConnectionFairy._checkout(self)
           ^^^^^^^^^^^^^^^^^^^^^^^^^^^^^^^^
  File "/home/airflow/.local/lib/python3.11/site-packages/sqlalchemy/pool/base.py", line 894, in _checkout
    fairy = _ConnectionRecord.checkout(pool)
            ^^^^^^^^^^^^^^^^^^^^^^^^^^^^^^^^
  File "/home/airflow/.local/lib/python3.11/site-packages/sqlalchemy/pool/base.py", line 497, in checkout
    with util.safe_reraise():
  File "/home/airflow/.local/lib/python3.11/site-packages/sqlalchemy/util/langhelpers.py", line 70, in __exit__
    compat.raise_(
  File "/home/airflow/.local/lib/python3.11/site-packages/sqlalchemy/util/compat.py", line 211, in raise_
    raise exception
  File "/home/airflow/.local/lib/python3.11/site-packages/sqlalchemy/pool/base.py", line 495, in checkout
    dbapi_connection = rec.get_connection()
                       ^^^^^^^^^^^^^^^^^^^^
  File "/home/airflow/.local/lib/python3.11/site-packages/sqlalchemy/pool/base.py", line 659, in get_connection
    self.__connect()
  File "/home/airflow/.local/lib/python3.11/site-packages/sqlalchemy/pool/base.py", line 690, in __connect
    with util.safe_reraise():
  File "/home/airflow/.local/lib/python3.11/site-packages/sqlalchemy/util/langhelpers.py", line 70, in __exit__
    compat.raise_(
  File "/home/airflow/.local/lib/python3.11/site-packages/sqlalchemy/util/compat.py", line 211, in raise_
    raise exception
  File "/home/airflow/.local/lib/python3.11/site-packages/sqlalchemy/pool/base.py", line 686, in __connect
    self.dbapi_connection = connection = pool._invoke_creator(self)
                                         ^^^^^^^^^^^^^^^^^^^^^^^^^^
  File "/home/airflow/.local/lib/python3.11/site-packages/sqlalchemy/engine/create.py", line 574, in connect
    return dialect.connect(*cargs, **cparams)
           ^^^^^^^^^^^^^^^^^^^^^^^^^^^^^^^^^^
  File "/home/airflow/.local/lib/python3.11/site-packages/sqlalchemy/engine/default.py", line 598, in connect
    return self.dbapi.connect(*cargs, **cparams)
           ^^^^^^^^^^^^^^^^^^^^^^^^^^^^^^^^^^^^^
  File "/home/airflow/.local/lib/python3.11/site-packages/psycopg2/__init__.py", line 122, in connect
    conn = _connect(dsn, connection_factory=connection_factory, **kwasync)
           ^^^^^^^^^^^^^^^^^^^^^^^^^^^^^^^^^^^^^^^^^^^^^^^^^^^^^^^^^^^^^^^
sqlalchemy.exc.OperationalError: (psycopg2.OperationalError) could not translate host name "postgres" to address: Temporary failure in name resolution

(Background on this error at: https://sqlalche.me/e/14/e3q8)
[2026-06-05T02:01:44.816+0000] {manager.py:483} INFO - Processing files using up to 2 processes at a time 
[2026-06-05T02:01:44.817+0000] {manager.py:484} INFO - Process each file at most once every 30 seconds
[2026-06-05T02:01:44.817+0000] {manager.py:485} INFO - Checking for new files in /opt/airflow/dags every 300 seconds
[2026-06-05T02:01:44.818+0000] {manager.py:821} INFO - Searching for files in /opt/airflow/dags
[2026-06-05T02:01:44.820+0000] {manager.py:824} INFO - There are 1 files in /opt/airflow/dags
[2026-06-05T02:01:44.886+0000] {manager.py:997} INFO - 
================================================================================
DAG File Processing Stats

File Path                                         PID  Runtime      # DAGs    # Errors  Last Runtime    Last Run      Last # of DB Queries
----------------------------------------------  -----  ---------  --------  ----------  --------------  ----------  ----------------------
/opt/airflow/dags/train_model_lakehouse_dag.py    166  0.02s             0           0                                                   0
================================================================================
[2026-06-05T02:02:15.108+0000] {manager.py:997} INFO - 
================================================================================
DAG File Processing Stats

File Path                                       PID    Runtime      # DAGs    # Errors  Last Runtime    Last Run               Last # of DB Queries
----------------------------------------------  -----  ---------  --------  ----------  --------------  -------------------  ----------------------
/opt/airflow/dags/train_model_lakehouse_dag.py                           1           0  0.49s           2026-06-05T02:01:45                      43
================================================================================
[2026-06-05T02:02:45.248+0000] {manager.py:997} INFO - 
================================================================================
DAG File Processing Stats

File Path                                       PID    Runtime      # DAGs    # Errors  Last Runtime    Last Run               Last # of DB Queries
----------------------------------------------  -----  ---------  --------  ----------  --------------  -------------------  ----------------------
/opt/airflow/dags/train_model_lakehouse_dag.py                           1           0  0.41s           2026-06-05T02:02:33                      32
================================================================================
[2026-06-05T02:03:15.510+0000] {manager.py:997} INFO - 
================================================================================
DAG File Processing Stats

File Path                                       PID    Runtime      # DAGs    # Errors  Last Runtime    Last Run               Last # of DB Queries
----------------------------------------------  -----  ---------  --------  ----------  --------------  -------------------  ----------------------
/opt/airflow/dags/train_model_lakehouse_dag.py                           1           0  0.15s           2026-06-05T02:03:03                      10
================================================================================
[2026-06-05T02:03:45.773+0000] {manager.py:997} INFO - 
================================================================================
DAG File Processing Stats

File Path                                       PID    Runtime      # DAGs    # Errors  Last Runtime    Last Run               Last # of DB Queries
----------------------------------------------  -----  ---------  --------  ----------  --------------  -------------------  ----------------------
/opt/airflow/dags/train_model_lakehouse_dag.py                           1           0  0.13s           2026-06-05T02:03:33                      10
================================================================================
[2026-06-05T02:04:16.110+0000] {manager.py:997} INFO - 
================================================================================
DAG File Processing Stats

File Path                                       PID    Runtime      # DAGs    # Errors  Last Runtime    Last Run               Last # of DB Queries
----------------------------------------------  -----  ---------  --------  ----------  --------------  -------------------  ----------------------
/opt/airflow/dags/train_model_lakehouse_dag.py                           1           0  0.19s           2026-06-05T02:04:04                      10
================================================================================
[2026-06-05T02:04:46.468+0000] {manager.py:997} INFO - 
================================================================================
DAG File Processing Stats

File Path                                       PID    Runtime      # DAGs    # Errors  Last Runtime    Last Run               Last # of DB Queries
----------------------------------------------  -----  ---------  --------  ----------  --------------  -------------------  ----------------------
/opt/airflow/dags/train_model_lakehouse_dag.py                           1           0  0.18s           2026-06-05T02:04:34                      10
================================================================================
[2026-06-05T02:05:16.777+0000] {manager.py:997} INFO - 
================================================================================
DAG File Processing Stats

File Path                                       PID    Runtime      # DAGs    # Errors  Last Runtime    Last Run               Last # of DB Queries
----------------------------------------------  -----  ---------  --------  ----------  --------------  -------------------  ----------------------
/opt/airflow/dags/train_model_lakehouse_dag.py                           1           0  0.18s           2026-06-05T02:05:04                      10
================================================================================
[2026-06-05T02:05:47.141+0000] {manager.py:997} INFO - 
================================================================================
DAG File Processing Stats

File Path                                       PID    Runtime      # DAGs    # Errors  Last Runtime    Last Run               Last # of DB Queries
----------------------------------------------  -----  ---------  --------  ----------  --------------  -------------------  ----------------------
/opt/airflow/dags/train_model_lakehouse_dag.py                           1           0  0.16s           2026-06-05T02:05:35                      10
================================================================================
[2026-06-05T02:06:17.406+0000] {manager.py:997} INFO - 
================================================================================
DAG File Processing Stats

File Path                                       PID    Runtime      # DAGs    # Errors  Last Runtime    Last Run               Last # of DB Queries
----------------------------------------------  -----  ---------  --------  ----------  --------------  -------------------  ----------------------
/opt/airflow/dags/train_model_lakehouse_dag.py                           1           0  0.16s           2026-06-05T02:06:05                      10
================================================================================
[2026-06-05T02:06:45.690+0000] {manager.py:821} INFO - Searching for files in /opt/airflow/dags
[2026-06-05T02:06:45.692+0000] {manager.py:824} INFO - There are 1 files in /opt/airflow/dags
[2026-06-05T02:06:47.711+0000] {manager.py:997} INFO - 
================================================================================
DAG File Processing Stats

File Path                                       PID    Runtime      # DAGs    # Errors  Last Runtime    Last Run               Last # of DB Queries
----------------------------------------------  -----  ---------  --------  ----------  --------------  -------------------  ----------------------
/opt/airflow/dags/train_model_lakehouse_dag.py                           1           0  0.15s           2026-06-05T02:06:35                      10
================================================================================
[2026-06-05T02:07:18.014+0000] {manager.py:997} INFO - 
================================================================================
DAG File Processing Stats

File Path                                       PID    Runtime      # DAGs    # Errors  Last Runtime    Last Run               Last # of DB Queries
----------------------------------------------  -----  ---------  --------  ----------  --------------  -------------------  ----------------------
/opt/airflow/dags/train_model_lakehouse_dag.py                           1           0  0.18s           2026-06-05T02:07:06                      10
================================================================================
[2026-06-05T02:07:48.370+0000] {manager.py:997} INFO - 
================================================================================
DAG File Processing Stats

File Path                                       PID    Runtime      # DAGs    # Errors  Last Runtime    Last Run               Last # of DB Queries
----------------------------------------------  -----  ---------  --------  ----------  --------------  -------------------  ----------------------
/opt/airflow/dags/train_model_lakehouse_dag.py                           1           0  0.17s           2026-06-05T02:07:36                      10
================================================================================
[2026-06-05T02:08:18.669+0000] {manager.py:997} INFO - 
================================================================================
DAG File Processing Stats

File Path                                       PID    Runtime      # DAGs    # Errors  Last Runtime    Last Run               Last # of DB Queries
----------------------------------------------  -----  ---------  --------  ----------  --------------  -------------------  ----------------------
/opt/airflow/dags/train_model_lakehouse_dag.py                           1           0  0.16s           2026-06-05T02:08:06                      10
================================================================================
[2026-06-05T02:08:48.966+0000] {manager.py:997} INFO - 
================================================================================
DAG File Processing Stats

File Path                                       PID    Runtime      # DAGs    # Errors  Last Runtime    Last Run               Last # of DB Queries
----------------------------------------------  -----  ---------  --------  ----------  --------------  -------------------  ----------------------
/opt/airflow/dags/train_model_lakehouse_dag.py                           1           0  0.12s           2026-06-05T02:08:36                      10
================================================================================
[2026-06-05T02:09:19.212+0000] {manager.py:997} INFO - 
================================================================================
DAG File Processing Stats

File Path                                       PID    Runtime      # DAGs    # Errors  Last Runtime    Last Run               Last # of DB Queries
----------------------------------------------  -----  ---------  --------  ----------  --------------  -------------------  ----------------------
/opt/airflow/dags/train_model_lakehouse_dag.py                           1           0  0.14s           2026-06-05T02:09:07                      10
================================================================================
[2026-06-05T02:09:49.496+0000] {manager.py:997} INFO - 
================================================================================
DAG File Processing Stats

File Path                                       PID    Runtime      # DAGs    # Errors  Last Runtime    Last Run               Last # of DB Queries
----------------------------------------------  -----  ---------  --------  ----------  --------------  -------------------  ----------------------
/opt/airflow/dags/train_model_lakehouse_dag.py                           1           0  0.14s           2026-06-05T02:09:37                      10
================================================================================
[2026-06-05T02:10:19.796+0000] {manager.py:997} INFO - 
================================================================================
DAG File Processing Stats

File Path                                       PID    Runtime      # DAGs    # Errors  Last Runtime    Last Run               Last # of DB Queries
----------------------------------------------  -----  ---------  --------  ----------  --------------  -------------------  ----------------------
/opt/airflow/dags/train_model_lakehouse_dag.py                           1           0  0.18s           2026-06-05T02:10:07                      10
================================================================================
[2026-06-05T02:10:50.143+0000] {manager.py:997} INFO - 
================================================================================
DAG File Processing Stats

File Path                                       PID    Runtime      # DAGs    # Errors  Last Runtime    Last Run               Last # of DB Queries
----------------------------------------------  -----  ---------  --------  ----------  --------------  -------------------  ----------------------
/opt/airflow/dags/train_model_lakehouse_dag.py                           1           0  0.17s           2026-06-05T02:10:38                      10
================================================================================
[2026-06-05T02:11:20.409+0000] {manager.py:997} INFO - 
================================================================================
DAG File Processing Stats

File Path                                       PID    Runtime      # DAGs    # Errors  Last Runtime    Last Run               Last # of DB Queries
----------------------------------------------  -----  ---------  --------  ----------  --------------  -------------------  ----------------------
/opt/airflow/dags/train_model_lakehouse_dag.py                           1           0  0.11s           2026-06-05T02:11:08                      10
================================================================================
[2026-06-05T02:11:45.740+0000] {manager.py:821} INFO - Searching for files in /opt/airflow/dags
[2026-06-05T02:11:45.768+0000] {manager.py:824} INFO - There are 1 files in /opt/airflow/dags
[2026-06-05T02:11:50.699+0000] {manager.py:997} INFO - 
================================================================================
DAG File Processing Stats

File Path                                       PID    Runtime      # DAGs    # Errors  Last Runtime    Last Run               Last # of DB Queries
----------------------------------------------  -----  ---------  --------  ----------  --------------  -------------------  ----------------------
/opt/airflow/dags/train_model_lakehouse_dag.py                           1           0  0.15s           2026-06-05T02:11:38                      10
================================================================================
[2026-06-05T02:12:21.006+0000] {manager.py:997} INFO - 
================================================================================
DAG File Processing Stats

File Path                                       PID    Runtime      # DAGs    # Errors  Last Runtime    Last Run               Last # of DB Queries
----------------------------------------------  -----  ---------  --------  ----------  --------------  -------------------  ----------------------
/opt/airflow/dags/train_model_lakehouse_dag.py                           1           0  0.15s           2026-06-05T02:12:08                      10
================================================================================
[2026-06-05T02:12:51.298+0000] {manager.py:997} INFO - 
================================================================================
DAG File Processing Stats

File Path                                       PID    Runtime      # DAGs    # Errors  Last Runtime    Last Run               Last # of DB Queries
----------------------------------------------  -----  ---------  --------  ----------  --------------  -------------------  ----------------------
/opt/airflow/dags/train_model_lakehouse_dag.py                           1           0  0.13s           2026-06-05T02:12:39                      10
================================================================================
[2026-06-05T02:13:21.608+0000] {manager.py:997} INFO - 
================================================================================
DAG File Processing Stats

File Path                                       PID    Runtime      # DAGs    # Errors  Last Runtime    Last Run               Last # of DB Queries
----------------------------------------------  -----  ---------  --------  ----------  --------------  -------------------  ----------------------
/opt/airflow/dags/train_model_lakehouse_dag.py                           1           0  0.14s           2026-06-05T02:13:09                      10
================================================================================
[2026-06-05T02:13:51.850+0000] {manager.py:997} INFO - 
================================================================================
DAG File Processing Stats

File Path                                       PID    Runtime      # DAGs    # Errors  Last Runtime    Last Run               Last # of DB Queries
----------------------------------------------  -----  ---------  --------  ----------  --------------  -------------------  ----------------------
/opt/airflow/dags/train_model_lakehouse_dag.py                           1           0  0.12s           2026-06-05T02:13:39                      10
================================================================================
[2026-06-05T02:14:22.119+0000] {manager.py:997} INFO - 
================================================================================
DAG File Processing Stats

File Path                                       PID    Runtime      # DAGs    # Errors  Last Runtime    Last Run               Last # of DB Queries
----------------------------------------------  -----  ---------  --------  ----------  --------------  -------------------  ----------------------
/opt/airflow/dags/train_model_lakehouse_dag.py                           1           0  0.18s           2026-06-05T02:14:10                      10
================================================================================
[2026-06-05T02:14:52.438+0000] {manager.py:997} INFO - 
================================================================================
DAG File Processing Stats

File Path                                       PID    Runtime      # DAGs    # Errors  Last Runtime    Last Run               Last # of DB Queries
----------------------------------------------  -----  ---------  --------  ----------  --------------  -------------------  ----------------------
/opt/airflow/dags/train_model_lakehouse_dag.py                           1           0  0.12s           2026-06-05T02:14:40                      10
================================================================================
[2026-06-05T02:15:22.757+0000] {manager.py:997} INFO - 
================================================================================
DAG File Processing Stats

File Path                                       PID    Runtime      # DAGs    # Errors  Last Runtime    Last Run               Last # of DB Queries
----------------------------------------------  -----  ---------  --------  ----------  --------------  -------------------  ----------------------
/opt/airflow/dags/train_model_lakehouse_dag.py                           1           0  0.14s           2026-06-05T02:15:10                      10
================================================================================
[2026-06-05T02:15:53.051+0000] {manager.py:997} INFO - 
================================================================================
DAG File Processing Stats

File Path                                       PID    Runtime      # DAGs    # Errors  Last Runtime    Last Run               Last # of DB Queries
----------------------------------------------  -----  ---------  --------  ----------  --------------  -------------------  ----------------------
/opt/airflow/dags/train_model_lakehouse_dag.py                           1           0  0.11s           2026-06-05T02:15:41                      10
================================================================================
[2026-06-05T02:16:23.341+0000] {manager.py:997} INFO - 
================================================================================
DAG File Processing Stats

File Path                                       PID    Runtime      # DAGs    # Errors  Last Runtime    Last Run               Last # of DB Queries
----------------------------------------------  -----  ---------  --------  ----------  --------------  -------------------  ----------------------
/opt/airflow/dags/train_model_lakehouse_dag.py                           1           0  0.16s           2026-06-05T02:16:11                      10
================================================================================
[2026-06-05T02:16:46.539+0000] {manager.py:821} INFO - Searching for files in /opt/airflow/dags
[2026-06-05T02:16:46.564+0000] {manager.py:824} INFO - There are 1 files in /opt/airflow/dags
[2026-06-05T02:16:53.631+0000] {manager.py:997} INFO - 
================================================================================
DAG File Processing Stats

File Path                                       PID    Runtime      # DAGs    # Errors  Last Runtime    Last Run               Last # of DB Queries
----------------------------------------------  -----  ---------  --------  ----------  --------------  -------------------  ----------------------
/opt/airflow/dags/train_model_lakehouse_dag.py                           1           0  0.21s           2026-06-05T02:16:41                      10
================================================================================
[2026-06-05T02:17:23.930+0000] {manager.py:997} INFO - 
================================================================================
DAG File Processing Stats

File Path                                       PID    Runtime      # DAGs    # Errors  Last Runtime    Last Run               Last # of DB Queries
----------------------------------------------  -----  ---------  --------  ----------  --------------  -------------------  ----------------------
/opt/airflow/dags/train_model_lakehouse_dag.py                           1           0  0.13s           2026-06-05T02:17:11                      10
================================================================================
[2026-06-05T02:17:54.295+0000] {manager.py:997} INFO - 
================================================================================
DAG File Processing Stats

File Path                                       PID    Runtime      # DAGs    # Errors  Last Runtime    Last Run               Last # of DB Queries
----------------------------------------------  -----  ---------  --------  ----------  --------------  -------------------  ----------------------
/opt/airflow/dags/train_model_lakehouse_dag.py                           0           1  0.07s           2026-06-05T02:17:52                       5
================================================================================
[2026-06-05T02:18:24.577+0000] {manager.py:997} INFO - 
================================================================================
DAG File Processing Stats

File Path                                       PID    Runtime      # DAGs    # Errors  Last Runtime    Last Run               Last # of DB Queries
----------------------------------------------  -----  ---------  --------  ----------  --------------  -------------------  ----------------------
/opt/airflow/dags/train_model_lakehouse_dag.py                           0           1  0.08s           2026-06-05T02:18:22                       5
================================================================================
[2026-06-05T02:18:54.822+0000] {manager.py:997} INFO - 
================================================================================
DAG File Processing Stats

File Path                                       PID    Runtime      # DAGs    # Errors  Last Runtime    Last Run               Last # of DB Queries
----------------------------------------------  -----  ---------  --------  ----------  --------------  -------------------  ----------------------
/opt/airflow/dags/train_model_lakehouse_dag.py                           0           1  0.10s           2026-06-05T02:18:52                       5
================================================================================
[2026-06-05T02:19:25.098+0000] {manager.py:997} INFO - 
================================================================================
DAG File Processing Stats

File Path                                       PID    Runtime      # DAGs    # Errors  Last Runtime    Last Run               Last # of DB Queries
----------------------------------------------  -----  ---------  --------  ----------  --------------  -------------------  ----------------------
/opt/airflow/dags/train_model_lakehouse_dag.py                           0           1  0.08s           2026-06-05T02:19:23                       5
================================================================================
[2026-06-05T02:19:55.331+0000] {manager.py:997} INFO - 
================================================================================
DAG File Processing Stats

File Path                                       PID    Runtime      # DAGs    # Errors  Last Runtime    Last Run               Last # of DB Queries
----------------------------------------------  -----  ---------  --------  ----------  --------------  -------------------  ----------------------
/opt/airflow/dags/train_model_lakehouse_dag.py                           0           1  0.08s           2026-06-05T02:19:53                       5
================================================================================
[2026-06-05T02:20:25.578+0000] {manager.py:997} INFO - 
================================================================================
DAG File Processing Stats

File Path                                       PID    Runtime      # DAGs    # Errors  Last Runtime    Last Run               Last # of DB Queries
----------------------------------------------  -----  ---------  --------  ----------  --------------  -------------------  ----------------------
/opt/airflow/dags/train_model_lakehouse_dag.py                           1           0  0.31s           2026-06-05T02:20:10                      32
================================================================================
[2026-06-05T02:20:56.106+0000] {manager.py:997} INFO - 
================================================================================
DAG File Processing Stats

File Path                                       PID    Runtime      # DAGs    # Errors  Last Runtime    Last Run               Last # of DB Queries
----------------------------------------------  -----  ---------  --------  ----------  --------------  -------------------  ----------------------
/opt/airflow/dags/train_model_lakehouse_dag.py                           1           0  0.17s           2026-06-05T02:20:41                      10
================================================================================
[2026-06-05T02:21:26.457+0000] {manager.py:997} INFO - 
================================================================================
DAG File Processing Stats

File Path                                       PID    Runtime      # DAGs    # Errors  Last Runtime    Last Run               Last # of DB Queries
----------------------------------------------  -----  ---------  --------  ----------  --------------  -------------------  ----------------------
/opt/airflow/dags/train_model_lakehouse_dag.py                           1           0  0.14s           2026-06-05T02:21:11                      10
================================================================================
[2026-06-05T02:21:46.661+0000] {manager.py:821} INFO - Searching for files in /opt/airflow/dags
[2026-06-05T02:21:46.688+0000] {manager.py:824} INFO - There are 1 files in /opt/airflow/dags
[2026-06-05T02:21:56.798+0000] {manager.py:997} INFO - 
================================================================================
DAG File Processing Stats

File Path                                       PID    Runtime      # DAGs    # Errors  Last Runtime    Last Run               Last # of DB Queries
----------------------------------------------  -----  ---------  --------  ----------  --------------  -------------------  ----------------------
/opt/airflow/dags/train_model_lakehouse_dag.py                           1           0  0.15s           2026-06-05T02:21:41                      10
================================================================================
[2026-06-05T02:22:27.085+0000] {manager.py:997} INFO - 
================================================================================
DAG File Processing Stats

File Path                                       PID    Runtime      # DAGs    # Errors  Last Runtime    Last Run               Last # of DB Queries
----------------------------------------------  -----  ---------  --------  ----------  --------------  -------------------  ----------------------
/opt/airflow/dags/train_model_lakehouse_dag.py                           1           0  0.18s           2026-06-05T02:22:12                      10
================================================================================
[2026-06-05T02:22:57.397+0000] {manager.py:997} INFO - 
================================================================================
DAG File Processing Stats

File Path                                       PID    Runtime      # DAGs    # Errors  Last Runtime    Last Run               Last # of DB Queries
----------------------------------------------  -----  ---------  --------  ----------  --------------  -------------------  ----------------------
/opt/airflow/dags/train_model_lakehouse_dag.py                           1           0  0.12s           2026-06-05T02:22:42                      10
================================================================================
[2026-06-05T02:23:27.666+0000] {manager.py:997} INFO - 
================================================================================
DAG File Processing Stats

File Path                                       PID    Runtime      # DAGs    # Errors  Last Runtime    Last Run               Last # of DB Queries
----------------------------------------------  -----  ---------  --------  ----------  --------------  -------------------  ----------------------
/opt/airflow/dags/train_model_lakehouse_dag.py                           1           0  0.16s           2026-06-05T02:23:12                      10
================================================================================
[2026-06-05T02:23:57.937+0000] {manager.py:997} INFO - 
================================================================================
DAG File Processing Stats

File Path                                       PID    Runtime      # DAGs    # Errors  Last Runtime    Last Run               Last # of DB Queries
----------------------------------------------  -----  ---------  --------  ----------  --------------  -------------------  ----------------------
/opt/airflow/dags/train_model_lakehouse_dag.py                           1           0  0.13s           2026-06-05T02:23:42                      10
================================================================================
[2026-06-05T02:24:28.215+0000] {manager.py:997} INFO - 
================================================================================
DAG File Processing Stats

File Path                                       PID    Runtime      # DAGs    # Errors  Last Runtime    Last Run               Last # of DB Queries
----------------------------------------------  -----  ---------  --------  ----------  --------------  -------------------  ----------------------
/opt/airflow/dags/train_model_lakehouse_dag.py                           1           0  0.12s           2026-06-05T02:24:13                      10
================================================================================
[2026-06-05T02:24:58.505+0000] {manager.py:997} INFO - 
================================================================================
DAG File Processing Stats

File Path                                       PID    Runtime      # DAGs    # Errors  Last Runtime    Last Run               Last # of DB Queries
----------------------------------------------  -----  ---------  --------  ----------  --------------  -------------------  ----------------------
/opt/airflow/dags/train_model_lakehouse_dag.py                           1           0  0.17s           2026-06-05T02:24:49                       9
================================================================================
[2026-06-05T02:25:28.879+0000] {manager.py:997} INFO - 
================================================================================
DAG File Processing Stats

File Path                                       PID    Runtime      # DAGs    # Errors  Last Runtime    Last Run               Last # of DB Queries
----------------------------------------------  -----  ---------  --------  ----------  --------------  -------------------  ----------------------
/opt/airflow/dags/train_model_lakehouse_dag.py                           1           0  0.23s           2026-06-05T02:25:19                      10
================================================================================
[2026-06-05T02:25:59.194+0000] {manager.py:997} INFO - 
================================================================================
DAG File Processing Stats

File Path                                       PID    Runtime      # DAGs    # Errors  Last Runtime    Last Run               Last # of DB Queries
----------------------------------------------  -----  ---------  --------  ----------  --------------  -------------------  ----------------------
/opt/airflow/dags/train_model_lakehouse_dag.py                           1           0  0.11s           2026-06-05T02:25:50                      10
================================================================================
[2026-06-05T02:26:29.511+0000] {manager.py:997} INFO - 
================================================================================
DAG File Processing Stats

File Path                                       PID    Runtime      # DAGs    # Errors  Last Runtime    Last Run               Last # of DB Queries
----------------------------------------------  -----  ---------  --------  ----------  --------------  -------------------  ----------------------
/opt/airflow/dags/train_model_lakehouse_dag.py                           1           0  0.18s           2026-06-05T02:26:20                      10
================================================================================
[2026-06-05T02:26:46.676+0000] {manager.py:821} INFO - Searching for files in /opt/airflow/dags
[2026-06-05T02:26:46.714+0000] {manager.py:824} INFO - There are 1 files in /opt/airflow/dags
[2026-06-05T02:26:59.873+0000] {manager.py:997} INFO - 
================================================================================
DAG File Processing Stats

File Path                                       PID    Runtime      # DAGs    # Errors  Last Runtime    Last Run               Last # of DB Queries
----------------------------------------------  -----  ---------  --------  ----------  --------------  -------------------  ----------------------
/opt/airflow/dags/train_model_lakehouse_dag.py                           1           0  0.26s           2026-06-05T02:26:51                      10
================================================================================
[2026-06-05T02:30:12.731+0000] {manager.py:483} INFO - Processing files using up to 2 processes at a time 
[2026-06-05T02:30:12.735+0000] {manager.py:484} INFO - Process each file at most once every 30 seconds
[2026-06-05T02:30:12.736+0000] {manager.py:485} INFO - Checking for new files in /opt/airflow/dags every 300 seconds
[2026-06-05T02:30:12.741+0000] {manager.py:821} INFO - Searching for files in /opt/airflow/dags
[2026-06-05T02:30:12.749+0000] {manager.py:824} INFO - There are 1 files in /opt/airflow/dags
[2026-06-05T02:30:13.350+0000] {manager.py:997} INFO - 
================================================================================
DAG File Processing Stats

File Path                                         PID  Runtime      # DAGs    # Errors  Last Runtime    Last Run      Last # of DB Queries
----------------------------------------------  -----  ---------  --------  ----------  --------------  ----------  ----------------------
/opt/airflow/dags/train_model_lakehouse_dag.py    167  0.21s             0           0                                                   0
================================================================================
[2026-06-05T02:30:44.390+0000] {manager.py:997} INFO - 
================================================================================
DAG File Processing Stats

File Path                                         PID  Runtime      # DAGs    # Errors  Last Runtime    Last Run               Last # of DB Queries
----------------------------------------------  -----  ---------  --------  ----------  --------------  -------------------  ----------------------
/opt/airflow/dags/train_model_lakehouse_dag.py    232  0.06s             1           0  0.96s           2026-06-05T02:30:14                      10
================================================================================
[2026-06-05T02:31:15.796+0000] {manager.py:997} INFO - 
================================================================================
DAG File Processing Stats

File Path                                         PID  Runtime      # DAGs    # Errors  Last Runtime    Last Run               Last # of DB Queries
----------------------------------------------  -----  ---------  --------  ----------  --------------  -------------------  ----------------------
/opt/airflow/dags/train_model_lakehouse_dag.py    282  0.01s             1           0  0.60s           2026-06-05T02:30:44                      10
================================================================================
[2026-06-05T02:31:46.135+0000] {manager.py:997} INFO - 
================================================================================
DAG File Processing Stats

File Path                                       PID    Runtime      # DAGs    # Errors  Last Runtime    Last Run               Last # of DB Queries
----------------------------------------------  -----  ---------  --------  ----------  --------------  -------------------  ----------------------
/opt/airflow/dags/train_model_lakehouse_dag.py                           1           0  7.04s           2026-06-05T02:31:22                      10
================================================================================
[2026-06-05T02:32:16.322+0000] {manager.py:997} INFO - 
================================================================================
DAG File Processing Stats

File Path                                       PID    Runtime      # DAGs    # Errors  Last Runtime    Last Run               Last # of DB Queries
----------------------------------------------  -----  ---------  --------  ----------  --------------  -------------------  ----------------------
/opt/airflow/dags/train_model_lakehouse_dag.py                           1           0  0.32s           2026-06-05T02:31:53                      10
================================================================================
[2026-06-05T02:32:46.531+0000] {manager.py:997} INFO - 
================================================================================
DAG File Processing Stats

File Path                                       PID    Runtime      # DAGs    # Errors  Last Runtime    Last Run               Last # of DB Queries
----------------------------------------------  -----  ---------  --------  ----------  --------------  -------------------  ----------------------
/opt/airflow/dags/train_model_lakehouse_dag.py                           1           0  0.23s           2026-06-05T02:32:23                      10
================================================================================
[2026-06-05T02:33:16.887+0000] {manager.py:997} INFO - 
================================================================================
DAG File Processing Stats

File Path                                       PID    Runtime      # DAGs    # Errors  Last Runtime    Last Run               Last # of DB Queries
----------------------------------------------  -----  ---------  --------  ----------  --------------  -------------------  ----------------------
/opt/airflow/dags/train_model_lakehouse_dag.py                           1           0  0.19s           2026-06-05T02:32:53                      10
================================================================================
[2026-06-05T02:33:47.294+0000] {manager.py:997} INFO - 
================================================================================
DAG File Processing Stats

File Path                                       PID    Runtime      # DAGs    # Errors  Last Runtime    Last Run               Last # of DB Queries
----------------------------------------------  -----  ---------  --------  ----------  --------------  -------------------  ----------------------
/opt/airflow/dags/train_model_lakehouse_dag.py                           1           0  0.14s           2026-06-05T02:33:24                      10
================================================================================
[2026-06-05T02:34:17.686+0000] {manager.py:997} INFO - 
================================================================================
DAG File Processing Stats

File Path                                       PID    Runtime      # DAGs    # Errors  Last Runtime    Last Run               Last # of DB Queries
----------------------------------------------  -----  ---------  --------  ----------  --------------  -------------------  ----------------------
/opt/airflow/dags/train_model_lakehouse_dag.py                           1           0  0.26s           2026-06-05T02:33:54                      10
================================================================================
[2026-06-05T02:34:48.093+0000] {manager.py:997} INFO - 
================================================================================
DAG File Processing Stats

File Path                                       PID    Runtime      # DAGs    # Errors  Last Runtime    Last Run               Last # of DB Queries
----------------------------------------------  -----  ---------  --------  ----------  --------------  -------------------  ----------------------
/opt/airflow/dags/train_model_lakehouse_dag.py                           1           0  0.24s           2026-06-05T02:34:24                      10
================================================================================
[2026-06-05T02:35:12.770+0000] {manager.py:821} INFO - Searching for files in /opt/airflow/dags
[2026-06-05T02:35:12.776+0000] {manager.py:824} INFO - There are 1 files in /opt/airflow/dags
[2026-06-05T02:35:18.490+0000] {manager.py:997} INFO - 
================================================================================
DAG File Processing Stats

File Path                                       PID    Runtime      # DAGs    # Errors  Last Runtime    Last Run               Last # of DB Queries
----------------------------------------------  -----  ---------  --------  ----------  --------------  -------------------  ----------------------
/opt/airflow/dags/train_model_lakehouse_dag.py                           1           0  0.45s           2026-06-05T02:34:55                      10
================================================================================
[2026-06-05T02:35:49.128+0000] {manager.py:997} INFO - 
================================================================================
DAG File Processing Stats

File Path                                       PID    Runtime      # DAGs    # Errors  Last Runtime    Last Run               Last # of DB Queries
----------------------------------------------  -----  ---------  --------  ----------  --------------  -------------------  ----------------------
/opt/airflow/dags/train_model_lakehouse_dag.py                           1           0  0.39s           2026-06-05T02:35:26                      10
================================================================================
[2026-06-05T02:36:19.757+0000] {manager.py:997} INFO - 
================================================================================
DAG File Processing Stats

File Path                                       PID    Runtime      # DAGs    # Errors  Last Runtime    Last Run               Last # of DB Queries
----------------------------------------------  -----  ---------  --------  ----------  --------------  -------------------  ----------------------
/opt/airflow/dags/train_model_lakehouse_dag.py                           1           0  0.21s           2026-06-05T02:35:56                      10
================================================================================
[2026-06-05T02:36:50.238+0000] {manager.py:997} INFO - 
================================================================================
DAG File Processing Stats

File Path                                       PID    Runtime      # DAGs    # Errors  Last Runtime    Last Run               Last # of DB Queries
----------------------------------------------  -----  ---------  --------  ----------  --------------  -------------------  ----------------------
/opt/airflow/dags/train_model_lakehouse_dag.py                           1           0  0.21s           2026-06-05T02:36:27                      10
================================================================================
[2026-06-05T02:37:20.526+0000] {manager.py:997} INFO - 
================================================================================
DAG File Processing Stats

File Path                                       PID    Runtime      # DAGs    # Errors  Last Runtime    Last Run               Last # of DB Queries
----------------------------------------------  -----  ---------  --------  ----------  --------------  -------------------  ----------------------
/opt/airflow/dags/train_model_lakehouse_dag.py                           1           0  0.22s           2026-06-05T02:36:57                      10
================================================================================
[2026-06-05T02:37:50.968+0000] {manager.py:997} INFO - 
================================================================================
DAG File Processing Stats

File Path                                       PID    Runtime      # DAGs    # Errors  Last Runtime    Last Run               Last # of DB Queries
----------------------------------------------  -----  ---------  --------  ----------  --------------  -------------------  ----------------------
/opt/airflow/dags/train_model_lakehouse_dag.py                           1           0  0.23s           2026-06-05T02:37:27                      10
================================================================================
[2026-06-05T02:38:21.264+0000] {manager.py:997} INFO - 
================================================================================
DAG File Processing Stats

File Path                                       PID    Runtime      # DAGs    # Errors  Last Runtime    Last Run               Last # of DB Queries
----------------------------------------------  -----  ---------  --------  ----------  --------------  -------------------  ----------------------
/opt/airflow/dags/train_model_lakehouse_dag.py                           1           0  0.35s           2026-06-05T02:37:58                      10
================================================================================
[2026-06-05T02:38:51.847+0000] {manager.py:997} INFO - 
================================================================================
DAG File Processing Stats

File Path                                       PID    Runtime      # DAGs    # Errors  Last Runtime    Last Run               Last # of DB Queries
----------------------------------------------  -----  ---------  --------  ----------  --------------  -------------------  ----------------------
/opt/airflow/dags/train_model_lakehouse_dag.py                           1           0  0.29s           2026-06-05T02:38:28                      10
================================================================================
[2026-06-05T02:39:22.387+0000] {manager.py:997} INFO - 
================================================================================
DAG File Processing Stats

File Path                                       PID    Runtime      # DAGs    # Errors  Last Runtime    Last Run               Last # of DB Queries
----------------------------------------------  -----  ---------  --------  ----------  --------------  -------------------  ----------------------
/opt/airflow/dags/train_model_lakehouse_dag.py                           1           0  0.21s           2026-06-05T02:38:59                      10
================================================================================
[2026-06-05T02:39:52.867+0000] {manager.py:997} INFO - 
================================================================================
DAG File Processing Stats

File Path                                       PID    Runtime      # DAGs    # Errors  Last Runtime    Last Run               Last # of DB Queries
----------------------------------------------  -----  ---------  --------  ----------  --------------  -------------------  ----------------------
/opt/airflow/dags/train_model_lakehouse_dag.py                           1           0  0.39s           2026-06-05T02:39:29                      10
================================================================================
[2026-06-05T02:40:13.249+0000] {manager.py:821} INFO - Searching for files in /opt/airflow/dags
[2026-06-05T02:40:13.286+0000] {manager.py:824} INFO - There are 1 files in /opt/airflow/dags
[2026-06-05T02:40:23.408+0000] {manager.py:997} INFO - 
================================================================================
DAG File Processing Stats

File Path                                       PID    Runtime      # DAGs    # Errors  Last Runtime    Last Run               Last # of DB Queries
----------------------------------------------  -----  ---------  --------  ----------  --------------  -------------------  ----------------------
/opt/airflow/dags/train_model_lakehouse_dag.py                           1           0  0.33s           2026-06-05T02:40:00                      10
================================================================================
[2026-06-05T02:40:53.732+0000] {manager.py:997} INFO - 
================================================================================
DAG File Processing Stats

File Path                                       PID    Runtime      # DAGs    # Errors  Last Runtime    Last Run               Last # of DB Queries
----------------------------------------------  -----  ---------  --------  ----------  --------------  -------------------  ----------------------
/opt/airflow/dags/train_model_lakehouse_dag.py                           1           0  0.18s           2026-06-05T02:40:30                      10
================================================================================
[2026-06-05T02:41:24.053+0000] {manager.py:997} INFO - 
================================================================================
DAG File Processing Stats

File Path                                       PID    Runtime      # DAGs    # Errors  Last Runtime    Last Run               Last # of DB Queries
----------------------------------------------  -----  ---------  --------  ----------  --------------  -------------------  ----------------------
/opt/airflow/dags/train_model_lakehouse_dag.py                           1           0  0.27s           2026-06-05T02:41:01                      10
================================================================================
[2026-06-05T02:41:54.382+0000] {manager.py:997} INFO - 
================================================================================
DAG File Processing Stats

File Path                                       PID    Runtime      # DAGs    # Errors  Last Runtime    Last Run               Last # of DB Queries
----------------------------------------------  -----  ---------  --------  ----------  --------------  -------------------  ----------------------
/opt/airflow/dags/train_model_lakehouse_dag.py                           1           0  0.50s           2026-06-05T02:41:31                      10
================================================================================
[2026-06-05T02:42:25.065+0000] {manager.py:997} INFO - 
================================================================================
DAG File Processing Stats

File Path                                       PID    Runtime      # DAGs    # Errors  Last Runtime    Last Run               Last # of DB Queries
----------------------------------------------  -----  ---------  --------  ----------  --------------  -------------------  ----------------------
/opt/airflow/dags/train_model_lakehouse_dag.py                           1           0  0.26s           2026-06-05T02:42:02                      10
================================================================================
[2026-06-05T02:42:55.576+0000] {manager.py:997} INFO - 
================================================================================
DAG File Processing Stats

File Path                                       PID    Runtime      # DAGs    # Errors  Last Runtime    Last Run               Last # of DB Queries
----------------------------------------------  -----  ---------  --------  ----------  --------------  -------------------  ----------------------
/opt/airflow/dags/train_model_lakehouse_dag.py                           1           0  0.37s           2026-06-05T02:42:32                      10
================================================================================
[2026-06-05T02:43:25.922+0000] {manager.py:997} INFO - 
================================================================================
DAG File Processing Stats

File Path                                       PID    Runtime      # DAGs    # Errors  Last Runtime    Last Run               Last # of DB Queries
----------------------------------------------  -----  ---------  --------  ----------  --------------  -------------------  ----------------------
/opt/airflow/dags/train_model_lakehouse_dag.py                           1           0  0.32s           2026-06-05T02:43:02                      10
================================================================================
[2026-06-05T02:43:56.407+0000] {manager.py:997} INFO - 
================================================================================
DAG File Processing Stats

File Path                                       PID    Runtime      # DAGs    # Errors  Last Runtime    Last Run               Last # of DB Queries
----------------------------------------------  -----  ---------  --------  ----------  --------------  -------------------  ----------------------
/opt/airflow/dags/train_model_lakehouse_dag.py                           1           0  0.36s           2026-06-05T02:43:33                      10
================================================================================
[2026-06-05T02:44:26.862+0000] {manager.py:997} INFO - 
================================================================================
DAG File Processing Stats

File Path                                       PID    Runtime      # DAGs    # Errors  Last Runtime    Last Run               Last # of DB Queries
----------------------------------------------  -----  ---------  --------  ----------  --------------  -------------------  ----------------------
/opt/airflow/dags/train_model_lakehouse_dag.py                           1           0  0.38s           2026-06-05T02:44:03                      10
================================================================================
[2026-06-05T02:44:57.350+0000] {manager.py:997} INFO - 
================================================================================
DAG File Processing Stats

File Path                                       PID    Runtime      # DAGs    # Errors  Last Runtime    Last Run               Last # of DB Queries
----------------------------------------------  -----  ---------  --------  ----------  --------------  -------------------  ----------------------
/opt/airflow/dags/train_model_lakehouse_dag.py                           1           0  0.34s           2026-06-05T02:44:34                      10
================================================================================
[2026-06-05T02:45:13.636+0000] {manager.py:821} INFO - Searching for files in /opt/airflow/dags
[2026-06-05T02:45:13.639+0000] {manager.py:824} INFO - There are 1 files in /opt/airflow/dags
[2026-06-05T02:45:27.731+0000] {manager.py:997} INFO - 
================================================================================
DAG File Processing Stats

File Path                                       PID    Runtime      # DAGs    # Errors  Last Runtime    Last Run               Last # of DB Queries
----------------------------------------------  -----  ---------  --------  ----------  --------------  -------------------  ----------------------
/opt/airflow/dags/train_model_lakehouse_dag.py                           1           0  0.28s           2026-06-05T02:45:04                      10
================================================================================
[2026-06-05T02:45:58.098+0000] {manager.py:997} INFO - 
================================================================================
DAG File Processing Stats

File Path                                       PID    Runtime      # DAGs    # Errors  Last Runtime    Last Run               Last # of DB Queries
----------------------------------------------  -----  ---------  --------  ----------  --------------  -------------------  ----------------------
/opt/airflow/dags/train_model_lakehouse_dag.py                           1           0  0.38s           2026-06-05T02:45:35                      10
================================================================================
[2026-06-05T02:46:28.639+0000] {manager.py:997} INFO - 
================================================================================
DAG File Processing Stats

File Path                                       PID    Runtime      # DAGs    # Errors  Last Runtime    Last Run               Last # of DB Queries
----------------------------------------------  -----  ---------  --------  ----------  --------------  -------------------  ----------------------
/opt/airflow/dags/train_model_lakehouse_dag.py                           1           0  0.28s           2026-06-05T02:46:05                      10
================================================================================
[2026-06-05T02:46:58.937+0000] {manager.py:997} INFO - 
================================================================================
DAG File Processing Stats

File Path                                       PID    Runtime      # DAGs    # Errors  Last Runtime    Last Run               Last # of DB Queries
----------------------------------------------  -----  ---------  --------  ----------  --------------  -------------------  ----------------------
/opt/airflow/dags/train_model_lakehouse_dag.py                           1           0  0.24s           2026-06-05T02:46:35                      10
================================================================================
[2026-06-05T02:47:29.179+0000] {manager.py:997} INFO - 
================================================================================
DAG File Processing Stats

File Path                                       PID    Runtime      # DAGs    # Errors  Last Runtime    Last Run               Last # of DB Queries
----------------------------------------------  -----  ---------  --------  ----------  --------------  -------------------  ----------------------
/opt/airflow/dags/train_model_lakehouse_dag.py                           1           0  0.17s           2026-06-05T02:47:06                      10
================================================================================
[2026-06-05T02:47:59.774+0000] {manager.py:997} INFO - 
================================================================================
DAG File Processing Stats

File Path                                       PID    Runtime      # DAGs    # Errors  Last Runtime    Last Run               Last # of DB Queries
----------------------------------------------  -----  ---------  --------  ----------  --------------  -------------------  ----------------------
/opt/airflow/dags/train_model_lakehouse_dag.py                           1           0  1.53s           2026-06-05T02:47:50                      32
================================================================================
[2026-06-05T02:48:30.341+0000] {manager.py:997} INFO - 
================================================================================
DAG File Processing Stats

File Path                                       PID    Runtime      # DAGs    # Errors  Last Runtime    Last Run               Last # of DB Queries
----------------------------------------------  -----  ---------  --------  ----------  --------------  -------------------  ----------------------
/opt/airflow/dags/train_model_lakehouse_dag.py                           1           0  0.16s           2026-06-05T02:48:20                      10
================================================================================
[2026-06-05T02:49:00.711+0000] {manager.py:997} INFO - 
================================================================================
DAG File Processing Stats

File Path                                       PID    Runtime      # DAGs    # Errors  Last Runtime    Last Run               Last # of DB Queries
----------------------------------------------  -----  ---------  --------  ----------  --------------  -------------------  ----------------------
/opt/airflow/dags/train_model_lakehouse_dag.py                           1           0  0.20s           2026-06-05T02:48:50                      10
================================================================================
[2026-06-05T02:49:31.016+0000] {manager.py:997} INFO - 
================================================================================
DAG File Processing Stats

File Path                                       PID    Runtime      # DAGs    # Errors  Last Runtime    Last Run               Last # of DB Queries
----------------------------------------------  -----  ---------  --------  ----------  --------------  -------------------  ----------------------
/opt/airflow/dags/train_model_lakehouse_dag.py                           1           0  0.37s           2026-06-05T02:49:21                      10
================================================================================
[2026-06-05T02:50:01.509+0000] {manager.py:997} INFO - 
================================================================================
DAG File Processing Stats

File Path                                       PID    Runtime      # DAGs    # Errors  Last Runtime    Last Run               Last # of DB Queries
----------------------------------------------  -----  ---------  --------  ----------  --------------  -------------------  ----------------------
/opt/airflow/dags/train_model_lakehouse_dag.py                           1           0  0.14s           2026-06-05T02:49:51                      10
================================================================================
[2026-06-05T02:50:13.697+0000] {manager.py:821} INFO - Searching for files in /opt/airflow/dags
[2026-06-05T02:50:13.698+0000] {manager.py:824} INFO - There are 1 files in /opt/airflow/dags
[2026-06-05T02:50:31.886+0000] {manager.py:997} INFO - 
================================================================================
DAG File Processing Stats

File Path                                       PID    Runtime      # DAGs    # Errors  Last Runtime    Last Run               Last # of DB Queries
----------------------------------------------  -----  ---------  --------  ----------  --------------  -------------------  ----------------------
/opt/airflow/dags/train_model_lakehouse_dag.py                           1           0  0.39s           2026-06-05T02:50:22                      10
================================================================================
[2026-06-05T02:51:02.407+0000] {manager.py:997} INFO - 
================================================================================
DAG File Processing Stats

File Path                                       PID    Runtime      # DAGs    # Errors  Last Runtime    Last Run               Last # of DB Queries
----------------------------------------------  -----  ---------  --------  ----------  --------------  -------------------  ----------------------
/opt/airflow/dags/train_model_lakehouse_dag.py                           1           0  0.32s           2026-06-05T02:50:52                      10
================================================================================
[2026-06-05T02:51:32.735+0000] {manager.py:997} INFO - 
================================================================================
DAG File Processing Stats

File Path                                       PID    Runtime      # DAGs    # Errors  Last Runtime    Last Run               Last # of DB Queries
----------------------------------------------  -----  ---------  --------  ----------  --------------  -------------------  ----------------------
/opt/airflow/dags/train_model_lakehouse_dag.py                           1           0  0.39s           2026-06-05T02:51:22                      10
================================================================================
[2026-06-05T02:52:03.250+0000] {manager.py:997} INFO - 
================================================================================
DAG File Processing Stats

File Path                                       PID    Runtime      # DAGs    # Errors  Last Runtime    Last Run               Last # of DB Queries
----------------------------------------------  -----  ---------  --------  ----------  --------------  -------------------  ----------------------
/opt/airflow/dags/train_model_lakehouse_dag.py                           1           0  0.23s           2026-06-05T02:51:53                      10
================================================================================
[2026-06-05T02:52:33.725+0000] {manager.py:997} INFO - 
================================================================================
DAG File Processing Stats

File Path                                       PID    Runtime      # DAGs    # Errors  Last Runtime    Last Run               Last # of DB Queries
----------------------------------------------  -----  ---------  --------  ----------  --------------  -------------------  ----------------------
/opt/airflow/dags/train_model_lakehouse_dag.py                           1           0  0.28s           2026-06-05T02:52:23                      10
================================================================================
[2026-06-05T02:53:04.006+0000] {manager.py:997} INFO - 
================================================================================
DAG File Processing Stats

File Path                                       PID    Runtime      # DAGs    # Errors  Last Runtime    Last Run               Last # of DB Queries
----------------------------------------------  -----  ---------  --------  ----------  --------------  -------------------  ----------------------
/opt/airflow/dags/train_model_lakehouse_dag.py                           1           0  0.35s           2026-06-05T02:52:54                      10
================================================================================
[2026-06-05T02:53:34.570+0000] {manager.py:997} INFO - 
================================================================================
DAG File Processing Stats

File Path                                       PID    Runtime      # DAGs    # Errors  Last Runtime    Last Run               Last # of DB Queries
----------------------------------------------  -----  ---------  --------  ----------  --------------  -------------------  ----------------------
/opt/airflow/dags/train_model_lakehouse_dag.py                           1           0  0.31s           2026-06-05T02:53:24                      10
================================================================================
[2026-06-05T02:54:05.082+0000] {manager.py:997} INFO - 
================================================================================
DAG File Processing Stats

File Path                                       PID    Runtime      # DAGs    # Errors  Last Runtime    Last Run               Last # of DB Queries
----------------------------------------------  -----  ---------  --------  ----------  --------------  -------------------  ----------------------
/opt/airflow/dags/train_model_lakehouse_dag.py                           1           0  0.20s           2026-06-05T02:53:55                      10
================================================================================
[2026-06-05T02:54:35.317+0000] {manager.py:997} INFO - 
================================================================================
DAG File Processing Stats

File Path                                       PID    Runtime      # DAGs    # Errors  Last Runtime    Last Run               Last # of DB Queries
----------------------------------------------  -----  ---------  --------  ----------  --------------  -------------------  ----------------------
/opt/airflow/dags/train_model_lakehouse_dag.py                           1           0  0.14s           2026-06-05T02:54:25                      10
================================================================================
[2026-06-05T02:55:05.714+0000] {manager.py:997} INFO - 
================================================================================
DAG File Processing Stats

File Path                                       PID    Runtime      # DAGs    # Errors  Last Runtime    Last Run               Last # of DB Queries
----------------------------------------------  -----  ---------  --------  ----------  --------------  -------------------  ----------------------
/opt/airflow/dags/train_model_lakehouse_dag.py                           1           0  0.16s           2026-06-05T02:54:55                      10
================================================================================
[2026-06-05T02:55:13.787+0000] {manager.py:821} INFO - Searching for files in /opt/airflow/dags
[2026-06-05T02:55:13.790+0000] {manager.py:824} INFO - There are 1 files in /opt/airflow/dags
[2026-06-05T02:55:36.046+0000] {manager.py:997} INFO - 
================================================================================
DAG File Processing Stats

File Path                                       PID    Runtime      # DAGs    # Errors  Last Runtime    Last Run               Last # of DB Queries
----------------------------------------------  -----  ---------  --------  ----------  --------------  -------------------  ----------------------
/opt/airflow/dags/train_model_lakehouse_dag.py                           1           0  0.29s           2026-06-05T02:55:26                      10
================================================================================
[2026-06-05T02:56:06.579+0000] {manager.py:997} INFO - 
================================================================================
DAG File Processing Stats

File Path                                       PID    Runtime      # DAGs    # Errors  Last Runtime    Last Run               Last # of DB Queries
----------------------------------------------  -----  ---------  --------  ----------  --------------  -------------------  ----------------------
/opt/airflow/dags/train_model_lakehouse_dag.py                           1           0  0.40s           2026-06-05T02:55:56                      10
================================================================================
[2026-06-05T02:56:37.171+0000] {manager.py:997} INFO - 
================================================================================
DAG File Processing Stats

File Path                                       PID    Runtime      # DAGs    # Errors  Last Runtime    Last Run               Last # of DB Queries
----------------------------------------------  -----  ---------  --------  ----------  --------------  -------------------  ----------------------
/opt/airflow/dags/train_model_lakehouse_dag.py                           1           0  0.15s           2026-06-05T02:56:27                      10
================================================================================
[2026-06-05T02:57:07.561+0000] {manager.py:997} INFO - 
================================================================================
DAG File Processing Stats

File Path                                       PID    Runtime      # DAGs    # Errors  Last Runtime    Last Run               Last # of DB Queries
----------------------------------------------  -----  ---------  --------  ----------  --------------  -------------------  ----------------------
/opt/airflow/dags/train_model_lakehouse_dag.py                           1           0  0.26s           2026-06-05T02:56:57                      10
================================================================================
[2026-06-05T02:57:37.916+0000] {manager.py:997} INFO - 
================================================================================
DAG File Processing Stats

File Path                                       PID    Runtime      # DAGs    # Errors  Last Runtime    Last Run               Last # of DB Queries
----------------------------------------------  -----  ---------  --------  ----------  --------------  -------------------  ----------------------
/opt/airflow/dags/train_model_lakehouse_dag.py                           1           0  0.45s           2026-06-05T02:57:28                      10
================================================================================
[2026-06-05T02:58:08.439+0000] {manager.py:997} INFO - 
================================================================================
DAG File Processing Stats

File Path                                       PID    Runtime      # DAGs    # Errors  Last Runtime    Last Run               Last # of DB Queries
----------------------------------------------  -----  ---------  --------  ----------  --------------  -------------------  ----------------------
/opt/airflow/dags/train_model_lakehouse_dag.py                           1           0  0.19s           2026-06-05T02:57:58                      10
================================================================================
[2026-06-05T02:58:38.903+0000] {manager.py:997} INFO - 
================================================================================
DAG File Processing Stats

File Path                                       PID    Runtime      # DAGs    # Errors  Last Runtime    Last Run               Last # of DB Queries
----------------------------------------------  -----  ---------  --------  ----------  --------------  -------------------  ----------------------
/opt/airflow/dags/train_model_lakehouse_dag.py                           1           0  0.32s           2026-06-05T02:58:28                      10
================================================================================
[2026-06-05T02:59:09.248+0000] {manager.py:997} INFO - 
================================================================================
DAG File Processing Stats

File Path                                       PID    Runtime      # DAGs    # Errors  Last Runtime    Last Run               Last # of DB Queries
----------------------------------------------  -----  ---------  --------  ----------  --------------  -------------------  ----------------------
/opt/airflow/dags/train_model_lakehouse_dag.py                           1           0  0.15s           2026-06-05T02:58:59                      10
================================================================================
[2026-06-05T02:59:39.583+0000] {manager.py:997} INFO - 
================================================================================
DAG File Processing Stats

File Path                                       PID    Runtime      # DAGs    # Errors  Last Runtime    Last Run               Last # of DB Queries
----------------------------------------------  -----  ---------  --------  ----------  --------------  -------------------  ----------------------
/opt/airflow/dags/train_model_lakehouse_dag.py                           1           0  0.36s           2026-06-05T02:59:29                      10
================================================================================
[2026-06-05T03:00:10.202+0000] {manager.py:997} INFO - 
================================================================================
DAG File Processing Stats

File Path                                       PID    Runtime      # DAGs    # Errors  Last Runtime    Last Run               Last # of DB Queries
----------------------------------------------  -----  ---------  --------  ----------  --------------  -------------------  ----------------------
/opt/airflow/dags/train_model_lakehouse_dag.py                           1           0  0.19s           2026-06-05T03:00:00                      10
================================================================================
[2026-06-05T03:00:14.277+0000] {manager.py:821} INFO - Searching for files in /opt/airflow/dags
[2026-06-05T03:00:14.279+0000] {manager.py:824} INFO - There are 1 files in /opt/airflow/dags
[2026-06-05T03:00:40.621+0000] {manager.py:997} INFO - 
================================================================================
DAG File Processing Stats

File Path                                       PID    Runtime      # DAGs    # Errors  Last Runtime    Last Run               Last # of DB Queries
----------------------------------------------  -----  ---------  --------  ----------  --------------  -------------------  ----------------------
/opt/airflow/dags/train_model_lakehouse_dag.py                           1           0  0.38s           2026-06-05T03:00:30                      10
================================================================================
[2026-06-05T03:01:11.182+0000] {manager.py:997} INFO - 
================================================================================
DAG File Processing Stats

File Path                                       PID    Runtime      # DAGs    # Errors  Last Runtime    Last Run               Last # of DB Queries
----------------------------------------------  -----  ---------  --------  ----------  --------------  -------------------  ----------------------
/opt/airflow/dags/train_model_lakehouse_dag.py                           1           0  0.33s           2026-06-05T03:01:01                      10
================================================================================
[2026-06-05T03:01:41.787+0000] {manager.py:997} INFO - 
================================================================================
DAG File Processing Stats

File Path                                       PID    Runtime      # DAGs    # Errors  Last Runtime    Last Run               Last # of DB Queries
----------------------------------------------  -----  ---------  --------  ----------  --------------  -------------------  ----------------------
/opt/airflow/dags/train_model_lakehouse_dag.py                           1           0  0.37s           2026-06-05T03:01:32                      10
================================================================================
[2026-06-05T03:02:12.408+0000] {manager.py:997} INFO - 
================================================================================
DAG File Processing Stats

File Path                                       PID    Runtime      # DAGs    # Errors  Last Runtime    Last Run               Last # of DB Queries
----------------------------------------------  -----  ---------  --------  ----------  --------------  -------------------  ----------------------
/opt/airflow/dags/train_model_lakehouse_dag.py                           1           0  0.37s           2026-06-05T03:02:02                      10
================================================================================
[2026-06-05T03:02:42.975+0000] {manager.py:997} INFO - 
================================================================================
DAG File Processing Stats

File Path                                       PID    Runtime      # DAGs    # Errors  Last Runtime    Last Run               Last # of DB Queries
----------------------------------------------  -----  ---------  --------  ----------  --------------  -------------------  ----------------------
/opt/airflow/dags/train_model_lakehouse_dag.py                           1           0  0.24s           2026-06-05T03:02:33                      10
================================================================================
[2026-06-05T03:03:13.467+0000] {manager.py:997} INFO - 
================================================================================
DAG File Processing Stats

File Path                                       PID    Runtime      # DAGs    # Errors  Last Runtime    Last Run               Last # of DB Queries
----------------------------------------------  -----  ---------  --------  ----------  --------------  -------------------  ----------------------
/opt/airflow/dags/train_model_lakehouse_dag.py                           1           0  0.32s           2026-06-05T03:03:03                      10
================================================================================
[2026-06-05T03:03:43.838+0000] {manager.py:997} INFO - 
================================================================================
DAG File Processing Stats

File Path                                       PID    Runtime      # DAGs    # Errors  Last Runtime    Last Run               Last # of DB Queries
----------------------------------------------  -----  ---------  --------  ----------  --------------  -------------------  ----------------------
/opt/airflow/dags/train_model_lakehouse_dag.py                           1           0  0.36s           2026-06-05T03:03:34                      10
================================================================================
[2026-06-05T03:04:14.353+0000] {manager.py:997} INFO - 
================================================================================
DAG File Processing Stats

File Path                                       PID    Runtime      # DAGs    # Errors  Last Runtime    Last Run               Last # of DB Queries
----------------------------------------------  -----  ---------  --------  ----------  --------------  -------------------  ----------------------
/opt/airflow/dags/train_model_lakehouse_dag.py                           1           0  0.37s           2026-06-05T03:04:04                      10
================================================================================
[2026-06-05T03:04:44.949+0000] {manager.py:997} INFO - 
================================================================================
DAG File Processing Stats

File Path                                       PID    Runtime      # DAGs    # Errors  Last Runtime    Last Run               Last # of DB Queries
----------------------------------------------  -----  ---------  --------  ----------  --------------  -------------------  ----------------------
/opt/airflow/dags/train_model_lakehouse_dag.py                           1           0  0.20s           2026-06-05T03:04:35                      10
================================================================================
[2026-06-05T03:05:14.332+0000] {manager.py:821} INFO - Searching for files in /opt/airflow/dags
[2026-06-05T03:05:14.334+0000] {manager.py:824} INFO - There are 1 files in /opt/airflow/dags
[2026-06-05T03:05:15.353+0000] {manager.py:997} INFO - 
================================================================================
DAG File Processing Stats

File Path                                       PID    Runtime      # DAGs    # Errors  Last Runtime    Last Run               Last # of DB Queries
----------------------------------------------  -----  ---------  --------  ----------  --------------  -------------------  ----------------------
/opt/airflow/dags/train_model_lakehouse_dag.py                           1           0  0.22s           2026-06-05T03:05:05                      10
================================================================================
[2026-06-05T03:05:45.640+0000] {manager.py:997} INFO - 
================================================================================
DAG File Processing Stats

File Path                                       PID    Runtime      # DAGs    # Errors  Last Runtime    Last Run               Last # of DB Queries
----------------------------------------------  -----  ---------  --------  ----------  --------------  -------------------  ----------------------
/opt/airflow/dags/train_model_lakehouse_dag.py                           1           0  0.29s           2026-06-05T03:05:35                      10
================================================================================
[2026-06-05T03:06:16.148+0000] {manager.py:997} INFO - 
================================================================================
DAG File Processing Stats

File Path                                       PID    Runtime      # DAGs    # Errors  Last Runtime    Last Run               Last # of DB Queries
----------------------------------------------  -----  ---------  --------  ----------  --------------  -------------------  ----------------------
/opt/airflow/dags/train_model_lakehouse_dag.py                           1           0  0.45s           2026-06-05T03:06:06                      10
================================================================================
[2026-06-05T03:06:46.564+0000] {manager.py:997} INFO - 
================================================================================
DAG File Processing Stats

File Path                                       PID    Runtime      # DAGs    # Errors  Last Runtime    Last Run               Last # of DB Queries
----------------------------------------------  -----  ---------  --------  ----------  --------------  -------------------  ----------------------
/opt/airflow/dags/train_model_lakehouse_dag.py                           1           0  0.36s           2026-06-05T03:06:36                      10
================================================================================
[2026-06-05T03:07:16.968+0000] {manager.py:997} INFO - 
================================================================================
DAG File Processing Stats

File Path                                       PID    Runtime      # DAGs    # Errors  Last Runtime    Last Run               Last # of DB Queries
----------------------------------------------  -----  ---------  --------  ----------  --------------  -------------------  ----------------------
/opt/airflow/dags/train_model_lakehouse_dag.py                           1           0  0.19s           2026-06-05T03:07:06                      10
================================================================================
[2026-06-05T03:07:47.279+0000] {manager.py:997} INFO - 
================================================================================
DAG File Processing Stats

File Path                                       PID    Runtime      # DAGs    # Errors  Last Runtime    Last Run               Last # of DB Queries
----------------------------------------------  -----  ---------  --------  ----------  --------------  -------------------  ----------------------
/opt/airflow/dags/train_model_lakehouse_dag.py                           1           0  0.32s           2026-06-05T03:07:37                      10
================================================================================
[2026-06-05T03:08:17.846+0000] {manager.py:997} INFO - 
================================================================================
DAG File Processing Stats

File Path                                       PID    Runtime      # DAGs    # Errors  Last Runtime    Last Run               Last # of DB Queries
----------------------------------------------  -----  ---------  --------  ----------  --------------  -------------------  ----------------------
/opt/airflow/dags/train_model_lakehouse_dag.py                           1           0  0.24s           2026-06-05T03:08:07                      10
================================================================================
[2026-06-05T03:08:48.322+0000] {manager.py:997} INFO - 
================================================================================
DAG File Processing Stats

File Path                                       PID    Runtime      # DAGs    # Errors  Last Runtime    Last Run               Last # of DB Queries
----------------------------------------------  -----  ---------  --------  ----------  --------------  -------------------  ----------------------
/opt/airflow/dags/train_model_lakehouse_dag.py                           1           0  0.25s           2026-06-05T03:08:38                      10
================================================================================
[2026-06-05T03:09:18.626+0000] {manager.py:997} INFO - 
================================================================================
DAG File Processing Stats

File Path                                       PID    Runtime      # DAGs    # Errors  Last Runtime    Last Run               Last # of DB Queries
----------------------------------------------  -----  ---------  --------  ----------  --------------  -------------------  ----------------------
/opt/airflow/dags/train_model_lakehouse_dag.py                           1           0  0.46s           2026-06-05T03:09:08                      10
================================================================================
[2026-06-05T03:09:49.344+0000] {manager.py:997} INFO - 
================================================================================
DAG File Processing Stats

File Path                                       PID    Runtime      # DAGs    # Errors  Last Runtime    Last Run               Last # of DB Queries
----------------------------------------------  -----  ---------  --------  ----------  --------------  -------------------  ----------------------
/opt/airflow/dags/train_model_lakehouse_dag.py                           1           0  0.21s           2026-06-05T03:09:39                      10
================================================================================
[2026-06-05T03:10:14.727+0000] {manager.py:821} INFO - Searching for files in /opt/airflow/dags
[2026-06-05T03:10:14.732+0000] {manager.py:824} INFO - There are 1 files in /opt/airflow/dags
[2026-06-05T03:10:19.814+0000] {manager.py:997} INFO - 
================================================================================
DAG File Processing Stats

File Path                                       PID    Runtime      # DAGs    # Errors  Last Runtime    Last Run               Last # of DB Queries
----------------------------------------------  -----  ---------  --------  ----------  --------------  -------------------  ----------------------
/opt/airflow/dags/train_model_lakehouse_dag.py                           1           0  0.28s           2026-06-05T03:10:09                      10
================================================================================
[2026-06-05T03:10:50.092+0000] {manager.py:997} INFO - 
================================================================================
DAG File Processing Stats

File Path                                       PID    Runtime      # DAGs    # Errors  Last Runtime    Last Run               Last # of DB Queries
----------------------------------------------  -----  ---------  --------  ----------  --------------  -------------------  ----------------------
/opt/airflow/dags/train_model_lakehouse_dag.py                           1           0  0.20s           2026-06-05T03:10:40                      10
================================================================================
[2026-06-05T03:11:20.513+0000] {manager.py:997} INFO - 
================================================================================
DAG File Processing Stats

File Path                                       PID    Runtime      # DAGs    # Errors  Last Runtime    Last Run               Last # of DB Queries
----------------------------------------------  -----  ---------  --------  ----------  --------------  -------------------  ----------------------
/opt/airflow/dags/train_model_lakehouse_dag.py                           1           0  0.32s           2026-06-05T03:11:10                      10
================================================================================
[2026-06-05T03:11:50.893+0000] {manager.py:997} INFO - 
================================================================================
DAG File Processing Stats

File Path                                       PID    Runtime      # DAGs    # Errors  Last Runtime    Last Run               Last # of DB Queries
----------------------------------------------  -----  ---------  --------  ----------  --------------  -------------------  ----------------------
/opt/airflow/dags/train_model_lakehouse_dag.py                           1           0  0.16s           2026-06-05T03:11:40                      10
================================================================================
[2026-06-05T03:12:21.185+0000] {manager.py:997} INFO - 
================================================================================
DAG File Processing Stats

File Path                                       PID    Runtime      # DAGs    # Errors  Last Runtime    Last Run               Last # of DB Queries
----------------------------------------------  -----  ---------  --------  ----------  --------------  -------------------  ----------------------
/opt/airflow/dags/train_model_lakehouse_dag.py                           1           0  0.33s           2026-06-05T03:12:11                      10
================================================================================
[2026-06-05T03:12:51.747+0000] {manager.py:997} INFO - 
================================================================================
DAG File Processing Stats

File Path                                       PID    Runtime      # DAGs    # Errors  Last Runtime    Last Run               Last # of DB Queries
----------------------------------------------  -----  ---------  --------  ----------  --------------  -------------------  ----------------------
/opt/airflow/dags/train_model_lakehouse_dag.py                           1           0  0.38s           2026-06-05T03:12:42                      10
================================================================================
[2026-06-05T03:13:22.332+0000] {manager.py:997} INFO - 
================================================================================
DAG File Processing Stats

File Path                                       PID    Runtime      # DAGs    # Errors  Last Runtime    Last Run               Last # of DB Queries
----------------------------------------------  -----  ---------  --------  ----------  --------------  -------------------  ----------------------
/opt/airflow/dags/train_model_lakehouse_dag.py                           1           0  0.18s           2026-06-05T03:13:12                      10
================================================================================
[2026-06-05T03:13:52.744+0000] {manager.py:997} INFO - 
================================================================================
DAG File Processing Stats

File Path                                       PID    Runtime      # DAGs    # Errors  Last Runtime    Last Run               Last # of DB Queries
----------------------------------------------  -----  ---------  --------  ----------  --------------  -------------------  ----------------------
/opt/airflow/dags/train_model_lakehouse_dag.py                           1           0  0.34s           2026-06-05T03:13:42                      10
================================================================================
[2026-06-05T03:14:23.164+0000] {manager.py:997} INFO - 
================================================================================
DAG File Processing Stats

File Path                                       PID    Runtime      # DAGs    # Errors  Last Runtime    Last Run               Last # of DB Queries
----------------------------------------------  -----  ---------  --------  ----------  --------------  -------------------  ----------------------
/opt/airflow/dags/train_model_lakehouse_dag.py                           1           0  0.23s           2026-06-05T03:14:13                      10
================================================================================
[2026-06-05T03:14:53.452+0000] {manager.py:997} INFO - 
================================================================================
DAG File Processing Stats

File Path                                       PID    Runtime      # DAGs    # Errors  Last Runtime    Last Run               Last # of DB Queries
----------------------------------------------  -----  ---------  --------  ----------  --------------  -------------------  ----------------------
/opt/airflow/dags/train_model_lakehouse_dag.py                           1           0  0.18s           2026-06-05T03:14:43                      10
================================================================================
[2026-06-05T03:15:14.844+0000] {manager.py:821} INFO - Searching for files in /opt/airflow/dags
[2026-06-05T03:15:14.846+0000] {manager.py:824} INFO - There are 1 files in /opt/airflow/dags
[2026-06-05T03:15:23.788+0000] {manager.py:997} INFO - 
================================================================================
DAG File Processing Stats

File Path                                       PID    Runtime      # DAGs    # Errors  Last Runtime    Last Run               Last # of DB Queries
----------------------------------------------  -----  ---------  --------  ----------  --------------  -------------------  ----------------------
/opt/airflow/dags/train_model_lakehouse_dag.py                           1           0  0.20s           2026-06-05T03:15:13                      10
================================================================================
[2026-06-05T03:15:54.194+0000] {manager.py:997} INFO - 
================================================================================
DAG File Processing Stats

File Path                                       PID    Runtime      # DAGs    # Errors  Last Runtime    Last Run               Last # of DB Queries
----------------------------------------------  -----  ---------  --------  ----------  --------------  -------------------  ----------------------
/opt/airflow/dags/train_model_lakehouse_dag.py                           1           0  0.30s           2026-06-05T03:15:44                      10
================================================================================
[2026-06-05T03:16:24.605+0000] {manager.py:997} INFO - 
================================================================================
DAG File Processing Stats

File Path                                       PID    Runtime      # DAGs    # Errors  Last Runtime    Last Run               Last # of DB Queries
----------------------------------------------  -----  ---------  --------  ----------  --------------  -------------------  ----------------------
/opt/airflow/dags/train_model_lakehouse_dag.py                           1           0  0.25s           2026-06-05T03:16:14                      10
================================================================================
[2026-06-05T03:16:54.953+0000] {manager.py:997} INFO - 
================================================================================
DAG File Processing Stats

File Path                                       PID    Runtime      # DAGs    # Errors  Last Runtime    Last Run               Last # of DB Queries
----------------------------------------------  -----  ---------  --------  ----------  --------------  -------------------  ----------------------
/opt/airflow/dags/train_model_lakehouse_dag.py                           1           0  0.34s           2026-06-05T03:16:45                      10
================================================================================
[2026-06-05T03:17:25.184+0000] {manager.py:997} INFO - 
================================================================================
DAG File Processing Stats

File Path                                       PID    Runtime      # DAGs    # Errors  Last Runtime    Last Run               Last # of DB Queries
----------------------------------------------  -----  ---------  --------  ----------  --------------  -------------------  ----------------------
/opt/airflow/dags/train_model_lakehouse_dag.py                           1           0  0.16s           2026-06-05T03:17:15                      10
================================================================================
[2026-06-05T03:17:55.546+0000] {manager.py:997} INFO - 
================================================================================
DAG File Processing Stats

File Path                                       PID    Runtime      # DAGs    # Errors  Last Runtime    Last Run               Last # of DB Queries
----------------------------------------------  -----  ---------  --------  ----------  --------------  -------------------  ----------------------
/opt/airflow/dags/train_model_lakehouse_dag.py                           1           0  0.26s           2026-06-05T03:17:45                      10
================================================================================
[2026-06-05T03:18:25.950+0000] {manager.py:997} INFO - 
================================================================================
DAG File Processing Stats

File Path                                       PID    Runtime      # DAGs    # Errors  Last Runtime    Last Run               Last # of DB Queries
----------------------------------------------  -----  ---------  --------  ----------  --------------  -------------------  ----------------------
/opt/airflow/dags/train_model_lakehouse_dag.py                           1           0  0.36s           2026-06-05T03:18:16                      10
================================================================================
[2026-06-05T03:18:56.406+0000] {manager.py:997} INFO - 
================================================================================
DAG File Processing Stats

File Path                                       PID    Runtime      # DAGs    # Errors  Last Runtime    Last Run               Last # of DB Queries
----------------------------------------------  -----  ---------  --------  ----------  --------------  -------------------  ----------------------
/opt/airflow/dags/train_model_lakehouse_dag.py                           1           0  0.34s           2026-06-05T03:18:46                      10
================================================================================
[2026-06-05T03:19:27.026+0000] {manager.py:997} INFO - 
================================================================================
DAG File Processing Stats

File Path                                       PID    Runtime      # DAGs    # Errors  Last Runtime    Last Run               Last # of DB Queries
----------------------------------------------  -----  ---------  --------  ----------  --------------  -------------------  ----------------------
/opt/airflow/dags/train_model_lakehouse_dag.py                           1           0  0.23s           2026-06-05T03:19:17                      10
================================================================================
[2026-06-05T03:19:57.526+0000] {manager.py:997} INFO - 
================================================================================
DAG File Processing Stats

File Path                                       PID    Runtime      # DAGs    # Errors  Last Runtime    Last Run               Last # of DB Queries
----------------------------------------------  -----  ---------  --------  ----------  --------------  -------------------  ----------------------
/opt/airflow/dags/train_model_lakehouse_dag.py                           1           0  0.29s           2026-06-05T03:19:47                      10
================================================================================
[2026-06-05T03:20:15.682+0000] {manager.py:821} INFO - Searching for files in /opt/airflow/dags
[2026-06-05T03:20:15.686+0000] {manager.py:824} INFO - There are 1 files in /opt/airflow/dags
[2026-06-05T03:20:27.859+0000] {manager.py:997} INFO - 
================================================================================
DAG File Processing Stats

File Path                                       PID    Runtime      # DAGs    # Errors  Last Runtime    Last Run               Last # of DB Queries
----------------------------------------------  -----  ---------  --------  ----------  --------------  -------------------  ----------------------
/opt/airflow/dags/train_model_lakehouse_dag.py                           1           0  0.16s           2026-06-05T03:20:17                      10
================================================================================
[2026-06-05T03:20:58.238+0000] {manager.py:997} INFO - 
================================================================================
DAG File Processing Stats

File Path                                       PID    Runtime      # DAGs    # Errors  Last Runtime    Last Run               Last # of DB Queries
----------------------------------------------  -----  ---------  --------  ----------  --------------  -------------------  ----------------------
/opt/airflow/dags/train_model_lakehouse_dag.py                           1           0  0.17s           2026-06-05T03:20:48                      10
================================================================================
[2026-06-05T03:21:28.515+0000] {manager.py:997} INFO - 
================================================================================
DAG File Processing Stats

File Path                                       PID    Runtime      # DAGs    # Errors  Last Runtime    Last Run               Last # of DB Queries
----------------------------------------------  -----  ---------  --------  ----------  --------------  -------------------  ----------------------
/opt/airflow/dags/train_model_lakehouse_dag.py                           1           0  0.19s           2026-06-05T03:21:18                      10
================================================================================
[2026-06-05T03:21:58.797+0000] {manager.py:997} INFO - 
================================================================================
DAG File Processing Stats

File Path                                       PID    Runtime      # DAGs    # Errors  Last Runtime    Last Run               Last # of DB Queries
----------------------------------------------  -----  ---------  --------  ----------  --------------  -------------------  ----------------------
/opt/airflow/dags/train_model_lakehouse_dag.py                           1           0  0.22s           2026-06-05T03:21:48                      10
================================================================================
[2026-06-05T03:22:29.031+0000] {manager.py:997} INFO - 
================================================================================
DAG File Processing Stats

File Path                                       PID    Runtime      # DAGs    # Errors  Last Runtime    Last Run               Last # of DB Queries
----------------------------------------------  -----  ---------  --------  ----------  --------------  -------------------  ----------------------
/opt/airflow/dags/train_model_lakehouse_dag.py                           1           0  0.16s           2026-06-05T03:22:19                      10
================================================================================
[2026-06-05T03:22:59.395+0000] {manager.py:997} INFO - 
================================================================================
DAG File Processing Stats

File Path                                       PID    Runtime      # DAGs    # Errors  Last Runtime    Last Run               Last # of DB Queries
----------------------------------------------  -----  ---------  --------  ----------  --------------  -------------------  ----------------------
/opt/airflow/dags/train_model_lakehouse_dag.py                           1           0  0.33s           2026-06-05T03:22:49                      10
================================================================================
[2026-06-05T03:23:29.896+0000] {manager.py:997} INFO - 
================================================================================
DAG File Processing Stats

File Path                                       PID    Runtime      # DAGs    # Errors  Last Runtime    Last Run               Last # of DB Queries
----------------------------------------------  -----  ---------  --------  ----------  --------------  -------------------  ----------------------
/opt/airflow/dags/train_model_lakehouse_dag.py                           1           0  0.26s           2026-06-05T03:23:19                      10
================================================================================
[2026-06-05T03:24:00.206+0000] {manager.py:997} INFO - 
================================================================================
DAG File Processing Stats

File Path                                       PID    Runtime      # DAGs    # Errors  Last Runtime    Last Run               Last # of DB Queries
----------------------------------------------  -----  ---------  --------  ----------  --------------  -------------------  ----------------------
/opt/airflow/dags/train_model_lakehouse_dag.py                           1           0  0.29s           2026-06-05T03:23:50                      10
================================================================================
[2026-06-05T03:24:30.626+0000] {manager.py:997} INFO - 
================================================================================
DAG File Processing Stats

File Path                                       PID    Runtime      # DAGs    # Errors  Last Runtime    Last Run               Last # of DB Queries
----------------------------------------------  -----  ---------  --------  ----------  --------------  -------------------  ----------------------
/opt/airflow/dags/train_model_lakehouse_dag.py                           1           0  0.16s           2026-06-05T03:24:20                      10
================================================================================
[2026-06-05T03:25:00.907+0000] {manager.py:997} INFO - 
================================================================================
DAG File Processing Stats

File Path                                       PID    Runtime      # DAGs    # Errors  Last Runtime    Last Run               Last # of DB Queries
----------------------------------------------  -----  ---------  --------  ----------  --------------  -------------------  ----------------------
/opt/airflow/dags/train_model_lakehouse_dag.py                           1           0  0.12s           2026-06-05T03:24:50                      10
================================================================================
[2026-06-05T03:25:16.033+0000] {manager.py:821} INFO - Searching for files in /opt/airflow/dags
[2026-06-05T03:25:16.038+0000] {manager.py:824} INFO - There are 1 files in /opt/airflow/dags
[2026-06-05T03:25:31.290+0000] {manager.py:997} INFO - 
================================================================================
DAG File Processing Stats

File Path                                       PID    Runtime      # DAGs    # Errors  Last Runtime    Last Run               Last # of DB Queries
----------------------------------------------  -----  ---------  --------  ----------  --------------  -------------------  ----------------------
/opt/airflow/dags/train_model_lakehouse_dag.py                           1           0  0.35s           2026-06-05T03:25:21                      10
================================================================================
[2026-06-05T03:26:01.820+0000] {manager.py:997} INFO - 
================================================================================
DAG File Processing Stats

File Path                                       PID    Runtime      # DAGs    # Errors  Last Runtime    Last Run               Last # of DB Queries
----------------------------------------------  -----  ---------  --------  ----------  --------------  -------------------  ----------------------
/opt/airflow/dags/train_model_lakehouse_dag.py                           1           0  0.27s           2026-06-05T03:25:51                      10
================================================================================
[2026-06-05T03:26:32.073+0000] {manager.py:997} INFO - 
================================================================================
DAG File Processing Stats

File Path                                       PID    Runtime      # DAGs    # Errors  Last Runtime    Last Run               Last # of DB Queries
----------------------------------------------  -----  ---------  --------  ----------  --------------  -------------------  ----------------------
/opt/airflow/dags/train_model_lakehouse_dag.py                           1           0  0.18s           2026-06-05T03:26:22                      10
================================================================================
[2026-06-05T03:27:02.447+0000] {manager.py:997} INFO - 
================================================================================
DAG File Processing Stats

File Path                                       PID    Runtime      # DAGs    # Errors  Last Runtime    Last Run               Last # of DB Queries
----------------------------------------------  -----  ---------  --------  ----------  --------------  -------------------  ----------------------
/opt/airflow/dags/train_model_lakehouse_dag.py                           1           0  0.22s           2026-06-05T03:26:52                      10
================================================================================
[2026-06-05T03:27:32.792+0000] {manager.py:997} INFO - 
================================================================================
DAG File Processing Stats

File Path                                       PID    Runtime      # DAGs    # Errors  Last Runtime    Last Run               Last # of DB Queries
----------------------------------------------  -----  ---------  --------  ----------  --------------  -------------------  ----------------------
/opt/airflow/dags/train_model_lakehouse_dag.py                           1           0  0.32s           2026-06-05T03:27:22                      10
================================================================================
[2026-06-05T03:28:03.306+0000] {manager.py:997} INFO - 
================================================================================
DAG File Processing Stats

File Path                                       PID    Runtime      # DAGs    # Errors  Last Runtime    Last Run               Last # of DB Queries
----------------------------------------------  -----  ---------  --------  ----------  --------------  -------------------  ----------------------
/opt/airflow/dags/train_model_lakehouse_dag.py                           1           0  0.28s           2026-06-05T03:27:53                      10
================================================================================
[2026-06-05T03:28:33.643+0000] {manager.py:997} INFO - 
================================================================================
DAG File Processing Stats

File Path                                       PID    Runtime      # DAGs    # Errors  Last Runtime    Last Run               Last # of DB Queries
----------------------------------------------  -----  ---------  --------  ----------  --------------  -------------------  ----------------------
/opt/airflow/dags/train_model_lakehouse_dag.py                           1           0  0.24s           2026-06-05T03:28:23                      10
================================================================================
[2026-06-05T03:29:04.050+0000] {manager.py:997} INFO - 
================================================================================
DAG File Processing Stats

File Path                                       PID    Runtime      # DAGs    # Errors  Last Runtime    Last Run               Last # of DB Queries
----------------------------------------------  -----  ---------  --------  ----------  --------------  -------------------  ----------------------
/opt/airflow/dags/train_model_lakehouse_dag.py                           1           0  0.20s           2026-06-05T03:28:53                      10
================================================================================
[2026-06-05T03:29:34.353+0000] {manager.py:997} INFO - 
================================================================================
DAG File Processing Stats

File Path                                       PID    Runtime      # DAGs    # Errors  Last Runtime    Last Run               Last # of DB Queries
----------------------------------------------  -----  ---------  --------  ----------  --------------  -------------------  ----------------------
/opt/airflow/dags/train_model_lakehouse_dag.py                           1           0  0.32s           2026-06-05T03:29:24                      10
================================================================================
[2026-06-05T03:30:04.905+0000] {manager.py:997} INFO - 
================================================================================
DAG File Processing Stats

File Path                                       PID    Runtime      # DAGs    # Errors  Last Runtime    Last Run               Last # of DB Queries
----------------------------------------------  -----  ---------  --------  ----------  --------------  -------------------  ----------------------
/opt/airflow/dags/train_model_lakehouse_dag.py                           1           0  0.34s           2026-06-05T03:29:55                      10
================================================================================
[2026-06-05T03:30:16.312+0000] {manager.py:821} INFO - Searching for files in /opt/airflow/dags
[2026-06-05T03:30:16.316+0000] {manager.py:824} INFO - There are 1 files in /opt/airflow/dags
[2026-06-05T03:30:35.516+0000] {manager.py:997} INFO - 
================================================================================
DAG File Processing Stats

File Path                                       PID    Runtime      # DAGs    # Errors  Last Runtime    Last Run               Last # of DB Queries
----------------------------------------------  -----  ---------  --------  ----------  --------------  -------------------  ----------------------
/opt/airflow/dags/train_model_lakehouse_dag.py                           1           0  0.23s           2026-06-05T03:30:25                      10
================================================================================
[2026-06-05T03:31:05.997+0000] {manager.py:997} INFO - 
================================================================================
DAG File Processing Stats

File Path                                       PID    Runtime      # DAGs    # Errors  Last Runtime    Last Run               Last # of DB Queries
----------------------------------------------  -----  ---------  --------  ----------  --------------  -------------------  ----------------------
/opt/airflow/dags/train_model_lakehouse_dag.py                           1           0  0.22s           2026-06-05T03:30:55                      10
================================================================================
[2026-06-05T03:31:36.286+0000] {manager.py:997} INFO - 
================================================================================
DAG File Processing Stats

File Path                                       PID    Runtime      # DAGs    # Errors  Last Runtime    Last Run               Last # of DB Queries
----------------------------------------------  -----  ---------  --------  ----------  --------------  -------------------  ----------------------
/opt/airflow/dags/train_model_lakehouse_dag.py                           1           0  0.20s           2026-06-05T03:31:26                      10
================================================================================
[2026-06-05T03:32:06.691+0000] {manager.py:997} INFO - 
================================================================================
DAG File Processing Stats

File Path                                       PID    Runtime      # DAGs    # Errors  Last Runtime    Last Run               Last # of DB Queries
----------------------------------------------  -----  ---------  --------  ----------  --------------  -------------------  ----------------------
/opt/airflow/dags/train_model_lakehouse_dag.py                           1           0  0.20s           2026-06-05T03:31:56                      10
================================================================================
[2026-06-05T03:32:37.009+0000] {manager.py:997} INFO - 
================================================================================
DAG File Processing Stats

File Path                                       PID    Runtime      # DAGs    # Errors  Last Runtime    Last Run               Last # of DB Queries
----------------------------------------------  -----  ---------  --------  ----------  --------------  -------------------  ----------------------
/opt/airflow/dags/train_model_lakehouse_dag.py                           1           0  0.34s           2026-06-05T03:32:27                      10
================================================================================
[2026-06-05T03:33:07.565+0000] {manager.py:997} INFO - 
================================================================================
DAG File Processing Stats

File Path                                       PID    Runtime      # DAGs    # Errors  Last Runtime    Last Run               Last # of DB Queries
----------------------------------------------  -----  ---------  --------  ----------  --------------  -------------------  ----------------------
/opt/airflow/dags/train_model_lakehouse_dag.py                           1           0  0.20s           2026-06-05T03:32:57                      10
================================================================================
[2026-06-05T03:33:38.001+0000] {manager.py:997} INFO - 
================================================================================
DAG File Processing Stats

File Path                                       PID    Runtime      # DAGs    # Errors  Last Runtime    Last Run               Last # of DB Queries
----------------------------------------------  -----  ---------  --------  ----------  --------------  -------------------  ----------------------
/opt/airflow/dags/train_model_lakehouse_dag.py                           1           0  0.24s           2026-06-05T03:33:27                      10
================================================================================
[2026-06-05T03:34:08.313+0000] {manager.py:997} INFO - 
================================================================================
DAG File Processing Stats

File Path                                       PID    Runtime      # DAGs    # Errors  Last Runtime    Last Run               Last # of DB Queries
----------------------------------------------  -----  ---------  --------  ----------  --------------  -------------------  ----------------------
/opt/airflow/dags/train_model_lakehouse_dag.py                           1           0  0.34s           2026-06-05T03:33:58                      10
================================================================================
[2026-06-05T03:34:38.840+0000] {manager.py:997} INFO - 
================================================================================
DAG File Processing Stats

File Path                                       PID    Runtime      # DAGs    # Errors  Last Runtime    Last Run               Last # of DB Queries
----------------------------------------------  -----  ---------  --------  ----------  --------------  -------------------  ----------------------
/opt/airflow/dags/train_model_lakehouse_dag.py                           1           0  0.16s           2026-06-05T03:34:28                      10
================================================================================
[2026-06-05T03:35:09.254+0000] {manager.py:997} INFO - 
================================================================================
DAG File Processing Stats

File Path                                       PID    Runtime      # DAGs    # Errors  Last Runtime    Last Run               Last # of DB Queries
----------------------------------------------  -----  ---------  --------  ----------  --------------  -------------------  ----------------------
/opt/airflow/dags/train_model_lakehouse_dag.py                           1           0  0.32s           2026-06-05T03:34:59                      10
================================================================================
[2026-06-05T03:35:16.487+0000] {manager.py:821} INFO - Searching for files in /opt/airflow/dags
[2026-06-05T03:35:16.490+0000] {manager.py:824} INFO - There are 1 files in /opt/airflow/dags
[2026-06-05T03:35:39.689+0000] {manager.py:997} INFO - 
================================================================================
DAG File Processing Stats

File Path                                       PID    Runtime      # DAGs    # Errors  Last Runtime    Last Run               Last # of DB Queries
----------------------------------------------  -----  ---------  --------  ----------  --------------  -------------------  ----------------------
/opt/airflow/dags/train_model_lakehouse_dag.py                           1           0  0.26s           2026-06-05T03:35:29                      10
================================================================================
[2026-06-05T03:36:10.007+0000] {manager.py:997} INFO - 
================================================================================
DAG File Processing Stats

File Path                                       PID    Runtime      # DAGs    # Errors  Last Runtime    Last Run               Last # of DB Queries
----------------------------------------------  -----  ---------  --------  ----------  --------------  -------------------  ----------------------
/opt/airflow/dags/train_model_lakehouse_dag.py                           1           0  0.37s           2026-06-05T03:36:00                      10
================================================================================
[2026-06-05T03:36:40.603+0000] {manager.py:997} INFO - 
================================================================================
DAG File Processing Stats

File Path                                       PID    Runtime      # DAGs    # Errors  Last Runtime    Last Run               Last # of DB Queries
----------------------------------------------  -----  ---------  --------  ----------  --------------  -------------------  ----------------------
/opt/airflow/dags/train_model_lakehouse_dag.py                           1           0  0.34s           2026-06-05T03:36:30                      10
================================================================================
[2026-06-05T03:37:11.218+0000] {manager.py:997} INFO - 
================================================================================
DAG File Processing Stats

File Path                                       PID    Runtime      # DAGs    # Errors  Last Runtime    Last Run               Last # of DB Queries
----------------------------------------------  -----  ---------  --------  ----------  --------------  -------------------  ----------------------
/opt/airflow/dags/train_model_lakehouse_dag.py                           1           0  0.30s           2026-06-05T03:37:01                      10
================================================================================
[2026-06-05T03:37:41.803+0000] {manager.py:997} INFO - 
================================================================================
DAG File Processing Stats

File Path                                       PID    Runtime      # DAGs    # Errors  Last Runtime    Last Run               Last # of DB Queries
----------------------------------------------  -----  ---------  --------  ----------  --------------  -------------------  ----------------------
/opt/airflow/dags/train_model_lakehouse_dag.py                           1           0  0.35s           2026-06-05T03:37:32                      10
================================================================================
[2026-06-05T03:38:12.438+0000] {manager.py:997} INFO - 
================================================================================
DAG File Processing Stats

File Path                                       PID    Runtime      # DAGs    # Errors  Last Runtime    Last Run               Last # of DB Queries
----------------------------------------------  -----  ---------  --------  ----------  --------------  -------------------  ----------------------
/opt/airflow/dags/train_model_lakehouse_dag.py                           1           0  0.23s           2026-06-05T03:38:02                      10
================================================================================
[2026-06-05T03:38:42.903+0000] {manager.py:997} INFO - 
================================================================================
DAG File Processing Stats

File Path                                       PID    Runtime      # DAGs    # Errors  Last Runtime    Last Run               Last # of DB Queries
----------------------------------------------  -----  ---------  --------  ----------  --------------  -------------------  ----------------------
/opt/airflow/dags/train_model_lakehouse_dag.py                           1           0  0.26s           2026-06-05T03:38:32                      10
================================================================================
[2026-06-05T03:39:13.206+0000] {manager.py:997} INFO - 
================================================================================
DAG File Processing Stats

File Path                                       PID    Runtime      # DAGs    # Errors  Last Runtime    Last Run               Last # of DB Queries
----------------------------------------------  -----  ---------  --------  ----------  --------------  -------------------  ----------------------
/opt/airflow/dags/train_model_lakehouse_dag.py                           1           0  0.18s           2026-06-05T03:39:03                      10
================================================================================
[2026-06-05T03:39:43.626+0000] {manager.py:997} INFO - 
================================================================================
DAG File Processing Stats

File Path                                       PID    Runtime      # DAGs    # Errors  Last Runtime    Last Run               Last # of DB Queries
----------------------------------------------  -----  ---------  --------  ----------  --------------  -------------------  ----------------------
/opt/airflow/dags/train_model_lakehouse_dag.py                           1           0  0.29s           2026-06-05T03:39:33                      10
================================================================================
[2026-06-05T03:40:14.032+0000] {manager.py:997} INFO - 
================================================================================
DAG File Processing Stats

File Path                                       PID    Runtime      # DAGs    # Errors  Last Runtime    Last Run               Last # of DB Queries
----------------------------------------------  -----  ---------  --------  ----------  --------------  -------------------  ----------------------
/opt/airflow/dags/train_model_lakehouse_dag.py                           1           0  0.35s           2026-06-05T03:40:04                      10
================================================================================
[2026-06-05T03:40:17.058+0000] {manager.py:821} INFO - Searching for files in /opt/airflow/dags
[2026-06-05T03:40:17.061+0000] {manager.py:824} INFO - There are 1 files in /opt/airflow/dags
[2026-06-05T03:40:44.470+0000] {manager.py:997} INFO - 
================================================================================
DAG File Processing Stats

File Path                                       PID    Runtime      # DAGs    # Errors  Last Runtime    Last Run               Last # of DB Queries
----------------------------------------------  -----  ---------  --------  ----------  --------------  -------------------  ----------------------
/opt/airflow/dags/train_model_lakehouse_dag.py                           1           0  0.36s           2026-06-05T03:40:34                      10
================================================================================
[2026-06-05T03:41:14.934+0000] {manager.py:997} INFO - 
================================================================================
DAG File Processing Stats

File Path                                       PID    Runtime      # DAGs    # Errors  Last Runtime    Last Run               Last # of DB Queries
----------------------------------------------  -----  ---------  --------  ----------  --------------  -------------------  ----------------------
/opt/airflow/dags/train_model_lakehouse_dag.py                           1           0  0.36s           2026-06-05T03:41:05                      10
================================================================================
[2026-06-05T03:41:45.372+0000] {manager.py:997} INFO - 
================================================================================
DAG File Processing Stats

File Path                                       PID    Runtime      # DAGs    # Errors  Last Runtime    Last Run               Last # of DB Queries
----------------------------------------------  -----  ---------  --------  ----------  --------------  -------------------  ----------------------
/opt/airflow/dags/train_model_lakehouse_dag.py                           1           0  0.41s           2026-06-05T03:41:35                      10
================================================================================
[2026-06-05T03:42:15.902+0000] {manager.py:997} INFO - 
================================================================================
DAG File Processing Stats

File Path                                       PID    Runtime      # DAGs    # Errors  Last Runtime    Last Run               Last # of DB Queries
----------------------------------------------  -----  ---------  --------  ----------  --------------  -------------------  ----------------------
/opt/airflow/dags/train_model_lakehouse_dag.py                           1           0  0.30s           2026-06-05T03:42:05                      10
================================================================================
[2026-06-05T03:42:46.210+0000] {manager.py:997} INFO - 
================================================================================
DAG File Processing Stats

File Path                                       PID    Runtime      # DAGs    # Errors  Last Runtime    Last Run               Last # of DB Queries
----------------------------------------------  -----  ---------  --------  ----------  --------------  -------------------  ----------------------
/opt/airflow/dags/train_model_lakehouse_dag.py                           1           0  0.16s           2026-06-05T03:42:36                      10
================================================================================
[2026-06-05T03:43:16.592+0000] {manager.py:997} INFO - 
================================================================================
DAG File Processing Stats

File Path                                       PID    Runtime      # DAGs    # Errors  Last Runtime    Last Run               Last # of DB Queries
----------------------------------------------  -----  ---------  --------  ----------  --------------  -------------------  ----------------------
/opt/airflow/dags/train_model_lakehouse_dag.py                           1           0  0.32s           2026-06-05T03:43:06                      10
================================================================================
[2026-06-05T03:43:39.799+0000] {manager.py:465} INFO - Exiting gracefully upon receiving signal 15
