[2026-06-05T02:01:44.882+0000] {processor.py:186} INFO - Started process (PID=166) to work on /opt/airflow/dags/train_model_lakehouse_dag.py
[2026-06-05T02:01:44.882+0000] {processor.py:914} INFO - Processing file /opt/airflow/dags/train_model_lakehouse_dag.py for tasks to queue
[2026-06-05T02:01:44.885+0000] {logging_mixin.py:190} INFO - [2026-06-05T02:01:44.885+0000] {dagbag.py:588} INFO - Filling up the DagBag from /opt/airflow/dags/train_model_lakehouse_dag.py
[2026-06-05T02:01:44.928+0000] {processor.py:925} INFO - DAG(s) 'train_model_lakehouse' retrieved from /opt/airflow/dags/train_model_lakehouse_dag.py
[2026-06-05T02:01:45.265+0000] {logging_mixin.py:190} INFO - [2026-06-05T02:01:45.264+0000] {override.py:1911} INFO - Created Permission View: can read on DAG:train_model_lakehouse
[2026-06-05T02:01:45.275+0000] {logging_mixin.py:190} INFO - [2026-06-05T02:01:45.275+0000] {override.py:1911} INFO - Created Permission View: can delete on DAG:train_model_lakehouse
[2026-06-05T02:01:45.282+0000] {logging_mixin.py:190} INFO - [2026-06-05T02:01:45.282+0000] {override.py:1911} INFO - Created Permission View: can edit on DAG:train_model_lakehouse
[2026-06-05T02:01:45.290+0000] {logging_mixin.py:190} INFO - [2026-06-05T02:01:45.289+0000] {override.py:1911} INFO - Created Permission View: can read on DAG Run:train_model_lakehouse
[2026-06-05T02:01:45.297+0000] {logging_mixin.py:190} INFO - [2026-06-05T02:01:45.297+0000] {override.py:1911} INFO - Created Permission View: can create on DAG Run:train_model_lakehouse
[2026-06-05T02:01:45.303+0000] {logging_mixin.py:190} INFO - [2026-06-05T02:01:45.303+0000] {override.py:1911} INFO - Created Permission View: can delete on DAG Run:train_model_lakehouse
[2026-06-05T02:01:45.311+0000] {logging_mixin.py:190} INFO - [2026-06-05T02:01:45.310+0000] {override.py:1911} INFO - Created Permission View: menu access on DAG Run:train_model_lakehouse
[2026-06-05T02:01:45.311+0000] {logging_mixin.py:190} INFO - [2026-06-05T02:01:45.311+0000] {dag.py:3239} INFO - Sync 1 DAGs
[2026-06-05T02:01:45.325+0000] {logging_mixin.py:190} INFO - [2026-06-05T02:01:45.325+0000] {dag.py:3262} INFO - Creating ORM DAG for train_model_lakehouse
[2026-06-05T02:01:45.325+0000] {logging_mixin.py:190} INFO - [2026-06-05T02:01:45.325+0000] {dag.py:4180} INFO - Setting next_dagrun for train_model_lakehouse to None, run_after=None
[2026-06-05T02:01:45.343+0000] {processor.py:208} INFO - Processing /opt/airflow/dags/train_model_lakehouse_dag.py took 0.468 seconds
[2026-06-05T02:02:15.609+0000] {processor.py:186} INFO - Started process (PID=171) to work on /opt/airflow/dags/train_model_lakehouse_dag.py
[2026-06-05T02:02:15.610+0000] {processor.py:914} INFO - Processing file /opt/airflow/dags/train_model_lakehouse_dag.py for tasks to queue
[2026-06-05T02:02:15.613+0000] {logging_mixin.py:190} INFO - [2026-06-05T02:02:15.612+0000] {dagbag.py:588} INFO - Filling up the DagBag from /opt/airflow/dags/train_model_lakehouse_dag.py
[2026-06-05T02:02:15.625+0000] {processor.py:925} INFO - DAG(s) 'train_model_lakehouse' retrieved from /opt/airflow/dags/train_model_lakehouse_dag.py
[2026-06-05T02:02:15.662+0000] {logging_mixin.py:190} INFO - [2026-06-05T02:02:15.662+0000] {dag.py:3239} INFO - Sync 1 DAGs
[2026-06-05T02:02:15.678+0000] {logging_mixin.py:190} INFO - [2026-06-05T02:02:15.678+0000] {dag.py:4180} INFO - Setting next_dagrun for train_model_lakehouse to None, run_after=None
[2026-06-05T02:02:15.698+0000] {processor.py:208} INFO - Processing /opt/airflow/dags/train_model_lakehouse_dag.py took 0.096 seconds
[2026-06-05T02:02:32.793+0000] {processor.py:186} INFO - Started process (PID=176) to work on /opt/airflow/dags/train_model_lakehouse_dag.py
[2026-06-05T02:02:32.796+0000] {processor.py:914} INFO - Processing file /opt/airflow/dags/train_model_lakehouse_dag.py for tasks to queue
[2026-06-05T02:02:32.808+0000] {logging_mixin.py:190} INFO - [2026-06-05T02:02:32.806+0000] {dagbag.py:588} INFO - Filling up the DagBag from /opt/airflow/dags/train_model_lakehouse_dag.py
[2026-06-05T02:02:32.855+0000] {processor.py:925} INFO - DAG(s) 'train_model_lakehouse' retrieved from /opt/airflow/dags/train_model_lakehouse_dag.py
[2026-06-05T02:02:33.086+0000] {logging_mixin.py:190} INFO - [2026-06-05T02:02:33.086+0000] {dag.py:3239} INFO - Sync 1 DAGs
[2026-06-05T02:02:33.099+0000] {logging_mixin.py:190} INFO - [2026-06-05T02:02:33.099+0000] {dag.py:4180} INFO - Setting next_dagrun for train_model_lakehouse to None, run_after=None
[2026-06-05T02:02:33.125+0000] {processor.py:208} INFO - Processing /opt/airflow/dags/train_model_lakehouse_dag.py took 0.361 seconds
[2026-06-05T02:03:03.436+0000] {processor.py:186} INFO - Started process (PID=207) to work on /opt/airflow/dags/train_model_lakehouse_dag.py
[2026-06-05T02:03:03.437+0000] {processor.py:914} INFO - Processing file /opt/airflow/dags/train_model_lakehouse_dag.py for tasks to queue
[2026-06-05T02:03:03.441+0000] {logging_mixin.py:190} INFO - [2026-06-05T02:03:03.441+0000] {dagbag.py:588} INFO - Filling up the DagBag from /opt/airflow/dags/train_model_lakehouse_dag.py
[2026-06-05T02:03:03.458+0000] {processor.py:925} INFO - DAG(s) 'train_model_lakehouse' retrieved from /opt/airflow/dags/train_model_lakehouse_dag.py
[2026-06-05T02:03:03.500+0000] {logging_mixin.py:190} INFO - [2026-06-05T02:03:03.499+0000] {dag.py:3239} INFO - Sync 1 DAGs
[2026-06-05T02:03:03.518+0000] {logging_mixin.py:190} INFO - [2026-06-05T02:03:03.518+0000] {dag.py:4180} INFO - Setting next_dagrun for train_model_lakehouse to None, run_after=None
[2026-06-05T02:03:03.548+0000] {processor.py:208} INFO - Processing /opt/airflow/dags/train_model_lakehouse_dag.py took 0.121 seconds
[2026-06-05T02:03:33.679+0000] {processor.py:186} INFO - Started process (PID=235) to work on /opt/airflow/dags/train_model_lakehouse_dag.py
[2026-06-05T02:03:33.680+0000] {processor.py:914} INFO - Processing file /opt/airflow/dags/train_model_lakehouse_dag.py for tasks to queue
[2026-06-05T02:03:33.684+0000] {logging_mixin.py:190} INFO - [2026-06-05T02:03:33.683+0000] {dagbag.py:588} INFO - Filling up the DagBag from /opt/airflow/dags/train_model_lakehouse_dag.py
[2026-06-05T02:03:33.702+0000] {processor.py:925} INFO - DAG(s) 'train_model_lakehouse' retrieved from /opt/airflow/dags/train_model_lakehouse_dag.py
[2026-06-05T02:03:33.735+0000] {logging_mixin.py:190} INFO - [2026-06-05T02:03:33.735+0000] {dag.py:3239} INFO - Sync 1 DAGs
[2026-06-05T02:03:33.750+0000] {logging_mixin.py:190} INFO - [2026-06-05T02:03:33.750+0000] {dag.py:4180} INFO - Setting next_dagrun for train_model_lakehouse to None, run_after=None
[2026-06-05T02:03:33.770+0000] {processor.py:208} INFO - Processing /opt/airflow/dags/train_model_lakehouse_dag.py took 0.101 seconds
[2026-06-05T02:04:04.005+0000] {processor.py:186} INFO - Started process (PID=240) to work on /opt/airflow/dags/train_model_lakehouse_dag.py
[2026-06-05T02:04:04.006+0000] {processor.py:914} INFO - Processing file /opt/airflow/dags/train_model_lakehouse_dag.py for tasks to queue
[2026-06-05T02:04:04.010+0000] {logging_mixin.py:190} INFO - [2026-06-05T02:04:04.010+0000] {dagbag.py:588} INFO - Filling up the DagBag from /opt/airflow/dags/train_model_lakehouse_dag.py
[2026-06-05T02:04:04.024+0000] {processor.py:925} INFO - DAG(s) 'train_model_lakehouse' retrieved from /opt/airflow/dags/train_model_lakehouse_dag.py
[2026-06-05T02:04:04.061+0000] {logging_mixin.py:190} INFO - [2026-06-05T02:04:04.061+0000] {dag.py:3239} INFO - Sync 1 DAGs
[2026-06-05T02:04:04.078+0000] {logging_mixin.py:190} INFO - [2026-06-05T02:04:04.078+0000] {dag.py:4180} INFO - Setting next_dagrun for train_model_lakehouse to None, run_after=None
[2026-06-05T02:04:04.099+0000] {processor.py:208} INFO - Processing /opt/airflow/dags/train_model_lakehouse_dag.py took 0.116 seconds
[2026-06-05T02:04:34.334+0000] {processor.py:186} INFO - Started process (PID=245) to work on /opt/airflow/dags/train_model_lakehouse_dag.py
[2026-06-05T02:04:34.336+0000] {processor.py:914} INFO - Processing file /opt/airflow/dags/train_model_lakehouse_dag.py for tasks to queue
[2026-06-05T02:04:34.342+0000] {logging_mixin.py:190} INFO - [2026-06-05T02:04:34.342+0000] {dagbag.py:588} INFO - Filling up the DagBag from /opt/airflow/dags/train_model_lakehouse_dag.py
[2026-06-05T02:04:34.359+0000] {processor.py:925} INFO - DAG(s) 'train_model_lakehouse' retrieved from /opt/airflow/dags/train_model_lakehouse_dag.py
[2026-06-05T02:04:34.395+0000] {logging_mixin.py:190} INFO - [2026-06-05T02:04:34.395+0000] {dag.py:3239} INFO - Sync 1 DAGs
[2026-06-05T02:04:34.409+0000] {logging_mixin.py:190} INFO - [2026-06-05T02:04:34.409+0000] {dag.py:4180} INFO - Setting next_dagrun for train_model_lakehouse to None, run_after=None
[2026-06-05T02:04:34.429+0000] {processor.py:208} INFO - Processing /opt/airflow/dags/train_model_lakehouse_dag.py took 0.135 seconds
[2026-06-05T02:05:04.671+0000] {processor.py:186} INFO - Started process (PID=250) to work on /opt/airflow/dags/train_model_lakehouse_dag.py
[2026-06-05T02:05:04.672+0000] {processor.py:914} INFO - Processing file /opt/airflow/dags/train_model_lakehouse_dag.py for tasks to queue
[2026-06-05T02:05:04.676+0000] {logging_mixin.py:190} INFO - [2026-06-05T02:05:04.675+0000] {dagbag.py:588} INFO - Filling up the DagBag from /opt/airflow/dags/train_model_lakehouse_dag.py
[2026-06-05T02:05:04.688+0000] {processor.py:925} INFO - DAG(s) 'train_model_lakehouse' retrieved from /opt/airflow/dags/train_model_lakehouse_dag.py
[2026-06-05T02:05:04.735+0000] {logging_mixin.py:190} INFO - [2026-06-05T02:05:04.734+0000] {dag.py:3239} INFO - Sync 1 DAGs
[2026-06-05T02:05:04.758+0000] {logging_mixin.py:190} INFO - [2026-06-05T02:05:04.758+0000] {dag.py:4180} INFO - Setting next_dagrun for train_model_lakehouse to None, run_after=None
[2026-06-05T02:05:04.789+0000] {processor.py:208} INFO - Processing /opt/airflow/dags/train_model_lakehouse_dag.py took 0.134 seconds
[2026-06-05T02:05:34.993+0000] {processor.py:186} INFO - Started process (PID=255) to work on /opt/airflow/dags/train_model_lakehouse_dag.py
[2026-06-05T02:05:34.994+0000] {processor.py:914} INFO - Processing file /opt/airflow/dags/train_model_lakehouse_dag.py for tasks to queue
[2026-06-05T02:05:34.997+0000] {logging_mixin.py:190} INFO - [2026-06-05T02:05:34.996+0000] {dagbag.py:588} INFO - Filling up the DagBag from /opt/airflow/dags/train_model_lakehouse_dag.py
[2026-06-05T02:05:35.008+0000] {processor.py:925} INFO - DAG(s) 'train_model_lakehouse' retrieved from /opt/airflow/dags/train_model_lakehouse_dag.py
[2026-06-05T02:05:35.039+0000] {logging_mixin.py:190} INFO - [2026-06-05T02:05:35.039+0000] {dag.py:3239} INFO - Sync 1 DAGs
[2026-06-05T02:05:35.054+0000] {logging_mixin.py:190} INFO - [2026-06-05T02:05:35.054+0000] {dag.py:4180} INFO - Setting next_dagrun for train_model_lakehouse to None, run_after=None
[2026-06-05T02:05:35.100+0000] {processor.py:208} INFO - Processing /opt/airflow/dags/train_model_lakehouse_dag.py took 0.121 seconds
[2026-06-05T02:06:05.281+0000] {processor.py:186} INFO - Started process (PID=260) to work on /opt/airflow/dags/train_model_lakehouse_dag.py
[2026-06-05T02:06:05.313+0000] {processor.py:914} INFO - Processing file /opt/airflow/dags/train_model_lakehouse_dag.py for tasks to queue
[2026-06-05T02:06:05.316+0000] {logging_mixin.py:190} INFO - [2026-06-05T02:06:05.316+0000] {dagbag.py:588} INFO - Filling up the DagBag from /opt/airflow/dags/train_model_lakehouse_dag.py
[2026-06-05T02:06:05.331+0000] {processor.py:925} INFO - DAG(s) 'train_model_lakehouse' retrieved from /opt/airflow/dags/train_model_lakehouse_dag.py
[2026-06-05T02:06:05.377+0000] {logging_mixin.py:190} INFO - [2026-06-05T02:06:05.377+0000] {dag.py:3239} INFO - Sync 1 DAGs
[2026-06-05T02:06:05.392+0000] {logging_mixin.py:190} INFO - [2026-06-05T02:06:05.392+0000] {dag.py:4180} INFO - Setting next_dagrun for train_model_lakehouse to None, run_after=None
[2026-06-05T02:06:05.413+0000] {processor.py:208} INFO - Processing /opt/airflow/dags/train_model_lakehouse_dag.py took 0.140 seconds
[2026-06-05T02:06:35.593+0000] {processor.py:186} INFO - Started process (PID=265) to work on /opt/airflow/dags/train_model_lakehouse_dag.py
[2026-06-05T02:06:35.594+0000] {processor.py:914} INFO - Processing file /opt/airflow/dags/train_model_lakehouse_dag.py for tasks to queue
[2026-06-05T02:06:35.597+0000] {logging_mixin.py:190} INFO - [2026-06-05T02:06:35.596+0000] {dagbag.py:588} INFO - Filling up the DagBag from /opt/airflow/dags/train_model_lakehouse_dag.py
[2026-06-05T02:06:35.608+0000] {processor.py:925} INFO - DAG(s) 'train_model_lakehouse' retrieved from /opt/airflow/dags/train_model_lakehouse_dag.py
[2026-06-05T02:06:35.642+0000] {logging_mixin.py:190} INFO - [2026-06-05T02:06:35.642+0000] {dag.py:3239} INFO - Sync 1 DAGs
[2026-06-05T02:06:35.657+0000] {logging_mixin.py:190} INFO - [2026-06-05T02:06:35.656+0000] {dag.py:4180} INFO - Setting next_dagrun for train_model_lakehouse to None, run_after=None
[2026-06-05T02:06:35.707+0000] {processor.py:208} INFO - Processing /opt/airflow/dags/train_model_lakehouse_dag.py took 0.122 seconds
[2026-06-05T02:07:05.920+0000] {processor.py:186} INFO - Started process (PID=270) to work on /opt/airflow/dags/train_model_lakehouse_dag.py
[2026-06-05T02:07:05.922+0000] {processor.py:914} INFO - Processing file /opt/airflow/dags/train_model_lakehouse_dag.py for tasks to queue
[2026-06-05T02:07:05.928+0000] {logging_mixin.py:190} INFO - [2026-06-05T02:07:05.927+0000] {dagbag.py:588} INFO - Filling up the DagBag from /opt/airflow/dags/train_model_lakehouse_dag.py
[2026-06-05T02:07:05.948+0000] {processor.py:925} INFO - DAG(s) 'train_model_lakehouse' retrieved from /opt/airflow/dags/train_model_lakehouse_dag.py
[2026-06-05T02:07:05.982+0000] {logging_mixin.py:190} INFO - [2026-06-05T02:07:05.982+0000] {dag.py:3239} INFO - Sync 1 DAGs
[2026-06-05T02:07:05.997+0000] {logging_mixin.py:190} INFO - [2026-06-05T02:07:05.997+0000] {dag.py:4180} INFO - Setting next_dagrun for train_model_lakehouse to None, run_after=None
[2026-06-05T02:07:06.016+0000] {processor.py:208} INFO - Processing /opt/airflow/dags/train_model_lakehouse_dag.py took 0.143 seconds
[2026-06-05T02:07:36.198+0000] {processor.py:186} INFO - Started process (PID=275) to work on /opt/airflow/dags/train_model_lakehouse_dag.py
[2026-06-05T02:07:36.199+0000] {processor.py:914} INFO - Processing file /opt/airflow/dags/train_model_lakehouse_dag.py for tasks to queue
[2026-06-05T02:07:36.201+0000] {logging_mixin.py:190} INFO - [2026-06-05T02:07:36.201+0000] {dagbag.py:588} INFO - Filling up the DagBag from /opt/airflow/dags/train_model_lakehouse_dag.py
[2026-06-05T02:07:36.211+0000] {processor.py:925} INFO - DAG(s) 'train_model_lakehouse' retrieved from /opt/airflow/dags/train_model_lakehouse_dag.py
[2026-06-05T02:07:36.250+0000] {logging_mixin.py:190} INFO - [2026-06-05T02:07:36.250+0000] {dag.py:3239} INFO - Sync 1 DAGs
[2026-06-05T02:07:36.270+0000] {logging_mixin.py:190} INFO - [2026-06-05T02:07:36.270+0000] {dag.py:4180} INFO - Setting next_dagrun for train_model_lakehouse to None, run_after=None
[2026-06-05T02:07:36.324+0000] {processor.py:208} INFO - Processing /opt/airflow/dags/train_model_lakehouse_dag.py took 0.136 seconds
[2026-06-05T02:08:06.566+0000] {processor.py:186} INFO - Started process (PID=280) to work on /opt/airflow/dags/train_model_lakehouse_dag.py
[2026-06-05T02:08:06.585+0000] {processor.py:914} INFO - Processing file /opt/airflow/dags/train_model_lakehouse_dag.py for tasks to queue
[2026-06-05T02:08:06.588+0000] {logging_mixin.py:190} INFO - [2026-06-05T02:08:06.587+0000] {dagbag.py:588} INFO - Filling up the DagBag from /opt/airflow/dags/train_model_lakehouse_dag.py
[2026-06-05T02:08:06.604+0000] {processor.py:925} INFO - DAG(s) 'train_model_lakehouse' retrieved from /opt/airflow/dags/train_model_lakehouse_dag.py
[2026-06-05T02:08:06.636+0000] {logging_mixin.py:190} INFO - [2026-06-05T02:08:06.636+0000] {dag.py:3239} INFO - Sync 1 DAGs
[2026-06-05T02:08:06.650+0000] {logging_mixin.py:190} INFO - [2026-06-05T02:08:06.650+0000] {dag.py:4180} INFO - Setting next_dagrun for train_model_lakehouse to None, run_after=None
[2026-06-05T02:08:06.669+0000] {processor.py:208} INFO - Processing /opt/airflow/dags/train_model_lakehouse_dag.py took 0.120 seconds
[2026-06-05T02:08:36.819+0000] {processor.py:186} INFO - Started process (PID=285) to work on /opt/airflow/dags/train_model_lakehouse_dag.py
[2026-06-05T02:08:36.820+0000] {processor.py:914} INFO - Processing file /opt/airflow/dags/train_model_lakehouse_dag.py for tasks to queue
[2026-06-05T02:08:36.822+0000] {logging_mixin.py:190} INFO - [2026-06-05T02:08:36.822+0000] {dagbag.py:588} INFO - Filling up the DagBag from /opt/airflow/dags/train_model_lakehouse_dag.py
[2026-06-05T02:08:36.833+0000] {processor.py:925} INFO - DAG(s) 'train_model_lakehouse' retrieved from /opt/airflow/dags/train_model_lakehouse_dag.py
[2026-06-05T02:08:36.868+0000] {logging_mixin.py:190} INFO - [2026-06-05T02:08:36.868+0000] {dag.py:3239} INFO - Sync 1 DAGs
[2026-06-05T02:08:36.885+0000] {logging_mixin.py:190} INFO - [2026-06-05T02:08:36.885+0000] {dag.py:4180} INFO - Setting next_dagrun for train_model_lakehouse to None, run_after=None
[2026-06-05T02:08:36.908+0000] {processor.py:208} INFO - Processing /opt/airflow/dags/train_model_lakehouse_dag.py took 0.096 seconds
[2026-06-05T02:09:07.146+0000] {processor.py:186} INFO - Started process (PID=290) to work on /opt/airflow/dags/train_model_lakehouse_dag.py
[2026-06-05T02:09:07.148+0000] {processor.py:914} INFO - Processing file /opt/airflow/dags/train_model_lakehouse_dag.py for tasks to queue
[2026-06-05T02:09:07.151+0000] {logging_mixin.py:190} INFO - [2026-06-05T02:09:07.150+0000] {dagbag.py:588} INFO - Filling up the DagBag from /opt/airflow/dags/train_model_lakehouse_dag.py
[2026-06-05T02:09:07.165+0000] {processor.py:925} INFO - DAG(s) 'train_model_lakehouse' retrieved from /opt/airflow/dags/train_model_lakehouse_dag.py
[2026-06-05T02:09:07.201+0000] {logging_mixin.py:190} INFO - [2026-06-05T02:09:07.201+0000] {dag.py:3239} INFO - Sync 1 DAGs
[2026-06-05T02:09:07.218+0000] {logging_mixin.py:190} INFO - [2026-06-05T02:09:07.218+0000] {dag.py:4180} INFO - Setting next_dagrun for train_model_lakehouse to None, run_after=None
[2026-06-05T02:09:07.239+0000] {processor.py:208} INFO - Processing /opt/airflow/dags/train_model_lakehouse_dag.py took 0.102 seconds
[2026-06-05T02:09:37.345+0000] {processor.py:186} INFO - Started process (PID=295) to work on /opt/airflow/dags/train_model_lakehouse_dag.py
[2026-06-05T02:09:37.347+0000] {processor.py:914} INFO - Processing file /opt/airflow/dags/train_model_lakehouse_dag.py for tasks to queue
[2026-06-05T02:09:37.349+0000] {logging_mixin.py:190} INFO - [2026-06-05T02:09:37.349+0000] {dagbag.py:588} INFO - Filling up the DagBag from /opt/airflow/dags/train_model_lakehouse_dag.py
[2026-06-05T02:09:37.363+0000] {processor.py:925} INFO - DAG(s) 'train_model_lakehouse' retrieved from /opt/airflow/dags/train_model_lakehouse_dag.py
[2026-06-05T02:09:37.402+0000] {logging_mixin.py:190} INFO - [2026-06-05T02:09:37.401+0000] {dag.py:3239} INFO - Sync 1 DAGs
[2026-06-05T02:09:37.426+0000] {logging_mixin.py:190} INFO - [2026-06-05T02:09:37.426+0000] {dag.py:4180} INFO - Setting next_dagrun for train_model_lakehouse to None, run_after=None
[2026-06-05T02:09:37.447+0000] {processor.py:208} INFO - Processing /opt/airflow/dags/train_model_lakehouse_dag.py took 0.112 seconds
[2026-06-05T02:10:07.684+0000] {processor.py:186} INFO - Started process (PID=350) to work on /opt/airflow/dags/train_model_lakehouse_dag.py
[2026-06-05T02:10:07.709+0000] {processor.py:914} INFO - Processing file /opt/airflow/dags/train_model_lakehouse_dag.py for tasks to queue
[2026-06-05T02:10:07.713+0000] {logging_mixin.py:190} INFO - [2026-06-05T02:10:07.713+0000] {dagbag.py:588} INFO - Filling up the DagBag from /opt/airflow/dags/train_model_lakehouse_dag.py
[2026-06-05T02:10:07.733+0000] {processor.py:925} INFO - DAG(s) 'train_model_lakehouse' retrieved from /opt/airflow/dags/train_model_lakehouse_dag.py
[2026-06-05T02:10:07.771+0000] {logging_mixin.py:190} INFO - [2026-06-05T02:10:07.771+0000] {dag.py:3239} INFO - Sync 1 DAGs
[2026-06-05T02:10:07.786+0000] {logging_mixin.py:190} INFO - [2026-06-05T02:10:07.785+0000] {dag.py:4180} INFO - Setting next_dagrun for train_model_lakehouse to None, run_after=None
[2026-06-05T02:10:07.803+0000] {processor.py:208} INFO - Processing /opt/airflow/dags/train_model_lakehouse_dag.py took 0.138 seconds
[2026-06-05T02:10:38.001+0000] {processor.py:186} INFO - Started process (PID=355) to work on /opt/airflow/dags/train_model_lakehouse_dag.py
[2026-06-05T02:10:38.003+0000] {processor.py:914} INFO - Processing file /opt/airflow/dags/train_model_lakehouse_dag.py for tasks to queue
[2026-06-05T02:10:38.007+0000] {logging_mixin.py:190} INFO - [2026-06-05T02:10:38.006+0000] {dagbag.py:588} INFO - Filling up the DagBag from /opt/airflow/dags/train_model_lakehouse_dag.py
[2026-06-05T02:10:38.018+0000] {processor.py:925} INFO - DAG(s) 'train_model_lakehouse' retrieved from /opt/airflow/dags/train_model_lakehouse_dag.py
[2026-06-05T02:10:38.051+0000] {logging_mixin.py:190} INFO - [2026-06-05T02:10:38.051+0000] {dag.py:3239} INFO - Sync 1 DAGs
[2026-06-05T02:10:38.067+0000] {logging_mixin.py:190} INFO - [2026-06-05T02:10:38.067+0000] {dag.py:4180} INFO - Setting next_dagrun for train_model_lakehouse to None, run_after=None
[2026-06-05T02:10:38.109+0000] {processor.py:208} INFO - Processing /opt/airflow/dags/train_model_lakehouse_dag.py took 0.125 seconds
[2026-06-05T02:11:08.295+0000] {processor.py:186} INFO - Started process (PID=360) to work on /opt/airflow/dags/train_model_lakehouse_dag.py
[2026-06-05T02:11:08.296+0000] {processor.py:914} INFO - Processing file /opt/airflow/dags/train_model_lakehouse_dag.py for tasks to queue
[2026-06-05T02:11:08.299+0000] {logging_mixin.py:190} INFO - [2026-06-05T02:11:08.299+0000] {dagbag.py:588} INFO - Filling up the DagBag from /opt/airflow/dags/train_model_lakehouse_dag.py
[2026-06-05T02:11:08.311+0000] {processor.py:925} INFO - DAG(s) 'train_model_lakehouse' retrieved from /opt/airflow/dags/train_model_lakehouse_dag.py
[2026-06-05T02:11:08.344+0000] {logging_mixin.py:190} INFO - [2026-06-05T02:11:08.344+0000] {dag.py:3239} INFO - Sync 1 DAGs
[2026-06-05T02:11:08.360+0000] {logging_mixin.py:190} INFO - [2026-06-05T02:11:08.360+0000] {dag.py:4180} INFO - Setting next_dagrun for train_model_lakehouse to None, run_after=None
[2026-06-05T02:11:08.378+0000] {processor.py:208} INFO - Processing /opt/airflow/dags/train_model_lakehouse_dag.py took 0.090 seconds
[2026-06-05T02:11:38.591+0000] {processor.py:186} INFO - Started process (PID=365) to work on /opt/airflow/dags/train_model_lakehouse_dag.py
[2026-06-05T02:11:38.592+0000] {processor.py:914} INFO - Processing file /opt/airflow/dags/train_model_lakehouse_dag.py for tasks to queue
[2026-06-05T02:11:38.598+0000] {logging_mixin.py:190} INFO - [2026-06-05T02:11:38.597+0000] {dagbag.py:588} INFO - Filling up the DagBag from /opt/airflow/dags/train_model_lakehouse_dag.py
[2026-06-05T02:11:38.612+0000] {processor.py:925} INFO - DAG(s) 'train_model_lakehouse' retrieved from /opt/airflow/dags/train_model_lakehouse_dag.py
[2026-06-05T02:11:38.647+0000] {logging_mixin.py:190} INFO - [2026-06-05T02:11:38.647+0000] {dag.py:3239} INFO - Sync 1 DAGs
[2026-06-05T02:11:38.669+0000] {logging_mixin.py:190} INFO - [2026-06-05T02:11:38.668+0000] {dag.py:4180} INFO - Setting next_dagrun for train_model_lakehouse to None, run_after=None
[2026-06-05T02:11:38.688+0000] {processor.py:208} INFO - Processing /opt/airflow/dags/train_model_lakehouse_dag.py took 0.112 seconds
[2026-06-05T02:12:08.856+0000] {processor.py:186} INFO - Started process (PID=370) to work on /opt/airflow/dags/train_model_lakehouse_dag.py
[2026-06-05T02:12:08.857+0000] {processor.py:914} INFO - Processing file /opt/airflow/dags/train_model_lakehouse_dag.py for tasks to queue
[2026-06-05T02:12:08.859+0000] {logging_mixin.py:190} INFO - [2026-06-05T02:12:08.859+0000] {dagbag.py:588} INFO - Filling up the DagBag from /opt/airflow/dags/train_model_lakehouse_dag.py
[2026-06-05T02:12:08.870+0000] {processor.py:925} INFO - DAG(s) 'train_model_lakehouse' retrieved from /opt/airflow/dags/train_model_lakehouse_dag.py
[2026-06-05T02:12:08.902+0000] {logging_mixin.py:190} INFO - [2026-06-05T02:12:08.902+0000] {dag.py:3239} INFO - Sync 1 DAGs
[2026-06-05T02:12:08.918+0000] {logging_mixin.py:190} INFO - [2026-06-05T02:12:08.918+0000] {dag.py:4180} INFO - Setting next_dagrun for train_model_lakehouse to None, run_after=None
[2026-06-05T02:12:08.962+0000] {processor.py:208} INFO - Processing /opt/airflow/dags/train_model_lakehouse_dag.py took 0.114 seconds
[2026-06-05T02:12:39.206+0000] {processor.py:186} INFO - Started process (PID=425) to work on /opt/airflow/dags/train_model_lakehouse_dag.py
[2026-06-05T02:12:39.207+0000] {processor.py:914} INFO - Processing file /opt/airflow/dags/train_model_lakehouse_dag.py for tasks to queue
[2026-06-05T02:12:39.209+0000] {logging_mixin.py:190} INFO - [2026-06-05T02:12:39.209+0000] {dagbag.py:588} INFO - Filling up the DagBag from /opt/airflow/dags/train_model_lakehouse_dag.py
[2026-06-05T02:12:39.221+0000] {processor.py:925} INFO - DAG(s) 'train_model_lakehouse' retrieved from /opt/airflow/dags/train_model_lakehouse_dag.py
[2026-06-05T02:12:39.252+0000] {logging_mixin.py:190} INFO - [2026-06-05T02:12:39.252+0000] {dag.py:3239} INFO - Sync 1 DAGs
[2026-06-05T02:12:39.266+0000] {logging_mixin.py:190} INFO - [2026-06-05T02:12:39.266+0000] {dag.py:4180} INFO - Setting next_dagrun for train_model_lakehouse to None, run_after=None
[2026-06-05T02:12:39.285+0000] {processor.py:208} INFO - Processing /opt/airflow/dags/train_model_lakehouse_dag.py took 0.088 seconds
[2026-06-05T02:13:09.443+0000] {processor.py:186} INFO - Started process (PID=430) to work on /opt/airflow/dags/train_model_lakehouse_dag.py
[2026-06-05T02:13:09.471+0000] {processor.py:914} INFO - Processing file /opt/airflow/dags/train_model_lakehouse_dag.py for tasks to queue
[2026-06-05T02:13:09.474+0000] {logging_mixin.py:190} INFO - [2026-06-05T02:13:09.474+0000] {dagbag.py:588} INFO - Filling up the DagBag from /opt/airflow/dags/train_model_lakehouse_dag.py
[2026-06-05T02:13:09.484+0000] {processor.py:925} INFO - DAG(s) 'train_model_lakehouse' retrieved from /opt/airflow/dags/train_model_lakehouse_dag.py
[2026-06-05T02:13:09.516+0000] {logging_mixin.py:190} INFO - [2026-06-05T02:13:09.516+0000] {dag.py:3239} INFO - Sync 1 DAGs
[2026-06-05T02:13:09.529+0000] {logging_mixin.py:190} INFO - [2026-06-05T02:13:09.529+0000] {dag.py:4180} INFO - Setting next_dagrun for train_model_lakehouse to None, run_after=None
[2026-06-05T02:13:09.550+0000] {processor.py:208} INFO - Processing /opt/airflow/dags/train_model_lakehouse_dag.py took 0.115 seconds
[2026-06-05T02:13:39.755+0000] {processor.py:186} INFO - Started process (PID=435) to work on /opt/airflow/dags/train_model_lakehouse_dag.py
[2026-06-05T02:13:39.756+0000] {processor.py:914} INFO - Processing file /opt/airflow/dags/train_model_lakehouse_dag.py for tasks to queue
[2026-06-05T02:13:39.759+0000] {logging_mixin.py:190} INFO - [2026-06-05T02:13:39.758+0000] {dagbag.py:588} INFO - Filling up the DagBag from /opt/airflow/dags/train_model_lakehouse_dag.py
[2026-06-05T02:13:39.769+0000] {processor.py:925} INFO - DAG(s) 'train_model_lakehouse' retrieved from /opt/airflow/dags/train_model_lakehouse_dag.py
[2026-06-05T02:13:39.805+0000] {logging_mixin.py:190} INFO - [2026-06-05T02:13:39.804+0000] {dag.py:3239} INFO - Sync 1 DAGs
[2026-06-05T02:13:39.820+0000] {logging_mixin.py:190} INFO - [2026-06-05T02:13:39.820+0000] {dag.py:4180} INFO - Setting next_dagrun for train_model_lakehouse to None, run_after=None
[2026-06-05T02:13:39.839+0000] {processor.py:208} INFO - Processing /opt/airflow/dags/train_model_lakehouse_dag.py took 0.093 seconds
[2026-06-05T02:14:10.019+0000] {processor.py:186} INFO - Started process (PID=440) to work on /opt/airflow/dags/train_model_lakehouse_dag.py
[2026-06-05T02:14:10.021+0000] {processor.py:914} INFO - Processing file /opt/airflow/dags/train_model_lakehouse_dag.py for tasks to queue
[2026-06-05T02:14:10.028+0000] {logging_mixin.py:190} INFO - [2026-06-05T02:14:10.027+0000] {dagbag.py:588} INFO - Filling up the DagBag from /opt/airflow/dags/train_model_lakehouse_dag.py
[2026-06-05T02:14:10.042+0000] {processor.py:925} INFO - DAG(s) 'train_model_lakehouse' retrieved from /opt/airflow/dags/train_model_lakehouse_dag.py
[2026-06-05T02:14:10.072+0000] {logging_mixin.py:190} INFO - [2026-06-05T02:14:10.072+0000] {dag.py:3239} INFO - Sync 1 DAGs
[2026-06-05T02:14:10.086+0000] {logging_mixin.py:190} INFO - [2026-06-05T02:14:10.086+0000] {dag.py:4180} INFO - Setting next_dagrun for train_model_lakehouse to None, run_after=None
[2026-06-05T02:14:10.106+0000] {processor.py:208} INFO - Processing /opt/airflow/dags/train_model_lakehouse_dag.py took 0.108 seconds
[2026-06-05T02:14:40.342+0000] {processor.py:186} INFO - Started process (PID=445) to work on /opt/airflow/dags/train_model_lakehouse_dag.py
[2026-06-05T02:14:40.343+0000] {processor.py:914} INFO - Processing file /opt/airflow/dags/train_model_lakehouse_dag.py for tasks to queue
[2026-06-05T02:14:40.345+0000] {logging_mixin.py:190} INFO - [2026-06-05T02:14:40.345+0000] {dagbag.py:588} INFO - Filling up the DagBag from /opt/airflow/dags/train_model_lakehouse_dag.py
[2026-06-05T02:14:40.356+0000] {processor.py:925} INFO - DAG(s) 'train_model_lakehouse' retrieved from /opt/airflow/dags/train_model_lakehouse_dag.py
[2026-06-05T02:14:40.387+0000] {logging_mixin.py:190} INFO - [2026-06-05T02:14:40.387+0000] {dag.py:3239} INFO - Sync 1 DAGs
[2026-06-05T02:14:40.401+0000] {logging_mixin.py:190} INFO - [2026-06-05T02:14:40.401+0000] {dag.py:4180} INFO - Setting next_dagrun for train_model_lakehouse to None, run_after=None
[2026-06-05T02:14:40.422+0000] {processor.py:208} INFO - Processing /opt/airflow/dags/train_model_lakehouse_dag.py took 0.090 seconds
[2026-06-05T02:15:10.613+0000] {processor.py:186} INFO - Started process (PID=500) to work on /opt/airflow/dags/train_model_lakehouse_dag.py
[2026-06-05T02:15:10.614+0000] {processor.py:914} INFO - Processing file /opt/airflow/dags/train_model_lakehouse_dag.py for tasks to queue
[2026-06-05T02:15:10.617+0000] {logging_mixin.py:190} INFO - [2026-06-05T02:15:10.617+0000] {dagbag.py:588} INFO - Filling up the DagBag from /opt/airflow/dags/train_model_lakehouse_dag.py
[2026-06-05T02:15:10.627+0000] {processor.py:925} INFO - DAG(s) 'train_model_lakehouse' retrieved from /opt/airflow/dags/train_model_lakehouse_dag.py
[2026-06-05T02:15:10.660+0000] {logging_mixin.py:190} INFO - [2026-06-05T02:15:10.659+0000] {dag.py:3239} INFO - Sync 1 DAGs
[2026-06-05T02:15:10.674+0000] {logging_mixin.py:190} INFO - [2026-06-05T02:15:10.674+0000] {dag.py:4180} INFO - Setting next_dagrun for train_model_lakehouse to None, run_after=None
[2026-06-05T02:15:10.695+0000] {processor.py:208} INFO - Processing /opt/airflow/dags/train_model_lakehouse_dag.py took 0.092 seconds
[2026-06-05T02:15:40.937+0000] {processor.py:186} INFO - Started process (PID=505) to work on /opt/airflow/dags/train_model_lakehouse_dag.py
[2026-06-05T02:15:40.938+0000] {processor.py:914} INFO - Processing file /opt/airflow/dags/train_model_lakehouse_dag.py for tasks to queue
[2026-06-05T02:15:40.942+0000] {logging_mixin.py:190} INFO - [2026-06-05T02:15:40.941+0000] {dagbag.py:588} INFO - Filling up the DagBag from /opt/airflow/dags/train_model_lakehouse_dag.py
[2026-06-05T02:15:40.953+0000] {processor.py:925} INFO - DAG(s) 'train_model_lakehouse' retrieved from /opt/airflow/dags/train_model_lakehouse_dag.py
[2026-06-05T02:15:40.983+0000] {logging_mixin.py:190} INFO - [2026-06-05T02:15:40.983+0000] {dag.py:3239} INFO - Sync 1 DAGs
[2026-06-05T02:15:40.998+0000] {logging_mixin.py:190} INFO - [2026-06-05T02:15:40.997+0000] {dag.py:4180} INFO - Setting next_dagrun for train_model_lakehouse to None, run_after=None
[2026-06-05T02:15:41.016+0000] {processor.py:208} INFO - Processing /opt/airflow/dags/train_model_lakehouse_dag.py took 0.089 seconds
[2026-06-05T02:16:11.202+0000] {processor.py:186} INFO - Started process (PID=510) to work on /opt/airflow/dags/train_model_lakehouse_dag.py
[2026-06-05T02:16:11.223+0000] {processor.py:914} INFO - Processing file /opt/airflow/dags/train_model_lakehouse_dag.py for tasks to queue
[2026-06-05T02:16:11.229+0000] {logging_mixin.py:190} INFO - [2026-06-05T02:16:11.228+0000] {dagbag.py:588} INFO - Filling up the DagBag from /opt/airflow/dags/train_model_lakehouse_dag.py
[2026-06-05T02:16:11.255+0000] {processor.py:925} INFO - DAG(s) 'train_model_lakehouse' retrieved from /opt/airflow/dags/train_model_lakehouse_dag.py
[2026-06-05T02:16:11.290+0000] {logging_mixin.py:190} INFO - [2026-06-05T02:16:11.290+0000] {dag.py:3239} INFO - Sync 1 DAGs
[2026-06-05T02:16:11.307+0000] {logging_mixin.py:190} INFO - [2026-06-05T02:16:11.306+0000] {dag.py:4180} INFO - Setting next_dagrun for train_model_lakehouse to None, run_after=None
[2026-06-05T02:16:11.327+0000] {processor.py:208} INFO - Processing /opt/airflow/dags/train_model_lakehouse_dag.py took 0.135 seconds
[2026-06-05T02:16:41.499+0000] {processor.py:186} INFO - Started process (PID=515) to work on /opt/airflow/dags/train_model_lakehouse_dag.py
[2026-06-05T02:16:41.500+0000] {processor.py:914} INFO - Processing file /opt/airflow/dags/train_model_lakehouse_dag.py for tasks to queue
[2026-06-05T02:16:41.503+0000] {logging_mixin.py:190} INFO - [2026-06-05T02:16:41.502+0000] {dagbag.py:588} INFO - Filling up the DagBag from /opt/airflow/dags/train_model_lakehouse_dag.py
[2026-06-05T02:16:41.524+0000] {processor.py:925} INFO - DAG(s) 'train_model_lakehouse' retrieved from /opt/airflow/dags/train_model_lakehouse_dag.py
[2026-06-05T02:16:41.580+0000] {logging_mixin.py:190} INFO - [2026-06-05T02:16:41.580+0000] {dag.py:3239} INFO - Sync 1 DAGs
[2026-06-05T02:16:41.608+0000] {logging_mixin.py:190} INFO - [2026-06-05T02:16:41.608+0000] {dag.py:4180} INFO - Setting next_dagrun for train_model_lakehouse to None, run_after=None
[2026-06-05T02:16:41.638+0000] {processor.py:208} INFO - Processing /opt/airflow/dags/train_model_lakehouse_dag.py took 0.152 seconds
[2026-06-05T02:17:11.801+0000] {processor.py:186} INFO - Started process (PID=520) to work on /opt/airflow/dags/train_model_lakehouse_dag.py
[2026-06-05T02:17:11.803+0000] {processor.py:914} INFO - Processing file /opt/airflow/dags/train_model_lakehouse_dag.py for tasks to queue
[2026-06-05T02:17:11.806+0000] {logging_mixin.py:190} INFO - [2026-06-05T02:17:11.806+0000] {dagbag.py:588} INFO - Filling up the DagBag from /opt/airflow/dags/train_model_lakehouse_dag.py
[2026-06-05T02:17:11.818+0000] {processor.py:925} INFO - DAG(s) 'train_model_lakehouse' retrieved from /opt/airflow/dags/train_model_lakehouse_dag.py
[2026-06-05T02:17:11.850+0000] {logging_mixin.py:190} INFO - [2026-06-05T02:17:11.850+0000] {dag.py:3239} INFO - Sync 1 DAGs
[2026-06-05T02:17:11.865+0000] {logging_mixin.py:190} INFO - [2026-06-05T02:17:11.865+0000] {dag.py:4180} INFO - Setting next_dagrun for train_model_lakehouse to None, run_after=None
[2026-06-05T02:17:11.884+0000] {processor.py:208} INFO - Processing /opt/airflow/dags/train_model_lakehouse_dag.py took 0.098 seconds
[2026-06-05T02:17:42.127+0000] {processor.py:186} INFO - Started process (PID=525) to work on /opt/airflow/dags/train_model_lakehouse_dag.py
[2026-06-05T02:17:42.127+0000] {processor.py:914} INFO - Processing file /opt/airflow/dags/train_model_lakehouse_dag.py for tasks to queue
[2026-06-05T02:17:42.130+0000] {logging_mixin.py:190} INFO - [2026-06-05T02:17:42.129+0000] {dagbag.py:588} INFO - Filling up the DagBag from /opt/airflow/dags/train_model_lakehouse_dag.py
[2026-06-05T02:17:42.140+0000] {processor.py:925} INFO - DAG(s) 'train_model_lakehouse' retrieved from /opt/airflow/dags/train_model_lakehouse_dag.py
[2026-06-05T02:17:42.172+0000] {logging_mixin.py:190} INFO - [2026-06-05T02:17:42.172+0000] {dag.py:3239} INFO - Sync 1 DAGs
[2026-06-05T02:17:42.187+0000] {logging_mixin.py:190} INFO - [2026-06-05T02:17:42.187+0000] {dag.py:4180} INFO - Setting next_dagrun for train_model_lakehouse to None, run_after=None
[2026-06-05T02:17:42.207+0000] {processor.py:208} INFO - Processing /opt/airflow/dags/train_model_lakehouse_dag.py took 0.089 seconds
[2026-06-05T02:17:45.180+0000] {processor.py:186} INFO - Started process (PID=530) to work on /opt/airflow/dags/train_model_lakehouse_dag.py
[2026-06-05T02:17:45.181+0000] {processor.py:914} INFO - Processing file /opt/airflow/dags/train_model_lakehouse_dag.py for tasks to queue
[2026-06-05T02:17:45.184+0000] {logging_mixin.py:190} INFO - [2026-06-05T02:17:45.183+0000] {dagbag.py:588} INFO - Filling up the DagBag from /opt/airflow/dags/train_model_lakehouse_dag.py
[2026-06-05T02:17:45.193+0000] {logging_mixin.py:190} INFO - [2026-06-05T02:17:45.188+0000] {dagbag.py:387} ERROR - Failed to import: /opt/airflow/dags/train_model_lakehouse_dag.py
Traceback (most recent call last):
  File "/home/airflow/.local/lib/python3.11/site-packages/airflow/models/dagbag.py", line 383, in parse
    loader.exec_module(new_module)
  File "<frozen importlib._bootstrap_external>", line 940, in exec_module
  File "<frozen importlib._bootstrap>", line 241, in _call_with_frames_removed
  File "/opt/airflow/dags/train_model_lakehouse_dag.py", line 13, in <module>
    train_model = SparkSubmitOperator(
                  ^^^^^^^^^^^^^^^^^^^^
  File "/home/airflow/.local/lib/python3.11/site-packages/airflow/models/baseoperator.py", line 506, in apply_defaults
    result = func(self, **kwargs, default_args=default_args)
             ^^^^^^^^^^^^^^^^^^^^^^^^^^^^^^^^^^^^^^^^^^^^^^^
  File "/home/airflow/.local/lib/python3.11/site-packages/airflow/providers/apache/spark/operators/spark_submit.py", line 139, in __init__
    super().__init__(**kwargs)
  File "/home/airflow/.local/lib/python3.11/site-packages/airflow/models/baseoperator.py", line 506, in apply_defaults
    result = func(self, **kwargs, default_args=default_args)
             ^^^^^^^^^^^^^^^^^^^^^^^^^^^^^^^^^^^^^^^^^^^^^^^
  File "/home/airflow/.local/lib/python3.11/site-packages/airflow/models/baseoperator.py", line 957, in __init__
    raise AirflowException(
airflow.exceptions.AirflowException: Invalid arguments were passed to SparkSubmitOperator (task_id: train_model). Invalid arguments were:
**kwargs: {'master': 'spark://spark-master:7077'}
[2026-06-05T02:17:45.194+0000] {processor.py:927} WARNING - No viable dags retrieved from /opt/airflow/dags/train_model_lakehouse_dag.py
[2026-06-05T02:17:45.222+0000] {processor.py:208} INFO - Processing /opt/airflow/dags/train_model_lakehouse_dag.py took 0.051 seconds
[2026-06-05T02:17:52.227+0000] {processor.py:186} INFO - Started process (PID=535) to work on /opt/airflow/dags/train_model_lakehouse_dag.py
[2026-06-05T02:17:52.229+0000] {processor.py:914} INFO - Processing file /opt/airflow/dags/train_model_lakehouse_dag.py for tasks to queue
[2026-06-05T02:17:52.232+0000] {logging_mixin.py:190} INFO - [2026-06-05T02:17:52.231+0000] {dagbag.py:588} INFO - Filling up the DagBag from /opt/airflow/dags/train_model_lakehouse_dag.py
[2026-06-05T02:17:52.238+0000] {logging_mixin.py:190} INFO - [2026-06-05T02:17:52.236+0000] {dagbag.py:387} ERROR - Failed to import: /opt/airflow/dags/train_model_lakehouse_dag.py
Traceback (most recent call last):
  File "/home/airflow/.local/lib/python3.11/site-packages/airflow/models/dagbag.py", line 383, in parse
    loader.exec_module(new_module)
  File "<frozen importlib._bootstrap_external>", line 940, in exec_module
  File "<frozen importlib._bootstrap>", line 241, in _call_with_frames_removed
  File "/opt/airflow/dags/train_model_lakehouse_dag.py", line 13, in <module>
    train_model = SparkSubmitOperator(
                  ^^^^^^^^^^^^^^^^^^^^
  File "/home/airflow/.local/lib/python3.11/site-packages/airflow/models/baseoperator.py", line 506, in apply_defaults
    result = func(self, **kwargs, default_args=default_args)
             ^^^^^^^^^^^^^^^^^^^^^^^^^^^^^^^^^^^^^^^^^^^^^^^
  File "/home/airflow/.local/lib/python3.11/site-packages/airflow/providers/apache/spark/operators/spark_submit.py", line 139, in __init__
    super().__init__(**kwargs)
  File "/home/airflow/.local/lib/python3.11/site-packages/airflow/models/baseoperator.py", line 506, in apply_defaults
    result = func(self, **kwargs, default_args=default_args)
             ^^^^^^^^^^^^^^^^^^^^^^^^^^^^^^^^^^^^^^^^^^^^^^^
  File "/home/airflow/.local/lib/python3.11/site-packages/airflow/models/baseoperator.py", line 957, in __init__
    raise AirflowException(
airflow.exceptions.AirflowException: Invalid arguments were passed to SparkSubmitOperator (task_id: train_model). Invalid arguments were:
**kwargs: {'master': 'spark://spark-master:7077'}
[2026-06-05T02:17:52.239+0000] {processor.py:927} WARNING - No viable dags retrieved from /opt/airflow/dags/train_model_lakehouse_dag.py
[2026-06-05T02:17:52.267+0000] {processor.py:208} INFO - Processing /opt/airflow/dags/train_model_lakehouse_dag.py took 0.048 seconds
[2026-06-05T02:18:22.566+0000] {processor.py:186} INFO - Started process (PID=540) to work on /opt/airflow/dags/train_model_lakehouse_dag.py
[2026-06-05T02:18:22.566+0000] {processor.py:914} INFO - Processing file /opt/airflow/dags/train_model_lakehouse_dag.py for tasks to queue
[2026-06-05T02:18:22.569+0000] {logging_mixin.py:190} INFO - [2026-06-05T02:18:22.568+0000] {dagbag.py:588} INFO - Filling up the DagBag from /opt/airflow/dags/train_model_lakehouse_dag.py
[2026-06-05T02:18:22.575+0000] {logging_mixin.py:190} INFO - [2026-06-05T02:18:22.572+0000] {dagbag.py:387} ERROR - Failed to import: /opt/airflow/dags/train_model_lakehouse_dag.py
Traceback (most recent call last):
  File "/home/airflow/.local/lib/python3.11/site-packages/airflow/models/dagbag.py", line 383, in parse
    loader.exec_module(new_module)
  File "<frozen importlib._bootstrap_external>", line 940, in exec_module
  File "<frozen importlib._bootstrap>", line 241, in _call_with_frames_removed
  File "/opt/airflow/dags/train_model_lakehouse_dag.py", line 13, in <module>
    train_model = SparkSubmitOperator(
                  ^^^^^^^^^^^^^^^^^^^^
  File "/home/airflow/.local/lib/python3.11/site-packages/airflow/models/baseoperator.py", line 506, in apply_defaults
    result = func(self, **kwargs, default_args=default_args)
             ^^^^^^^^^^^^^^^^^^^^^^^^^^^^^^^^^^^^^^^^^^^^^^^
  File "/home/airflow/.local/lib/python3.11/site-packages/airflow/providers/apache/spark/operators/spark_submit.py", line 139, in __init__
    super().__init__(**kwargs)
  File "/home/airflow/.local/lib/python3.11/site-packages/airflow/models/baseoperator.py", line 506, in apply_defaults
    result = func(self, **kwargs, default_args=default_args)
             ^^^^^^^^^^^^^^^^^^^^^^^^^^^^^^^^^^^^^^^^^^^^^^^
  File "/home/airflow/.local/lib/python3.11/site-packages/airflow/models/baseoperator.py", line 957, in __init__
    raise AirflowException(
airflow.exceptions.AirflowException: Invalid arguments were passed to SparkSubmitOperator (task_id: train_model). Invalid arguments were:
**kwargs: {'master': 'spark://spark-master:7077'}
[2026-06-05T02:18:22.576+0000] {processor.py:927} WARNING - No viable dags retrieved from /opt/airflow/dags/train_model_lakehouse_dag.py
[2026-06-05T02:18:22.601+0000] {processor.py:208} INFO - Processing /opt/airflow/dags/train_model_lakehouse_dag.py took 0.044 seconds
[2026-06-05T02:18:52.777+0000] {processor.py:186} INFO - Started process (PID=545) to work on /opt/airflow/dags/train_model_lakehouse_dag.py
[2026-06-05T02:18:52.803+0000] {processor.py:914} INFO - Processing file /opt/airflow/dags/train_model_lakehouse_dag.py for tasks to queue
[2026-06-05T02:18:52.806+0000] {logging_mixin.py:190} INFO - [2026-06-05T02:18:52.805+0000] {dagbag.py:588} INFO - Filling up the DagBag from /opt/airflow/dags/train_model_lakehouse_dag.py
[2026-06-05T02:18:52.812+0000] {logging_mixin.py:190} INFO - [2026-06-05T02:18:52.810+0000] {dagbag.py:387} ERROR - Failed to import: /opt/airflow/dags/train_model_lakehouse_dag.py
Traceback (most recent call last):
  File "/home/airflow/.local/lib/python3.11/site-packages/airflow/models/dagbag.py", line 383, in parse
    loader.exec_module(new_module)
  File "<frozen importlib._bootstrap_external>", line 940, in exec_module
  File "<frozen importlib._bootstrap>", line 241, in _call_with_frames_removed
  File "/opt/airflow/dags/train_model_lakehouse_dag.py", line 13, in <module>
    train_model = SparkSubmitOperator(
                  ^^^^^^^^^^^^^^^^^^^^
  File "/home/airflow/.local/lib/python3.11/site-packages/airflow/models/baseoperator.py", line 506, in apply_defaults
    result = func(self, **kwargs, default_args=default_args)
             ^^^^^^^^^^^^^^^^^^^^^^^^^^^^^^^^^^^^^^^^^^^^^^^
  File "/home/airflow/.local/lib/python3.11/site-packages/airflow/providers/apache/spark/operators/spark_submit.py", line 139, in __init__
    super().__init__(**kwargs)
  File "/home/airflow/.local/lib/python3.11/site-packages/airflow/models/baseoperator.py", line 506, in apply_defaults
    result = func(self, **kwargs, default_args=default_args)
             ^^^^^^^^^^^^^^^^^^^^^^^^^^^^^^^^^^^^^^^^^^^^^^^
  File "/home/airflow/.local/lib/python3.11/site-packages/airflow/models/baseoperator.py", line 957, in __init__
    raise AirflowException(
airflow.exceptions.AirflowException: Invalid arguments were passed to SparkSubmitOperator (task_id: train_model). Invalid arguments were:
**kwargs: {'master': 'spark://spark-master:7077'}
[2026-06-05T02:18:52.814+0000] {processor.py:927} WARNING - No viable dags retrieved from /opt/airflow/dags/train_model_lakehouse_dag.py
[2026-06-05T02:18:52.842+0000] {processor.py:208} INFO - Processing /opt/airflow/dags/train_model_lakehouse_dag.py took 0.072 seconds
[2026-06-05T02:19:23.094+0000] {processor.py:186} INFO - Started process (PID=550) to work on /opt/airflow/dags/train_model_lakehouse_dag.py
[2026-06-05T02:19:23.095+0000] {processor.py:914} INFO - Processing file /opt/airflow/dags/train_model_lakehouse_dag.py for tasks to queue
[2026-06-05T02:19:23.096+0000] {logging_mixin.py:190} INFO - [2026-06-05T02:19:23.096+0000] {dagbag.py:588} INFO - Filling up the DagBag from /opt/airflow/dags/train_model_lakehouse_dag.py
[2026-06-05T02:19:23.102+0000] {logging_mixin.py:190} INFO - [2026-06-05T02:19:23.100+0000] {dagbag.py:387} ERROR - Failed to import: /opt/airflow/dags/train_model_lakehouse_dag.py
Traceback (most recent call last):
  File "/home/airflow/.local/lib/python3.11/site-packages/airflow/models/dagbag.py", line 383, in parse
    loader.exec_module(new_module)
  File "<frozen importlib._bootstrap_external>", line 940, in exec_module
  File "<frozen importlib._bootstrap>", line 241, in _call_with_frames_removed
  File "/opt/airflow/dags/train_model_lakehouse_dag.py", line 13, in <module>
    train_model = SparkSubmitOperator(
                  ^^^^^^^^^^^^^^^^^^^^
  File "/home/airflow/.local/lib/python3.11/site-packages/airflow/models/baseoperator.py", line 506, in apply_defaults
    result = func(self, **kwargs, default_args=default_args)
             ^^^^^^^^^^^^^^^^^^^^^^^^^^^^^^^^^^^^^^^^^^^^^^^
  File "/home/airflow/.local/lib/python3.11/site-packages/airflow/providers/apache/spark/operators/spark_submit.py", line 139, in __init__
    super().__init__(**kwargs)
  File "/home/airflow/.local/lib/python3.11/site-packages/airflow/models/baseoperator.py", line 506, in apply_defaults
    result = func(self, **kwargs, default_args=default_args)
             ^^^^^^^^^^^^^^^^^^^^^^^^^^^^^^^^^^^^^^^^^^^^^^^
  File "/home/airflow/.local/lib/python3.11/site-packages/airflow/models/baseoperator.py", line 957, in __init__
    raise AirflowException(
airflow.exceptions.AirflowException: Invalid arguments were passed to SparkSubmitOperator (task_id: train_model). Invalid arguments were:
**kwargs: {'master': 'spark://spark-master:7077'}
[2026-06-05T02:19:23.102+0000] {processor.py:927} WARNING - No viable dags retrieved from /opt/airflow/dags/train_model_lakehouse_dag.py
[2026-06-05T02:19:23.128+0000] {processor.py:208} INFO - Processing /opt/airflow/dags/train_model_lakehouse_dag.py took 0.044 seconds
[2026-06-05T02:19:53.309+0000] {processor.py:186} INFO - Started process (PID=555) to work on /opt/airflow/dags/train_model_lakehouse_dag.py
[2026-06-05T02:19:53.310+0000] {processor.py:914} INFO - Processing file /opt/airflow/dags/train_model_lakehouse_dag.py for tasks to queue
[2026-06-05T02:19:53.312+0000] {logging_mixin.py:190} INFO - [2026-06-05T02:19:53.311+0000] {dagbag.py:588} INFO - Filling up the DagBag from /opt/airflow/dags/train_model_lakehouse_dag.py
[2026-06-05T02:19:53.320+0000] {logging_mixin.py:190} INFO - [2026-06-05T02:19:53.317+0000] {dagbag.py:387} ERROR - Failed to import: /opt/airflow/dags/train_model_lakehouse_dag.py
Traceback (most recent call last):
  File "/home/airflow/.local/lib/python3.11/site-packages/airflow/models/dagbag.py", line 383, in parse
    loader.exec_module(new_module)
  File "<frozen importlib._bootstrap_external>", line 940, in exec_module
  File "<frozen importlib._bootstrap>", line 241, in _call_with_frames_removed
  File "/opt/airflow/dags/train_model_lakehouse_dag.py", line 13, in <module>
    train_model = SparkSubmitOperator(
                  ^^^^^^^^^^^^^^^^^^^^
  File "/home/airflow/.local/lib/python3.11/site-packages/airflow/models/baseoperator.py", line 506, in apply_defaults
    result = func(self, **kwargs, default_args=default_args)
             ^^^^^^^^^^^^^^^^^^^^^^^^^^^^^^^^^^^^^^^^^^^^^^^
  File "/home/airflow/.local/lib/python3.11/site-packages/airflow/providers/apache/spark/operators/spark_submit.py", line 139, in __init__
    super().__init__(**kwargs)
  File "/home/airflow/.local/lib/python3.11/site-packages/airflow/models/baseoperator.py", line 506, in apply_defaults
    result = func(self, **kwargs, default_args=default_args)
             ^^^^^^^^^^^^^^^^^^^^^^^^^^^^^^^^^^^^^^^^^^^^^^^
  File "/home/airflow/.local/lib/python3.11/site-packages/airflow/models/baseoperator.py", line 957, in __init__
    raise AirflowException(
airflow.exceptions.AirflowException: Invalid arguments were passed to SparkSubmitOperator (task_id: train_model). Invalid arguments were:
**kwargs: {'master': 'spark://spark-master:7077'}
[2026-06-05T02:19:53.321+0000] {processor.py:927} WARNING - No viable dags retrieved from /opt/airflow/dags/train_model_lakehouse_dag.py
[2026-06-05T02:19:53.354+0000] {processor.py:208} INFO - Processing /opt/airflow/dags/train_model_lakehouse_dag.py took 0.053 seconds
[2026-06-05T02:20:10.450+0000] {processor.py:186} INFO - Started process (PID=560) to work on /opt/airflow/dags/train_model_lakehouse_dag.py
[2026-06-05T02:20:10.451+0000] {processor.py:914} INFO - Processing file /opt/airflow/dags/train_model_lakehouse_dag.py for tasks to queue
[2026-06-05T02:20:10.452+0000] {logging_mixin.py:190} INFO - [2026-06-05T02:20:10.452+0000] {dagbag.py:588} INFO - Filling up the DagBag from /opt/airflow/dags/train_model_lakehouse_dag.py
[2026-06-05T02:20:10.464+0000] {processor.py:925} INFO - DAG(s) 'train_model_lakehouse' retrieved from /opt/airflow/dags/train_model_lakehouse_dag.py
[2026-06-05T02:20:10.691+0000] {logging_mixin.py:190} INFO - [2026-06-05T02:20:10.691+0000] {dag.py:3239} INFO - Sync 1 DAGs
[2026-06-05T02:20:10.704+0000] {logging_mixin.py:190} INFO - [2026-06-05T02:20:10.704+0000] {dag.py:4180} INFO - Setting next_dagrun for train_model_lakehouse to None, run_after=None
[2026-06-05T02:20:10.727+0000] {processor.py:208} INFO - Processing /opt/airflow/dags/train_model_lakehouse_dag.py took 0.285 seconds
[2026-06-05T02:20:41.015+0000] {processor.py:186} INFO - Started process (PID=615) to work on /opt/airflow/dags/train_model_lakehouse_dag.py
[2026-06-05T02:20:41.034+0000] {processor.py:914} INFO - Processing file /opt/airflow/dags/train_model_lakehouse_dag.py for tasks to queue
[2026-06-05T02:20:41.036+0000] {logging_mixin.py:190} INFO - [2026-06-05T02:20:41.036+0000] {dagbag.py:588} INFO - Filling up the DagBag from /opt/airflow/dags/train_model_lakehouse_dag.py
[2026-06-05T02:20:41.053+0000] {processor.py:925} INFO - DAG(s) 'train_model_lakehouse' retrieved from /opt/airflow/dags/train_model_lakehouse_dag.py
[2026-06-05T02:20:41.096+0000] {logging_mixin.py:190} INFO - [2026-06-05T02:20:41.096+0000] {dag.py:3239} INFO - Sync 1 DAGs
[2026-06-05T02:20:41.113+0000] {logging_mixin.py:190} INFO - [2026-06-05T02:20:41.113+0000] {dag.py:4180} INFO - Setting next_dagrun for train_model_lakehouse to None, run_after=None
[2026-06-05T02:20:41.131+0000] {processor.py:208} INFO - Processing /opt/airflow/dags/train_model_lakehouse_dag.py took 0.130 seconds
[2026-06-05T02:21:11.271+0000] {processor.py:186} INFO - Started process (PID=620) to work on /opt/airflow/dags/train_model_lakehouse_dag.py
[2026-06-05T02:21:11.272+0000] {processor.py:914} INFO - Processing file /opt/airflow/dags/train_model_lakehouse_dag.py for tasks to queue
[2026-06-05T02:21:11.274+0000] {logging_mixin.py:190} INFO - [2026-06-05T02:21:11.273+0000] {dagbag.py:588} INFO - Filling up the DagBag from /opt/airflow/dags/train_model_lakehouse_dag.py
[2026-06-05T02:21:11.290+0000] {processor.py:925} INFO - DAG(s) 'train_model_lakehouse' retrieved from /opt/airflow/dags/train_model_lakehouse_dag.py
[2026-06-05T02:21:11.324+0000] {logging_mixin.py:190} INFO - [2026-06-05T02:21:11.324+0000] {dag.py:3239} INFO - Sync 1 DAGs
[2026-06-05T02:21:11.343+0000] {logging_mixin.py:190} INFO - [2026-06-05T02:21:11.343+0000] {dag.py:4180} INFO - Setting next_dagrun for train_model_lakehouse to None, run_after=None
[2026-06-05T02:21:11.362+0000] {processor.py:208} INFO - Processing /opt/airflow/dags/train_model_lakehouse_dag.py took 0.103 seconds
[2026-06-05T02:21:41.630+0000] {processor.py:186} INFO - Started process (PID=674) to work on /opt/airflow/dags/train_model_lakehouse_dag.py
[2026-06-05T02:21:41.650+0000] {processor.py:914} INFO - Processing file /opt/airflow/dags/train_model_lakehouse_dag.py for tasks to queue
[2026-06-05T02:21:41.652+0000] {logging_mixin.py:190} INFO - [2026-06-05T02:21:41.651+0000] {dagbag.py:588} INFO - Filling up the DagBag from /opt/airflow/dags/train_model_lakehouse_dag.py
[2026-06-05T02:21:41.664+0000] {processor.py:925} INFO - DAG(s) 'train_model_lakehouse' retrieved from /opt/airflow/dags/train_model_lakehouse_dag.py
[2026-06-05T02:21:41.698+0000] {logging_mixin.py:190} INFO - [2026-06-05T02:21:41.698+0000] {dag.py:3239} INFO - Sync 1 DAGs
[2026-06-05T02:21:41.713+0000] {logging_mixin.py:190} INFO - [2026-06-05T02:21:41.713+0000] {dag.py:4180} INFO - Setting next_dagrun for train_model_lakehouse to None, run_after=None
[2026-06-05T02:21:41.731+0000] {processor.py:208} INFO - Processing /opt/airflow/dags/train_model_lakehouse_dag.py took 0.110 seconds
[2026-06-05T02:22:11.959+0000] {processor.py:186} INFO - Started process (PID=679) to work on /opt/airflow/dags/train_model_lakehouse_dag.py
[2026-06-05T02:22:11.980+0000] {processor.py:914} INFO - Processing file /opt/airflow/dags/train_model_lakehouse_dag.py for tasks to queue
[2026-06-05T02:22:11.983+0000] {logging_mixin.py:190} INFO - [2026-06-05T02:22:11.982+0000] {dagbag.py:588} INFO - Filling up the DagBag from /opt/airflow/dags/train_model_lakehouse_dag.py
[2026-06-05T02:22:11.995+0000] {processor.py:925} INFO - DAG(s) 'train_model_lakehouse' retrieved from /opt/airflow/dags/train_model_lakehouse_dag.py
[2026-06-05T02:22:12.028+0000] {logging_mixin.py:190} INFO - [2026-06-05T02:22:12.028+0000] {dag.py:3239} INFO - Sync 1 DAGs
[2026-06-05T02:22:12.042+0000] {logging_mixin.py:190} INFO - [2026-06-05T02:22:12.042+0000] {dag.py:4180} INFO - Setting next_dagrun for train_model_lakehouse to None, run_after=None
[2026-06-05T02:22:12.079+0000] {processor.py:208} INFO - Processing /opt/airflow/dags/train_model_lakehouse_dag.py took 0.138 seconds
[2026-06-05T02:22:42.210+0000] {processor.py:186} INFO - Started process (PID=684) to work on /opt/airflow/dags/train_model_lakehouse_dag.py
[2026-06-05T02:22:42.212+0000] {processor.py:914} INFO - Processing file /opt/airflow/dags/train_model_lakehouse_dag.py for tasks to queue
[2026-06-05T02:22:42.213+0000] {logging_mixin.py:190} INFO - [2026-06-05T02:22:42.212+0000] {dagbag.py:588} INFO - Filling up the DagBag from /opt/airflow/dags/train_model_lakehouse_dag.py
[2026-06-05T02:22:42.222+0000] {processor.py:925} INFO - DAG(s) 'train_model_lakehouse' retrieved from /opt/airflow/dags/train_model_lakehouse_dag.py
[2026-06-05T02:22:42.252+0000] {logging_mixin.py:190} INFO - [2026-06-05T02:22:42.252+0000] {dag.py:3239} INFO - Sync 1 DAGs
[2026-06-05T02:22:42.266+0000] {logging_mixin.py:190} INFO - [2026-06-05T02:22:42.266+0000] {dag.py:4180} INFO - Setting next_dagrun for train_model_lakehouse to None, run_after=None
[2026-06-05T02:22:42.302+0000] {processor.py:208} INFO - Processing /opt/airflow/dags/train_model_lakehouse_dag.py took 0.099 seconds
[2026-06-05T02:23:12.557+0000] {processor.py:186} INFO - Started process (PID=689) to work on /opt/airflow/dags/train_model_lakehouse_dag.py
[2026-06-05T02:23:12.558+0000] {processor.py:914} INFO - Processing file /opt/airflow/dags/train_model_lakehouse_dag.py for tasks to queue
[2026-06-05T02:23:12.560+0000] {logging_mixin.py:190} INFO - [2026-06-05T02:23:12.559+0000] {dagbag.py:588} INFO - Filling up the DagBag from /opt/airflow/dags/train_model_lakehouse_dag.py
[2026-06-05T02:23:12.573+0000] {processor.py:925} INFO - DAG(s) 'train_model_lakehouse' retrieved from /opt/airflow/dags/train_model_lakehouse_dag.py
[2026-06-05T02:23:12.609+0000] {logging_mixin.py:190} INFO - [2026-06-05T02:23:12.609+0000] {dag.py:3239} INFO - Sync 1 DAGs
[2026-06-05T02:23:12.625+0000] {logging_mixin.py:190} INFO - [2026-06-05T02:23:12.625+0000] {dag.py:4180} INFO - Setting next_dagrun for train_model_lakehouse to None, run_after=None
[2026-06-05T02:23:12.667+0000] {processor.py:208} INFO - Processing /opt/airflow/dags/train_model_lakehouse_dag.py took 0.121 seconds
[2026-06-05T02:23:42.807+0000] {processor.py:186} INFO - Started process (PID=694) to work on /opt/airflow/dags/train_model_lakehouse_dag.py
[2026-06-05T02:23:42.808+0000] {processor.py:914} INFO - Processing file /opt/airflow/dags/train_model_lakehouse_dag.py for tasks to queue
[2026-06-05T02:23:42.810+0000] {logging_mixin.py:190} INFO - [2026-06-05T02:23:42.809+0000] {dagbag.py:588} INFO - Filling up the DagBag from /opt/airflow/dags/train_model_lakehouse_dag.py
[2026-06-05T02:23:42.822+0000] {processor.py:925} INFO - DAG(s) 'train_model_lakehouse' retrieved from /opt/airflow/dags/train_model_lakehouse_dag.py
[2026-06-05T02:23:42.855+0000] {logging_mixin.py:190} INFO - [2026-06-05T02:23:42.854+0000] {dag.py:3239} INFO - Sync 1 DAGs
[2026-06-05T02:23:42.872+0000] {logging_mixin.py:190} INFO - [2026-06-05T02:23:42.871+0000] {dag.py:4180} INFO - Setting next_dagrun for train_model_lakehouse to None, run_after=None
[2026-06-05T02:23:42.891+0000] {processor.py:208} INFO - Processing /opt/airflow/dags/train_model_lakehouse_dag.py took 0.096 seconds
[2026-06-05T02:24:13.065+0000] {processor.py:186} INFO - Started process (PID=699) to work on /opt/airflow/dags/train_model_lakehouse_dag.py
[2026-06-05T02:24:13.066+0000] {processor.py:914} INFO - Processing file /opt/airflow/dags/train_model_lakehouse_dag.py for tasks to queue
[2026-06-05T02:24:13.067+0000] {logging_mixin.py:190} INFO - [2026-06-05T02:24:13.067+0000] {dagbag.py:588} INFO - Filling up the DagBag from /opt/airflow/dags/train_model_lakehouse_dag.py
[2026-06-05T02:24:13.078+0000] {processor.py:925} INFO - DAG(s) 'train_model_lakehouse' retrieved from /opt/airflow/dags/train_model_lakehouse_dag.py
[2026-06-05T02:24:13.111+0000] {logging_mixin.py:190} INFO - [2026-06-05T02:24:13.111+0000] {dag.py:3239} INFO - Sync 1 DAGs
[2026-06-05T02:24:13.127+0000] {logging_mixin.py:190} INFO - [2026-06-05T02:24:13.127+0000] {dag.py:4180} INFO - Setting next_dagrun for train_model_lakehouse to None, run_after=None
[2026-06-05T02:24:13.149+0000] {processor.py:208} INFO - Processing /opt/airflow/dags/train_model_lakehouse_dag.py took 0.092 seconds
[2026-06-05T02:24:42.353+0000] {processor.py:186} INFO - Started process (PID=704) to work on /opt/airflow/dags/train_model_lakehouse_dag.py
[2026-06-05T02:24:42.354+0000] {processor.py:914} INFO - Processing file /opt/airflow/dags/train_model_lakehouse_dag.py for tasks to queue
[2026-06-05T02:24:42.356+0000] {logging_mixin.py:190} INFO - [2026-06-05T02:24:42.355+0000] {dagbag.py:588} INFO - Filling up the DagBag from /opt/airflow/dags/train_model_lakehouse_dag.py
[2026-06-05T02:24:42.366+0000] {processor.py:925} INFO - DAG(s) 'train_model_lakehouse' retrieved from /opt/airflow/dags/train_model_lakehouse_dag.py
[2026-06-05T02:24:42.509+0000] {logging_mixin.py:190} INFO - [2026-06-05T02:24:42.508+0000] {dag.py:3239} INFO - Sync 1 DAGs
[2026-06-05T02:24:42.521+0000] {logging_mixin.py:190} INFO - [2026-06-05T02:24:42.521+0000] {dag.py:4180} INFO - Setting next_dagrun for train_model_lakehouse to None, run_after=None
[2026-06-05T02:24:42.564+0000] {processor.py:208} INFO - Processing /opt/airflow/dags/train_model_lakehouse_dag.py took 0.219 seconds
[2026-06-05T02:24:49.473+0000] {processor.py:186} INFO - Started process (PID=709) to work on /opt/airflow/dags/train_model_lakehouse_dag.py
[2026-06-05T02:24:49.499+0000] {processor.py:914} INFO - Processing file /opt/airflow/dags/train_model_lakehouse_dag.py for tasks to queue
[2026-06-05T02:24:49.501+0000] {logging_mixin.py:190} INFO - [2026-06-05T02:24:49.500+0000] {dagbag.py:588} INFO - Filling up the DagBag from /opt/airflow/dags/train_model_lakehouse_dag.py
[2026-06-05T02:24:49.517+0000] {processor.py:925} INFO - DAG(s) 'train_model_lakehouse' retrieved from /opt/airflow/dags/train_model_lakehouse_dag.py
[2026-06-05T02:24:49.539+0000] {logging_mixin.py:190} INFO - [2026-06-05T02:24:49.539+0000] {dag.py:3239} INFO - Sync 1 DAGs
[2026-06-05T02:24:49.556+0000] {logging_mixin.py:190} INFO - [2026-06-05T02:24:49.556+0000] {dag.py:4180} INFO - Setting next_dagrun for train_model_lakehouse to None, run_after=None
[2026-06-05T02:24:49.591+0000] {processor.py:208} INFO - Processing /opt/airflow/dags/train_model_lakehouse_dag.py took 0.135 seconds
[2026-06-05T02:25:19.693+0000] {processor.py:186} INFO - Started process (PID=772) to work on /opt/airflow/dags/train_model_lakehouse_dag.py
[2026-06-05T02:25:19.726+0000] {processor.py:914} INFO - Processing file /opt/airflow/dags/train_model_lakehouse_dag.py for tasks to queue
[2026-06-05T02:25:19.728+0000] {logging_mixin.py:190} INFO - [2026-06-05T02:25:19.728+0000] {dagbag.py:588} INFO - Filling up the DagBag from /opt/airflow/dags/train_model_lakehouse_dag.py
[2026-06-05T02:25:19.745+0000] {processor.py:925} INFO - DAG(s) 'train_model_lakehouse' retrieved from /opt/airflow/dags/train_model_lakehouse_dag.py
[2026-06-05T02:25:19.834+0000] {logging_mixin.py:190} INFO - [2026-06-05T02:25:19.834+0000] {dag.py:3239} INFO - Sync 1 DAGs
[2026-06-05T02:25:19.853+0000] {logging_mixin.py:190} INFO - [2026-06-05T02:25:19.853+0000] {dag.py:4180} INFO - Setting next_dagrun for train_model_lakehouse to None, run_after=None
[2026-06-05T02:25:19.877+0000] {processor.py:208} INFO - Processing /opt/airflow/dags/train_model_lakehouse_dag.py took 0.195 seconds
[2026-06-05T02:25:50.061+0000] {processor.py:186} INFO - Started process (PID=777) to work on /opt/airflow/dags/train_model_lakehouse_dag.py
[2026-06-05T02:25:50.062+0000] {processor.py:914} INFO - Processing file /opt/airflow/dags/train_model_lakehouse_dag.py for tasks to queue
[2026-06-05T02:25:50.064+0000] {logging_mixin.py:190} INFO - [2026-06-05T02:25:50.063+0000] {dagbag.py:588} INFO - Filling up the DagBag from /opt/airflow/dags/train_model_lakehouse_dag.py
[2026-06-05T02:25:50.074+0000] {processor.py:925} INFO - DAG(s) 'train_model_lakehouse' retrieved from /opt/airflow/dags/train_model_lakehouse_dag.py
[2026-06-05T02:25:50.106+0000] {logging_mixin.py:190} INFO - [2026-06-05T02:25:50.106+0000] {dag.py:3239} INFO - Sync 1 DAGs
[2026-06-05T02:25:50.122+0000] {logging_mixin.py:190} INFO - [2026-06-05T02:25:50.121+0000] {dag.py:4180} INFO - Setting next_dagrun for train_model_lakehouse to None, run_after=None
[2026-06-05T02:25:50.141+0000] {processor.py:208} INFO - Processing /opt/airflow/dags/train_model_lakehouse_dag.py took 0.086 seconds
[2026-06-05T02:26:20.434+0000] {processor.py:186} INFO - Started process (PID=782) to work on /opt/airflow/dags/train_model_lakehouse_dag.py
[2026-06-05T02:26:20.471+0000] {processor.py:914} INFO - Processing file /opt/airflow/dags/train_model_lakehouse_dag.py for tasks to queue
[2026-06-05T02:26:20.474+0000] {logging_mixin.py:190} INFO - [2026-06-05T02:26:20.473+0000] {dagbag.py:588} INFO - Filling up the DagBag from /opt/airflow/dags/train_model_lakehouse_dag.py
[2026-06-05T02:26:20.496+0000] {processor.py:925} INFO - DAG(s) 'train_model_lakehouse' retrieved from /opt/airflow/dags/train_model_lakehouse_dag.py
[2026-06-05T02:26:20.533+0000] {logging_mixin.py:190} INFO - [2026-06-05T02:26:20.533+0000] {dag.py:3239} INFO - Sync 1 DAGs
[2026-06-05T02:26:20.549+0000] {logging_mixin.py:190} INFO - [2026-06-05T02:26:20.548+0000] {dag.py:4180} INFO - Setting next_dagrun for train_model_lakehouse to None, run_after=None
[2026-06-05T02:26:20.570+0000] {processor.py:208} INFO - Processing /opt/airflow/dags/train_model_lakehouse_dag.py took 0.144 seconds
[2026-06-05T02:26:50.793+0000] {processor.py:186} INFO - Started process (PID=788) to work on /opt/airflow/dags/train_model_lakehouse_dag.py
[2026-06-05T02:26:50.795+0000] {processor.py:914} INFO - Processing file /opt/airflow/dags/train_model_lakehouse_dag.py for tasks to queue
[2026-06-05T02:26:50.797+0000] {logging_mixin.py:190} INFO - [2026-06-05T02:26:50.796+0000] {dagbag.py:588} INFO - Filling up the DagBag from /opt/airflow/dags/train_model_lakehouse_dag.py
[2026-06-05T02:26:50.812+0000] {processor.py:925} INFO - DAG(s) 'train_model_lakehouse' retrieved from /opt/airflow/dags/train_model_lakehouse_dag.py
[2026-06-05T02:26:50.844+0000] {logging_mixin.py:190} INFO - [2026-06-05T02:26:50.844+0000] {dag.py:3239} INFO - Sync 1 DAGs
[2026-06-05T02:26:50.859+0000] {logging_mixin.py:190} INFO - [2026-06-05T02:26:50.859+0000] {dag.py:4180} INFO - Setting next_dagrun for train_model_lakehouse to None, run_after=None
[2026-06-05T02:26:51.006+0000] {processor.py:208} INFO - Processing /opt/airflow/dags/train_model_lakehouse_dag.py took 0.222 seconds
[2026-06-05T02:30:13.244+0000] {processor.py:186} INFO - Started process (PID=167) to work on /opt/airflow/dags/train_model_lakehouse_dag.py
[2026-06-05T02:30:13.265+0000] {processor.py:914} INFO - Processing file /opt/airflow/dags/train_model_lakehouse_dag.py for tasks to queue
[2026-06-05T02:30:13.344+0000] {logging_mixin.py:190} INFO - [2026-06-05T02:30:13.343+0000] {dagbag.py:588} INFO - Filling up the DagBag from /opt/airflow/dags/train_model_lakehouse_dag.py
[2026-06-05T02:30:13.401+0000] {processor.py:925} INFO - DAG(s) 'train_model_lakehouse' retrieved from /opt/airflow/dags/train_model_lakehouse_dag.py
[2026-06-05T02:30:13.674+0000] {logging_mixin.py:190} INFO - [2026-06-05T02:30:13.669+0000] {dag.py:3239} INFO - Sync 1 DAGs
[2026-06-05T02:30:13.852+0000] {logging_mixin.py:190} INFO - [2026-06-05T02:30:13.852+0000] {dag.py:4180} INFO - Setting next_dagrun for train_model_lakehouse to None, run_after=None
[2026-06-05T02:30:13.952+0000] {processor.py:208} INFO - Processing /opt/airflow/dags/train_model_lakehouse_dag.py took 0.796 seconds
[2026-06-05T02:30:44.421+0000] {processor.py:186} INFO - Started process (PID=232) to work on /opt/airflow/dags/train_model_lakehouse_dag.py
[2026-06-05T02:30:44.423+0000] {processor.py:914} INFO - Processing file /opt/airflow/dags/train_model_lakehouse_dag.py for tasks to queue
[2026-06-05T02:30:44.432+0000] {logging_mixin.py:190} INFO - [2026-06-05T02:30:44.428+0000] {dagbag.py:588} INFO - Filling up the DagBag from /opt/airflow/dags/train_model_lakehouse_dag.py
[2026-06-05T02:30:44.629+0000] {processor.py:925} INFO - DAG(s) 'train_model_lakehouse' retrieved from /opt/airflow/dags/train_model_lakehouse_dag.py
[2026-06-05T02:30:44.754+0000] {logging_mixin.py:190} INFO - [2026-06-05T02:30:44.753+0000] {dag.py:3239} INFO - Sync 1 DAGs
[2026-06-05T02:30:44.822+0000] {logging_mixin.py:190} INFO - [2026-06-05T02:30:44.821+0000] {dag.py:4180} INFO - Setting next_dagrun for train_model_lakehouse to None, run_after=None
[2026-06-05T02:30:44.864+0000] {processor.py:208} INFO - Processing /opt/airflow/dags/train_model_lakehouse_dag.py took 0.454 seconds
[2026-06-05T02:31:18.960+0000] {processor.py:186} INFO - Started process (PID=282) to work on /opt/airflow/dags/train_model_lakehouse_dag.py
[2026-06-05T02:31:19.006+0000] {processor.py:914} INFO - Processing file /opt/airflow/dags/train_model_lakehouse_dag.py for tasks to queue
[2026-06-05T02:31:19.374+0000] {logging_mixin.py:190} INFO - [2026-06-05T02:31:19.364+0000] {dagbag.py:588} INFO - Filling up the DagBag from /opt/airflow/dags/train_model_lakehouse_dag.py
[2026-06-05T02:31:20.106+0000] {processor.py:925} INFO - DAG(s) 'train_model_lakehouse' retrieved from /opt/airflow/dags/train_model_lakehouse_dag.py
[2026-06-05T02:31:21.605+0000] {logging_mixin.py:190} INFO - [2026-06-05T02:31:21.603+0000] {dag.py:3239} INFO - Sync 1 DAGs
[2026-06-05T02:31:22.154+0000] {logging_mixin.py:190} INFO - [2026-06-05T02:31:22.154+0000] {dag.py:4180} INFO - Setting next_dagrun for train_model_lakehouse to None, run_after=None
[2026-06-05T02:31:22.703+0000] {processor.py:208} INFO - Processing /opt/airflow/dags/train_model_lakehouse_dag.py took 4.763 seconds
[2026-06-05T02:31:52.967+0000] {processor.py:186} INFO - Started process (PID=370) to work on /opt/airflow/dags/train_model_lakehouse_dag.py
[2026-06-05T02:31:52.970+0000] {processor.py:914} INFO - Processing file /opt/airflow/dags/train_model_lakehouse_dag.py for tasks to queue
[2026-06-05T02:31:52.977+0000] {logging_mixin.py:190} INFO - [2026-06-05T02:31:52.976+0000] {dagbag.py:588} INFO - Filling up the DagBag from /opt/airflow/dags/train_model_lakehouse_dag.py
[2026-06-05T02:31:53.042+0000] {processor.py:925} INFO - DAG(s) 'train_model_lakehouse' retrieved from /opt/airflow/dags/train_model_lakehouse_dag.py
[2026-06-05T02:31:53.150+0000] {logging_mixin.py:190} INFO - [2026-06-05T02:31:53.149+0000] {dag.py:3239} INFO - Sync 1 DAGs
[2026-06-05T02:31:53.182+0000] {logging_mixin.py:190} INFO - [2026-06-05T02:31:53.181+0000] {dag.py:4180} INFO - Setting next_dagrun for train_model_lakehouse to None, run_after=None
[2026-06-05T02:31:53.218+0000] {processor.py:208} INFO - Processing /opt/airflow/dags/train_model_lakehouse_dag.py took 0.267 seconds
[2026-06-05T02:32:23.405+0000] {processor.py:186} INFO - Started process (PID=375) to work on /opt/airflow/dags/train_model_lakehouse_dag.py
[2026-06-05T02:32:23.406+0000] {processor.py:914} INFO - Processing file /opt/airflow/dags/train_model_lakehouse_dag.py for tasks to queue
[2026-06-05T02:32:23.411+0000] {logging_mixin.py:190} INFO - [2026-06-05T02:32:23.411+0000] {dagbag.py:588} INFO - Filling up the DagBag from /opt/airflow/dags/train_model_lakehouse_dag.py
[2026-06-05T02:32:23.432+0000] {processor.py:925} INFO - DAG(s) 'train_model_lakehouse' retrieved from /opt/airflow/dags/train_model_lakehouse_dag.py
[2026-06-05T02:32:23.490+0000] {logging_mixin.py:190} INFO - [2026-06-05T02:32:23.489+0000] {dag.py:3239} INFO - Sync 1 DAGs
[2026-06-05T02:32:23.529+0000] {logging_mixin.py:190} INFO - [2026-06-05T02:32:23.528+0000] {dag.py:4180} INFO - Setting next_dagrun for train_model_lakehouse to None, run_after=None
[2026-06-05T02:32:23.573+0000] {processor.py:208} INFO - Processing /opt/airflow/dags/train_model_lakehouse_dag.py took 0.181 seconds
[2026-06-05T02:32:53.792+0000] {processor.py:186} INFO - Started process (PID=380) to work on /opt/airflow/dags/train_model_lakehouse_dag.py
[2026-06-05T02:32:53.794+0000] {processor.py:914} INFO - Processing file /opt/airflow/dags/train_model_lakehouse_dag.py for tasks to queue
[2026-06-05T02:32:53.801+0000] {logging_mixin.py:190} INFO - [2026-06-05T02:32:53.800+0000] {dagbag.py:588} INFO - Filling up the DagBag from /opt/airflow/dags/train_model_lakehouse_dag.py
[2026-06-05T02:32:53.819+0000] {processor.py:925} INFO - DAG(s) 'train_model_lakehouse' retrieved from /opt/airflow/dags/train_model_lakehouse_dag.py
[2026-06-05T02:32:53.873+0000] {logging_mixin.py:190} INFO - [2026-06-05T02:32:53.872+0000] {dag.py:3239} INFO - Sync 1 DAGs
[2026-06-05T02:32:53.900+0000] {logging_mixin.py:190} INFO - [2026-06-05T02:32:53.899+0000] {dag.py:4180} INFO - Setting next_dagrun for train_model_lakehouse to None, run_after=None
[2026-06-05T02:32:53.932+0000] {processor.py:208} INFO - Processing /opt/airflow/dags/train_model_lakehouse_dag.py took 0.150 seconds
[2026-06-05T02:33:24.149+0000] {processor.py:186} INFO - Started process (PID=385) to work on /opt/airflow/dags/train_model_lakehouse_dag.py
[2026-06-05T02:33:24.150+0000] {processor.py:914} INFO - Processing file /opt/airflow/dags/train_model_lakehouse_dag.py for tasks to queue
[2026-06-05T02:33:24.153+0000] {logging_mixin.py:190} INFO - [2026-06-05T02:33:24.153+0000] {dagbag.py:588} INFO - Filling up the DagBag from /opt/airflow/dags/train_model_lakehouse_dag.py
[2026-06-05T02:33:24.166+0000] {processor.py:925} INFO - DAG(s) 'train_model_lakehouse' retrieved from /opt/airflow/dags/train_model_lakehouse_dag.py
[2026-06-05T02:33:24.208+0000] {logging_mixin.py:190} INFO - [2026-06-05T02:33:24.207+0000] {dag.py:3239} INFO - Sync 1 DAGs
[2026-06-05T02:33:24.226+0000] {logging_mixin.py:190} INFO - [2026-06-05T02:33:24.225+0000] {dag.py:4180} INFO - Setting next_dagrun for train_model_lakehouse to None, run_after=None
[2026-06-05T02:33:24.251+0000] {processor.py:208} INFO - Processing /opt/airflow/dags/train_model_lakehouse_dag.py took 0.111 seconds
[2026-06-05T02:33:54.412+0000] {processor.py:186} INFO - Started process (PID=390) to work on /opt/airflow/dags/train_model_lakehouse_dag.py
[2026-06-05T02:33:54.415+0000] {processor.py:914} INFO - Processing file /opt/airflow/dags/train_model_lakehouse_dag.py for tasks to queue
[2026-06-05T02:33:54.424+0000] {logging_mixin.py:190} INFO - [2026-06-05T02:33:54.423+0000] {dagbag.py:588} INFO - Filling up the DagBag from /opt/airflow/dags/train_model_lakehouse_dag.py
[2026-06-05T02:33:54.457+0000] {processor.py:925} INFO - DAG(s) 'train_model_lakehouse' retrieved from /opt/airflow/dags/train_model_lakehouse_dag.py
[2026-06-05T02:33:54.554+0000] {logging_mixin.py:190} INFO - [2026-06-05T02:33:54.554+0000] {dag.py:3239} INFO - Sync 1 DAGs
[2026-06-05T02:33:54.576+0000] {logging_mixin.py:190} INFO - [2026-06-05T02:33:54.575+0000] {dag.py:4180} INFO - Setting next_dagrun for train_model_lakehouse to None, run_after=None
[2026-06-05T02:33:54.605+0000] {processor.py:208} INFO - Processing /opt/airflow/dags/train_model_lakehouse_dag.py took 0.215 seconds
[2026-06-05T02:34:24.816+0000] {processor.py:186} INFO - Started process (PID=395) to work on /opt/airflow/dags/train_model_lakehouse_dag.py
[2026-06-05T02:34:24.819+0000] {processor.py:914} INFO - Processing file /opt/airflow/dags/train_model_lakehouse_dag.py for tasks to queue
[2026-06-05T02:34:24.832+0000] {logging_mixin.py:190} INFO - [2026-06-05T02:34:24.830+0000] {dagbag.py:588} INFO - Filling up the DagBag from /opt/airflow/dags/train_model_lakehouse_dag.py
[2026-06-05T02:34:24.865+0000] {processor.py:925} INFO - DAG(s) 'train_model_lakehouse' retrieved from /opt/airflow/dags/train_model_lakehouse_dag.py
[2026-06-05T02:34:24.921+0000] {logging_mixin.py:190} INFO - [2026-06-05T02:34:24.921+0000] {dag.py:3239} INFO - Sync 1 DAGs
[2026-06-05T02:34:24.947+0000] {logging_mixin.py:190} INFO - [2026-06-05T02:34:24.947+0000] {dag.py:4180} INFO - Setting next_dagrun for train_model_lakehouse to None, run_after=None
[2026-06-05T02:34:24.978+0000] {processor.py:208} INFO - Processing /opt/airflow/dags/train_model_lakehouse_dag.py took 0.188 seconds
[2026-06-05T02:34:55.193+0000] {processor.py:186} INFO - Started process (PID=400) to work on /opt/airflow/dags/train_model_lakehouse_dag.py
[2026-06-05T02:34:55.197+0000] {processor.py:914} INFO - Processing file /opt/airflow/dags/train_model_lakehouse_dag.py for tasks to queue
[2026-06-05T02:34:55.206+0000] {logging_mixin.py:190} INFO - [2026-06-05T02:34:55.204+0000] {dagbag.py:588} INFO - Filling up the DagBag from /opt/airflow/dags/train_model_lakehouse_dag.py
[2026-06-05T02:34:55.240+0000] {processor.py:925} INFO - DAG(s) 'train_model_lakehouse' retrieved from /opt/airflow/dags/train_model_lakehouse_dag.py
[2026-06-05T02:34:55.389+0000] {logging_mixin.py:190} INFO - [2026-06-05T02:34:55.388+0000] {dag.py:3239} INFO - Sync 1 DAGs
[2026-06-05T02:34:55.477+0000] {logging_mixin.py:190} INFO - [2026-06-05T02:34:55.476+0000] {dag.py:4180} INFO - Setting next_dagrun for train_model_lakehouse to None, run_after=None
[2026-06-05T02:34:55.566+0000] {processor.py:208} INFO - Processing /opt/airflow/dags/train_model_lakehouse_dag.py took 0.392 seconds
[2026-06-05T02:35:25.967+0000] {processor.py:186} INFO - Started process (PID=405) to work on /opt/airflow/dags/train_model_lakehouse_dag.py
[2026-06-05T02:35:25.988+0000] {processor.py:914} INFO - Processing file /opt/airflow/dags/train_model_lakehouse_dag.py for tasks to queue
[2026-06-05T02:35:26.000+0000] {logging_mixin.py:190} INFO - [2026-06-05T02:35:25.998+0000] {dagbag.py:588} INFO - Filling up the DagBag from /opt/airflow/dags/train_model_lakehouse_dag.py
[2026-06-05T02:35:26.042+0000] {processor.py:925} INFO - DAG(s) 'train_model_lakehouse' retrieved from /opt/airflow/dags/train_model_lakehouse_dag.py
[2026-06-05T02:35:26.151+0000] {logging_mixin.py:190} INFO - [2026-06-05T02:35:26.150+0000] {dag.py:3239} INFO - Sync 1 DAGs
[2026-06-05T02:35:26.206+0000] {logging_mixin.py:190} INFO - [2026-06-05T02:35:26.206+0000] {dag.py:4180} INFO - Setting next_dagrun for train_model_lakehouse to None, run_after=None
[2026-06-05T02:35:26.273+0000] {processor.py:208} INFO - Processing /opt/airflow/dags/train_model_lakehouse_dag.py took 0.329 seconds
[2026-06-05T02:35:56.583+0000] {processor.py:186} INFO - Started process (PID=410) to work on /opt/airflow/dags/train_model_lakehouse_dag.py
[2026-06-05T02:35:56.584+0000] {processor.py:914} INFO - Processing file /opt/airflow/dags/train_model_lakehouse_dag.py for tasks to queue
[2026-06-05T02:35:56.589+0000] {logging_mixin.py:190} INFO - [2026-06-05T02:35:56.589+0000] {dagbag.py:588} INFO - Filling up the DagBag from /opt/airflow/dags/train_model_lakehouse_dag.py
[2026-06-05T02:35:56.606+0000] {processor.py:925} INFO - DAG(s) 'train_model_lakehouse' retrieved from /opt/airflow/dags/train_model_lakehouse_dag.py
[2026-06-05T02:35:56.661+0000] {logging_mixin.py:190} INFO - [2026-06-05T02:35:56.660+0000] {dag.py:3239} INFO - Sync 1 DAGs
[2026-06-05T02:35:56.686+0000] {logging_mixin.py:190} INFO - [2026-06-05T02:35:56.685+0000] {dag.py:4180} INFO - Setting next_dagrun for train_model_lakehouse to None, run_after=None
[2026-06-05T02:35:56.742+0000] {processor.py:208} INFO - Processing /opt/airflow/dags/train_model_lakehouse_dag.py took 0.170 seconds
[2026-06-05T02:36:26.870+0000] {processor.py:186} INFO - Started process (PID=415) to work on /opt/airflow/dags/train_model_lakehouse_dag.py
[2026-06-05T02:36:26.872+0000] {processor.py:914} INFO - Processing file /opt/airflow/dags/train_model_lakehouse_dag.py for tasks to queue
[2026-06-05T02:36:26.877+0000] {logging_mixin.py:190} INFO - [2026-06-05T02:36:26.876+0000] {dagbag.py:588} INFO - Filling up the DagBag from /opt/airflow/dags/train_model_lakehouse_dag.py
[2026-06-05T02:36:26.894+0000] {processor.py:925} INFO - DAG(s) 'train_model_lakehouse' retrieved from /opt/airflow/dags/train_model_lakehouse_dag.py
[2026-06-05T02:36:26.945+0000] {logging_mixin.py:190} INFO - [2026-06-05T02:36:26.945+0000] {dag.py:3239} INFO - Sync 1 DAGs
[2026-06-05T02:36:26.969+0000] {logging_mixin.py:190} INFO - [2026-06-05T02:36:26.969+0000] {dag.py:4180} INFO - Setting next_dagrun for train_model_lakehouse to None, run_after=None
[2026-06-05T02:36:27.022+0000] {processor.py:208} INFO - Processing /opt/airflow/dags/train_model_lakehouse_dag.py took 0.167 seconds
[2026-06-05T02:36:57.338+0000] {processor.py:186} INFO - Started process (PID=420) to work on /opt/airflow/dags/train_model_lakehouse_dag.py
[2026-06-05T02:36:57.339+0000] {processor.py:914} INFO - Processing file /opt/airflow/dags/train_model_lakehouse_dag.py for tasks to queue
[2026-06-05T02:36:57.343+0000] {logging_mixin.py:190} INFO - [2026-06-05T02:36:57.343+0000] {dagbag.py:588} INFO - Filling up the DagBag from /opt/airflow/dags/train_model_lakehouse_dag.py
[2026-06-05T02:36:57.358+0000] {processor.py:925} INFO - DAG(s) 'train_model_lakehouse' retrieved from /opt/airflow/dags/train_model_lakehouse_dag.py
[2026-06-05T02:36:57.403+0000] {logging_mixin.py:190} INFO - [2026-06-05T02:36:57.403+0000] {dag.py:3239} INFO - Sync 1 DAGs
[2026-06-05T02:36:57.433+0000] {logging_mixin.py:190} INFO - [2026-06-05T02:36:57.433+0000] {dag.py:4180} INFO - Setting next_dagrun for train_model_lakehouse to None, run_after=None
[2026-06-05T02:36:57.498+0000] {processor.py:208} INFO - Processing /opt/airflow/dags/train_model_lakehouse_dag.py took 0.170 seconds
[2026-06-05T02:37:27.632+0000] {processor.py:186} INFO - Started process (PID=425) to work on /opt/airflow/dags/train_model_lakehouse_dag.py
[2026-06-05T02:37:27.660+0000] {processor.py:914} INFO - Processing file /opt/airflow/dags/train_model_lakehouse_dag.py for tasks to queue
[2026-06-05T02:37:27.672+0000] {logging_mixin.py:190} INFO - [2026-06-05T02:37:27.670+0000] {dagbag.py:588} INFO - Filling up the DagBag from /opt/airflow/dags/train_model_lakehouse_dag.py
[2026-06-05T02:37:27.694+0000] {processor.py:925} INFO - DAG(s) 'train_model_lakehouse' retrieved from /opt/airflow/dags/train_model_lakehouse_dag.py
[2026-06-05T02:37:27.746+0000] {logging_mixin.py:190} INFO - [2026-06-05T02:37:27.746+0000] {dag.py:3239} INFO - Sync 1 DAGs
[2026-06-05T02:37:27.772+0000] {logging_mixin.py:190} INFO - [2026-06-05T02:37:27.772+0000] {dag.py:4180} INFO - Setting next_dagrun for train_model_lakehouse to None, run_after=None
[2026-06-05T02:37:27.799+0000] {processor.py:208} INFO - Processing /opt/airflow/dags/train_model_lakehouse_dag.py took 0.189 seconds
[2026-06-05T02:37:58.091+0000] {processor.py:186} INFO - Started process (PID=430) to work on /opt/airflow/dags/train_model_lakehouse_dag.py
[2026-06-05T02:37:58.094+0000] {processor.py:914} INFO - Processing file /opt/airflow/dags/train_model_lakehouse_dag.py for tasks to queue
[2026-06-05T02:37:58.106+0000] {logging_mixin.py:190} INFO - [2026-06-05T02:37:58.104+0000] {dagbag.py:588} INFO - Filling up the DagBag from /opt/airflow/dags/train_model_lakehouse_dag.py
[2026-06-05T02:37:58.144+0000] {processor.py:925} INFO - DAG(s) 'train_model_lakehouse' retrieved from /opt/airflow/dags/train_model_lakehouse_dag.py
[2026-06-05T02:37:58.252+0000] {logging_mixin.py:190} INFO - [2026-06-05T02:37:58.251+0000] {dag.py:3239} INFO - Sync 1 DAGs
[2026-06-05T02:37:58.302+0000] {logging_mixin.py:190} INFO - [2026-06-05T02:37:58.302+0000] {dag.py:4180} INFO - Setting next_dagrun for train_model_lakehouse to None, run_after=None
[2026-06-05T02:37:58.358+0000] {processor.py:208} INFO - Processing /opt/airflow/dags/train_model_lakehouse_dag.py took 0.291 seconds
[2026-06-05T02:38:28.673+0000] {processor.py:186} INFO - Started process (PID=435) to work on /opt/airflow/dags/train_model_lakehouse_dag.py
[2026-06-05T02:38:28.677+0000] {processor.py:914} INFO - Processing file /opt/airflow/dags/train_model_lakehouse_dag.py for tasks to queue
[2026-06-05T02:38:28.686+0000] {logging_mixin.py:190} INFO - [2026-06-05T02:38:28.685+0000] {dagbag.py:588} INFO - Filling up the DagBag from /opt/airflow/dags/train_model_lakehouse_dag.py
[2026-06-05T02:38:28.721+0000] {processor.py:925} INFO - DAG(s) 'train_model_lakehouse' retrieved from /opt/airflow/dags/train_model_lakehouse_dag.py
[2026-06-05T02:38:28.816+0000] {logging_mixin.py:190} INFO - [2026-06-05T02:38:28.815+0000] {dag.py:3239} INFO - Sync 1 DAGs
[2026-06-05T02:38:28.839+0000] {logging_mixin.py:190} INFO - [2026-06-05T02:38:28.839+0000] {dag.py:4180} INFO - Setting next_dagrun for train_model_lakehouse to None, run_after=None
[2026-06-05T02:38:28.895+0000] {processor.py:208} INFO - Processing /opt/airflow/dags/train_model_lakehouse_dag.py took 0.245 seconds
[2026-06-05T02:38:59.252+0000] {processor.py:186} INFO - Started process (PID=440) to work on /opt/airflow/dags/train_model_lakehouse_dag.py
[2026-06-05T02:38:59.254+0000] {processor.py:914} INFO - Processing file /opt/airflow/dags/train_model_lakehouse_dag.py for tasks to queue
[2026-06-05T02:38:59.262+0000] {logging_mixin.py:190} INFO - [2026-06-05T02:38:59.261+0000] {dagbag.py:588} INFO - Filling up the DagBag from /opt/airflow/dags/train_model_lakehouse_dag.py
[2026-06-05T02:38:59.283+0000] {processor.py:925} INFO - DAG(s) 'train_model_lakehouse' retrieved from /opt/airflow/dags/train_model_lakehouse_dag.py
[2026-06-05T02:38:59.326+0000] {logging_mixin.py:190} INFO - [2026-06-05T02:38:59.326+0000] {dag.py:3239} INFO - Sync 1 DAGs
[2026-06-05T02:38:59.348+0000] {logging_mixin.py:190} INFO - [2026-06-05T02:38:59.348+0000] {dag.py:4180} INFO - Setting next_dagrun for train_model_lakehouse to None, run_after=None
[2026-06-05T02:38:59.382+0000] {processor.py:208} INFO - Processing /opt/airflow/dags/train_model_lakehouse_dag.py took 0.155 seconds
[2026-06-05T02:39:29.516+0000] {processor.py:186} INFO - Started process (PID=445) to work on /opt/airflow/dags/train_model_lakehouse_dag.py
[2026-06-05T02:39:29.519+0000] {processor.py:914} INFO - Processing file /opt/airflow/dags/train_model_lakehouse_dag.py for tasks to queue
[2026-06-05T02:39:29.530+0000] {logging_mixin.py:190} INFO - [2026-06-05T02:39:29.529+0000] {dagbag.py:588} INFO - Filling up the DagBag from /opt/airflow/dags/train_model_lakehouse_dag.py
[2026-06-05T02:39:29.573+0000] {processor.py:925} INFO - DAG(s) 'train_model_lakehouse' retrieved from /opt/airflow/dags/train_model_lakehouse_dag.py
[2026-06-05T02:39:29.703+0000] {logging_mixin.py:190} INFO - [2026-06-05T02:39:29.703+0000] {dag.py:3239} INFO - Sync 1 DAGs
[2026-06-05T02:39:29.758+0000] {logging_mixin.py:190} INFO - [2026-06-05T02:39:29.757+0000] {dag.py:4180} INFO - Setting next_dagrun for train_model_lakehouse to None, run_after=None
[2026-06-05T02:39:29.814+0000] {processor.py:208} INFO - Processing /opt/airflow/dags/train_model_lakehouse_dag.py took 0.326 seconds
[2026-06-05T02:40:00.007+0000] {processor.py:186} INFO - Started process (PID=450) to work on /opt/airflow/dags/train_model_lakehouse_dag.py
[2026-06-05T02:40:00.011+0000] {processor.py:914} INFO - Processing file /opt/airflow/dags/train_model_lakehouse_dag.py for tasks to queue
[2026-06-05T02:40:00.024+0000] {logging_mixin.py:190} INFO - [2026-06-05T02:40:00.022+0000] {dagbag.py:588} INFO - Filling up the DagBag from /opt/airflow/dags/train_model_lakehouse_dag.py
[2026-06-05T02:40:00.063+0000] {processor.py:925} INFO - DAG(s) 'train_model_lakehouse' retrieved from /opt/airflow/dags/train_model_lakehouse_dag.py
[2026-06-05T02:40:00.161+0000] {logging_mixin.py:190} INFO - [2026-06-05T02:40:00.160+0000] {dag.py:3239} INFO - Sync 1 DAGs
[2026-06-05T02:40:00.185+0000] {logging_mixin.py:190} INFO - [2026-06-05T02:40:00.185+0000] {dag.py:4180} INFO - Setting next_dagrun for train_model_lakehouse to None, run_after=None
[2026-06-05T02:40:00.248+0000] {processor.py:208} INFO - Processing /opt/airflow/dags/train_model_lakehouse_dag.py took 0.273 seconds
[2026-06-05T02:40:30.515+0000] {processor.py:186} INFO - Started process (PID=455) to work on /opt/airflow/dags/train_model_lakehouse_dag.py
[2026-06-05T02:40:30.516+0000] {processor.py:914} INFO - Processing file /opt/airflow/dags/train_model_lakehouse_dag.py for tasks to queue
[2026-06-05T02:40:30.520+0000] {logging_mixin.py:190} INFO - [2026-06-05T02:40:30.520+0000] {dagbag.py:588} INFO - Filling up the DagBag from /opt/airflow/dags/train_model_lakehouse_dag.py
[2026-06-05T02:40:30.538+0000] {processor.py:925} INFO - DAG(s) 'train_model_lakehouse' retrieved from /opt/airflow/dags/train_model_lakehouse_dag.py
[2026-06-05T02:40:30.587+0000] {logging_mixin.py:190} INFO - [2026-06-05T02:40:30.586+0000] {dag.py:3239} INFO - Sync 1 DAGs
[2026-06-05T02:40:30.613+0000] {logging_mixin.py:190} INFO - [2026-06-05T02:40:30.612+0000] {dag.py:4180} INFO - Setting next_dagrun for train_model_lakehouse to None, run_after=None
[2026-06-05T02:40:30.643+0000] {processor.py:208} INFO - Processing /opt/airflow/dags/train_model_lakehouse_dag.py took 0.141 seconds
[2026-06-05T02:41:00.863+0000] {processor.py:186} INFO - Started process (PID=460) to work on /opt/airflow/dags/train_model_lakehouse_dag.py
[2026-06-05T02:41:00.866+0000] {processor.py:914} INFO - Processing file /opt/airflow/dags/train_model_lakehouse_dag.py for tasks to queue
[2026-06-05T02:41:00.878+0000] {logging_mixin.py:190} INFO - [2026-06-05T02:41:00.877+0000] {dagbag.py:588} INFO - Filling up the DagBag from /opt/airflow/dags/train_model_lakehouse_dag.py
[2026-06-05T02:41:00.918+0000] {processor.py:925} INFO - DAG(s) 'train_model_lakehouse' retrieved from /opt/airflow/dags/train_model_lakehouse_dag.py
[2026-06-05T02:41:00.998+0000] {logging_mixin.py:190} INFO - [2026-06-05T02:41:00.998+0000] {dag.py:3239} INFO - Sync 1 DAGs
[2026-06-05T02:41:01.027+0000] {logging_mixin.py:190} INFO - [2026-06-05T02:41:01.027+0000] {dag.py:4180} INFO - Setting next_dagrun for train_model_lakehouse to None, run_after=None
[2026-06-05T02:41:01.053+0000] {processor.py:208} INFO - Processing /opt/airflow/dags/train_model_lakehouse_dag.py took 0.217 seconds
[2026-06-05T02:41:31.186+0000] {processor.py:186} INFO - Started process (PID=465) to work on /opt/airflow/dags/train_model_lakehouse_dag.py
[2026-06-05T02:41:31.279+0000] {processor.py:914} INFO - Processing file /opt/airflow/dags/train_model_lakehouse_dag.py for tasks to queue
[2026-06-05T02:41:31.288+0000] {logging_mixin.py:190} INFO - [2026-06-05T02:41:31.287+0000] {dagbag.py:588} INFO - Filling up the DagBag from /opt/airflow/dags/train_model_lakehouse_dag.py
[2026-06-05T02:41:31.322+0000] {processor.py:925} INFO - DAG(s) 'train_model_lakehouse' retrieved from /opt/airflow/dags/train_model_lakehouse_dag.py
[2026-06-05T02:41:31.439+0000] {logging_mixin.py:190} INFO - [2026-06-05T02:41:31.438+0000] {dag.py:3239} INFO - Sync 1 DAGs
[2026-06-05T02:41:31.484+0000] {logging_mixin.py:190} INFO - [2026-06-05T02:41:31.483+0000] {dag.py:4180} INFO - Setting next_dagrun for train_model_lakehouse to None, run_after=None
[2026-06-05T02:41:31.599+0000] {processor.py:208} INFO - Processing /opt/airflow/dags/train_model_lakehouse_dag.py took 0.440 seconds
[2026-06-05T02:42:01.895+0000] {processor.py:186} INFO - Started process (PID=470) to work on /opt/airflow/dags/train_model_lakehouse_dag.py
[2026-06-05T02:42:01.898+0000] {processor.py:914} INFO - Processing file /opt/airflow/dags/train_model_lakehouse_dag.py for tasks to queue
[2026-06-05T02:42:01.908+0000] {logging_mixin.py:190} INFO - [2026-06-05T02:42:01.907+0000] {dagbag.py:588} INFO - Filling up the DagBag from /opt/airflow/dags/train_model_lakehouse_dag.py
[2026-06-05T02:42:01.943+0000] {processor.py:925} INFO - DAG(s) 'train_model_lakehouse' retrieved from /opt/airflow/dags/train_model_lakehouse_dag.py
[2026-06-05T02:42:02.040+0000] {logging_mixin.py:190} INFO - [2026-06-05T02:42:02.040+0000] {dag.py:3239} INFO - Sync 1 DAGs
[2026-06-05T02:42:02.063+0000] {logging_mixin.py:190} INFO - [2026-06-05T02:42:02.062+0000] {dag.py:4180} INFO - Setting next_dagrun for train_model_lakehouse to None, run_after=None
[2026-06-05T02:42:02.087+0000] {processor.py:208} INFO - Processing /opt/airflow/dags/train_model_lakehouse_dag.py took 0.214 seconds
[2026-06-05T02:42:32.195+0000] {processor.py:186} INFO - Started process (PID=475) to work on /opt/airflow/dags/train_model_lakehouse_dag.py
[2026-06-05T02:42:32.223+0000] {processor.py:914} INFO - Processing file /opt/airflow/dags/train_model_lakehouse_dag.py for tasks to queue
[2026-06-05T02:42:32.231+0000] {logging_mixin.py:190} INFO - [2026-06-05T02:42:32.230+0000] {dagbag.py:588} INFO - Filling up the DagBag from /opt/airflow/dags/train_model_lakehouse_dag.py
[2026-06-05T02:42:32.263+0000] {processor.py:925} INFO - DAG(s) 'train_model_lakehouse' retrieved from /opt/airflow/dags/train_model_lakehouse_dag.py
[2026-06-05T02:42:32.361+0000] {logging_mixin.py:190} INFO - [2026-06-05T02:42:32.361+0000] {dag.py:3239} INFO - Sync 1 DAGs
[2026-06-05T02:42:32.407+0000] {logging_mixin.py:190} INFO - [2026-06-05T02:42:32.406+0000] {dag.py:4180} INFO - Setting next_dagrun for train_model_lakehouse to None, run_after=None
[2026-06-05T02:42:32.485+0000] {processor.py:208} INFO - Processing /opt/airflow/dags/train_model_lakehouse_dag.py took 0.313 seconds
[2026-06-05T02:43:02.724+0000] {processor.py:186} INFO - Started process (PID=480) to work on /opt/airflow/dags/train_model_lakehouse_dag.py
[2026-06-05T02:43:02.727+0000] {processor.py:914} INFO - Processing file /opt/airflow/dags/train_model_lakehouse_dag.py for tasks to queue
[2026-06-05T02:43:02.736+0000] {logging_mixin.py:190} INFO - [2026-06-05T02:43:02.735+0000] {dagbag.py:588} INFO - Filling up the DagBag from /opt/airflow/dags/train_model_lakehouse_dag.py
[2026-06-05T02:43:02.774+0000] {processor.py:925} INFO - DAG(s) 'train_model_lakehouse' retrieved from /opt/airflow/dags/train_model_lakehouse_dag.py
[2026-06-05T02:43:02.870+0000] {logging_mixin.py:190} INFO - [2026-06-05T02:43:02.869+0000] {dag.py:3239} INFO - Sync 1 DAGs
[2026-06-05T02:43:02.893+0000] {logging_mixin.py:190} INFO - [2026-06-05T02:43:02.893+0000] {dag.py:4180} INFO - Setting next_dagrun for train_model_lakehouse to None, run_after=None
[2026-06-05T02:43:02.944+0000] {processor.py:208} INFO - Processing /opt/airflow/dags/train_model_lakehouse_dag.py took 0.245 seconds
[2026-06-05T02:43:33.039+0000] {processor.py:186} INFO - Started process (PID=485) to work on /opt/airflow/dags/train_model_lakehouse_dag.py
[2026-06-05T02:43:33.057+0000] {processor.py:914} INFO - Processing file /opt/airflow/dags/train_model_lakehouse_dag.py for tasks to queue
[2026-06-05T02:43:33.065+0000] {logging_mixin.py:190} INFO - [2026-06-05T02:43:33.064+0000] {dagbag.py:588} INFO - Filling up the DagBag from /opt/airflow/dags/train_model_lakehouse_dag.py
[2026-06-05T02:43:33.097+0000] {processor.py:925} INFO - DAG(s) 'train_model_lakehouse' retrieved from /opt/airflow/dags/train_model_lakehouse_dag.py
[2026-06-05T02:43:33.193+0000] {logging_mixin.py:190} INFO - [2026-06-05T02:43:33.192+0000] {dag.py:3239} INFO - Sync 1 DAGs
[2026-06-05T02:43:33.248+0000] {logging_mixin.py:190} INFO - [2026-06-05T02:43:33.248+0000] {dag.py:4180} INFO - Setting next_dagrun for train_model_lakehouse to None, run_after=None
[2026-06-05T02:43:33.316+0000] {processor.py:208} INFO - Processing /opt/airflow/dags/train_model_lakehouse_dag.py took 0.299 seconds
[2026-06-05T02:44:03.546+0000] {processor.py:186} INFO - Started process (PID=490) to work on /opt/airflow/dags/train_model_lakehouse_dag.py
[2026-06-05T02:44:03.549+0000] {processor.py:914} INFO - Processing file /opt/airflow/dags/train_model_lakehouse_dag.py for tasks to queue
[2026-06-05T02:44:03.560+0000] {logging_mixin.py:190} INFO - [2026-06-05T02:44:03.559+0000] {dagbag.py:588} INFO - Filling up the DagBag from /opt/airflow/dags/train_model_lakehouse_dag.py
[2026-06-05T02:44:03.601+0000] {processor.py:925} INFO - DAG(s) 'train_model_lakehouse' retrieved from /opt/airflow/dags/train_model_lakehouse_dag.py
[2026-06-05T02:44:03.719+0000] {logging_mixin.py:190} INFO - [2026-06-05T02:44:03.718+0000] {dag.py:3239} INFO - Sync 1 DAGs
[2026-06-05T02:44:03.773+0000] {logging_mixin.py:190} INFO - [2026-06-05T02:44:03.772+0000] {dag.py:4180} INFO - Setting next_dagrun for train_model_lakehouse to None, run_after=None
[2026-06-05T02:44:03.830+0000] {processor.py:208} INFO - Processing /opt/airflow/dags/train_model_lakehouse_dag.py took 0.313 seconds
[2026-06-05T02:44:33.990+0000] {processor.py:186} INFO - Started process (PID=495) to work on /opt/airflow/dags/train_model_lakehouse_dag.py
[2026-06-05T02:44:34.012+0000] {processor.py:914} INFO - Processing file /opt/airflow/dags/train_model_lakehouse_dag.py for tasks to queue
[2026-06-05T02:44:34.020+0000] {logging_mixin.py:190} INFO - [2026-06-05T02:44:34.019+0000] {dagbag.py:588} INFO - Filling up the DagBag from /opt/airflow/dags/train_model_lakehouse_dag.py
[2026-06-05T02:44:34.055+0000] {processor.py:925} INFO - DAG(s) 'train_model_lakehouse' retrieved from /opt/airflow/dags/train_model_lakehouse_dag.py
[2026-06-05T02:44:34.163+0000] {logging_mixin.py:190} INFO - [2026-06-05T02:44:34.162+0000] {dag.py:3239} INFO - Sync 1 DAGs
[2026-06-05T02:44:34.220+0000] {logging_mixin.py:190} INFO - [2026-06-05T02:44:34.219+0000] {dag.py:4180} INFO - Setting next_dagrun for train_model_lakehouse to None, run_after=None
[2026-06-05T02:44:34.262+0000] {processor.py:208} INFO - Processing /opt/airflow/dags/train_model_lakehouse_dag.py took 0.296 seconds
[2026-06-05T02:45:04.481+0000] {processor.py:186} INFO - Started process (PID=500) to work on /opt/airflow/dags/train_model_lakehouse_dag.py
[2026-06-05T02:45:04.484+0000] {processor.py:914} INFO - Processing file /opt/airflow/dags/train_model_lakehouse_dag.py for tasks to queue
[2026-06-05T02:45:04.494+0000] {logging_mixin.py:190} INFO - [2026-06-05T02:45:04.493+0000] {dagbag.py:588} INFO - Filling up the DagBag from /opt/airflow/dags/train_model_lakehouse_dag.py
[2026-06-05T02:45:04.533+0000] {processor.py:925} INFO - DAG(s) 'train_model_lakehouse' retrieved from /opt/airflow/dags/train_model_lakehouse_dag.py
[2026-06-05T02:45:04.631+0000] {logging_mixin.py:190} INFO - [2026-06-05T02:45:04.630+0000] {dag.py:3239} INFO - Sync 1 DAGs
[2026-06-05T02:45:04.654+0000] {logging_mixin.py:190} INFO - [2026-06-05T02:45:04.654+0000] {dag.py:4180} INFO - Setting next_dagrun for train_model_lakehouse to None, run_after=None
[2026-06-05T02:45:04.681+0000] {processor.py:208} INFO - Processing /opt/airflow/dags/train_model_lakehouse_dag.py took 0.225 seconds
[2026-06-05T02:45:34.821+0000] {processor.py:186} INFO - Started process (PID=505) to work on /opt/airflow/dags/train_model_lakehouse_dag.py
[2026-06-05T02:45:34.854+0000] {processor.py:914} INFO - Processing file /opt/airflow/dags/train_model_lakehouse_dag.py for tasks to queue
[2026-06-05T02:45:34.864+0000] {logging_mixin.py:190} INFO - [2026-06-05T02:45:34.863+0000] {dagbag.py:588} INFO - Filling up the DagBag from /opt/airflow/dags/train_model_lakehouse_dag.py
[2026-06-05T02:45:34.904+0000] {processor.py:925} INFO - DAG(s) 'train_model_lakehouse' retrieved from /opt/airflow/dags/train_model_lakehouse_dag.py
[2026-06-05T02:45:35.015+0000] {logging_mixin.py:190} INFO - [2026-06-05T02:45:35.014+0000] {dag.py:3239} INFO - Sync 1 DAGs
[2026-06-05T02:45:35.072+0000] {logging_mixin.py:190} INFO - [2026-06-05T02:45:35.071+0000] {dag.py:4180} INFO - Setting next_dagrun for train_model_lakehouse to None, run_after=None
[2026-06-05T02:45:35.126+0000] {processor.py:208} INFO - Processing /opt/airflow/dags/train_model_lakehouse_dag.py took 0.326 seconds
[2026-06-05T02:46:05.230+0000] {processor.py:186} INFO - Started process (PID=510) to work on /opt/airflow/dags/train_model_lakehouse_dag.py
[2026-06-05T02:46:05.235+0000] {processor.py:914} INFO - Processing file /opt/airflow/dags/train_model_lakehouse_dag.py for tasks to queue
[2026-06-05T02:46:05.245+0000] {logging_mixin.py:190} INFO - [2026-06-05T02:46:05.244+0000] {dagbag.py:588} INFO - Filling up the DagBag from /opt/airflow/dags/train_model_lakehouse_dag.py
[2026-06-05T02:46:05.288+0000] {processor.py:925} INFO - DAG(s) 'train_model_lakehouse' retrieved from /opt/airflow/dags/train_model_lakehouse_dag.py
[2026-06-05T02:46:05.346+0000] {logging_mixin.py:190} INFO - [2026-06-05T02:46:05.345+0000] {dag.py:3239} INFO - Sync 1 DAGs
[2026-06-05T02:46:05.368+0000] {logging_mixin.py:190} INFO - [2026-06-05T02:46:05.368+0000] {dag.py:4180} INFO - Setting next_dagrun for train_model_lakehouse to None, run_after=None
[2026-06-05T02:46:05.429+0000] {processor.py:208} INFO - Processing /opt/airflow/dags/train_model_lakehouse_dag.py took 0.229 seconds
[2026-06-05T02:46:35.765+0000] {processor.py:186} INFO - Started process (PID=515) to work on /opt/airflow/dags/train_model_lakehouse_dag.py
[2026-06-05T02:46:35.767+0000] {processor.py:914} INFO - Processing file /opt/airflow/dags/train_model_lakehouse_dag.py for tasks to queue
[2026-06-05T02:46:35.774+0000] {logging_mixin.py:190} INFO - [2026-06-05T02:46:35.773+0000] {dagbag.py:588} INFO - Filling up the DagBag from /opt/airflow/dags/train_model_lakehouse_dag.py
[2026-06-05T02:46:35.798+0000] {processor.py:925} INFO - DAG(s) 'train_model_lakehouse' retrieved from /opt/airflow/dags/train_model_lakehouse_dag.py
[2026-06-05T02:46:35.870+0000] {logging_mixin.py:190} INFO - [2026-06-05T02:46:35.870+0000] {dag.py:3239} INFO - Sync 1 DAGs
[2026-06-05T02:46:35.895+0000] {logging_mixin.py:190} INFO - [2026-06-05T02:46:35.895+0000] {dag.py:4180} INFO - Setting next_dagrun for train_model_lakehouse to None, run_after=None
[2026-06-05T02:46:35.924+0000] {processor.py:208} INFO - Processing /opt/airflow/dags/train_model_lakehouse_dag.py took 0.185 seconds
[2026-06-05T02:47:06.011+0000] {processor.py:186} INFO - Started process (PID=520) to work on /opt/airflow/dags/train_model_lakehouse_dag.py
[2026-06-05T02:47:06.013+0000] {processor.py:914} INFO - Processing file /opt/airflow/dags/train_model_lakehouse_dag.py for tasks to queue
[2026-06-05T02:47:06.017+0000] {logging_mixin.py:190} INFO - [2026-06-05T02:47:06.017+0000] {dagbag.py:588} INFO - Filling up the DagBag from /opt/airflow/dags/train_model_lakehouse_dag.py
[2026-06-05T02:47:06.034+0000] {processor.py:925} INFO - DAG(s) 'train_model_lakehouse' retrieved from /opt/airflow/dags/train_model_lakehouse_dag.py
[2026-06-05T02:47:06.085+0000] {logging_mixin.py:190} INFO - [2026-06-05T02:47:06.084+0000] {dag.py:3239} INFO - Sync 1 DAGs
[2026-06-05T02:47:06.110+0000] {logging_mixin.py:190} INFO - [2026-06-05T02:47:06.110+0000] {dag.py:4180} INFO - Setting next_dagrun for train_model_lakehouse to None, run_after=None
[2026-06-05T02:47:06.143+0000] {processor.py:208} INFO - Processing /opt/airflow/dags/train_model_lakehouse_dag.py took 0.145 seconds
[2026-06-05T02:47:36.298+0000] {processor.py:186} INFO - Started process (PID=525) to work on /opt/airflow/dags/train_model_lakehouse_dag.py
[2026-06-05T02:47:36.333+0000] {processor.py:914} INFO - Processing file /opt/airflow/dags/train_model_lakehouse_dag.py for tasks to queue
[2026-06-05T02:47:36.342+0000] {logging_mixin.py:190} INFO - [2026-06-05T02:47:36.341+0000] {dagbag.py:588} INFO - Filling up the DagBag from /opt/airflow/dags/train_model_lakehouse_dag.py
[2026-06-05T02:47:36.379+0000] {processor.py:925} INFO - DAG(s) 'train_model_lakehouse' retrieved from /opt/airflow/dags/train_model_lakehouse_dag.py
[2026-06-05T02:47:36.486+0000] {logging_mixin.py:190} INFO - [2026-06-05T02:47:36.485+0000] {dag.py:3239} INFO - Sync 1 DAGs
[2026-06-05T02:47:36.525+0000] {logging_mixin.py:190} INFO - [2026-06-05T02:47:36.525+0000] {dag.py:4180} INFO - Setting next_dagrun for train_model_lakehouse to None, run_after=None
[2026-06-05T02:47:36.555+0000] {processor.py:208} INFO - Processing /opt/airflow/dags/train_model_lakehouse_dag.py took 0.277 seconds
[2026-06-05T02:47:48.575+0000] {processor.py:186} INFO - Started process (PID=530) to work on /opt/airflow/dags/train_model_lakehouse_dag.py
[2026-06-05T02:47:48.577+0000] {processor.py:914} INFO - Processing file /opt/airflow/dags/train_model_lakehouse_dag.py for tasks to queue
[2026-06-05T02:47:48.587+0000] {logging_mixin.py:190} INFO - [2026-06-05T02:47:48.586+0000] {dagbag.py:588} INFO - Filling up the DagBag from /opt/airflow/dags/train_model_lakehouse_dag.py
[2026-06-05T02:47:48.632+0000] {processor.py:925} INFO - DAG(s) 'train_model_lakehouse' retrieved from /opt/airflow/dags/train_model_lakehouse_dag.py
[2026-06-05T02:47:49.849+0000] {logging_mixin.py:190} INFO - [2026-06-05T02:47:49.849+0000] {dag.py:3239} INFO - Sync 1 DAGs
[2026-06-05T02:47:49.942+0000] {logging_mixin.py:190} INFO - [2026-06-05T02:47:49.941+0000] {dag.py:4180} INFO - Setting next_dagrun for train_model_lakehouse to None, run_after=None
[2026-06-05T02:47:50.018+0000] {processor.py:208} INFO - Processing /opt/airflow/dags/train_model_lakehouse_dag.py took 1.468 seconds
[2026-06-05T02:48:20.301+0000] {processor.py:186} INFO - Started process (PID=535) to work on /opt/airflow/dags/train_model_lakehouse_dag.py
[2026-06-05T02:48:20.335+0000] {processor.py:914} INFO - Processing file /opt/airflow/dags/train_model_lakehouse_dag.py for tasks to queue
[2026-06-05T02:48:20.338+0000] {logging_mixin.py:190} INFO - [2026-06-05T02:48:20.338+0000] {dagbag.py:588} INFO - Filling up the DagBag from /opt/airflow/dags/train_model_lakehouse_dag.py
[2026-06-05T02:48:20.351+0000] {processor.py:925} INFO - DAG(s) 'train_model_lakehouse' retrieved from /opt/airflow/dags/train_model_lakehouse_dag.py
[2026-06-05T02:48:20.386+0000] {logging_mixin.py:190} INFO - [2026-06-05T02:48:20.386+0000] {dag.py:3239} INFO - Sync 1 DAGs
[2026-06-05T02:48:20.403+0000] {logging_mixin.py:190} INFO - [2026-06-05T02:48:20.402+0000] {dag.py:4180} INFO - Setting next_dagrun for train_model_lakehouse to None, run_after=None
[2026-06-05T02:48:20.425+0000] {processor.py:208} INFO - Processing /opt/airflow/dags/train_model_lakehouse_dag.py took 0.132 seconds
[2026-06-05T02:48:50.533+0000] {processor.py:186} INFO - Started process (PID=540) to work on /opt/airflow/dags/train_model_lakehouse_dag.py
[2026-06-05T02:48:50.534+0000] {processor.py:914} INFO - Processing file /opt/airflow/dags/train_model_lakehouse_dag.py for tasks to queue
[2026-06-05T02:48:50.540+0000] {logging_mixin.py:190} INFO - [2026-06-05T02:48:50.539+0000] {dagbag.py:588} INFO - Filling up the DagBag from /opt/airflow/dags/train_model_lakehouse_dag.py
[2026-06-05T02:48:50.560+0000] {processor.py:925} INFO - DAG(s) 'train_model_lakehouse' retrieved from /opt/airflow/dags/train_model_lakehouse_dag.py
[2026-06-05T02:48:50.613+0000] {logging_mixin.py:190} INFO - [2026-06-05T02:48:50.613+0000] {dag.py:3239} INFO - Sync 1 DAGs
[2026-06-05T02:48:50.638+0000] {logging_mixin.py:190} INFO - [2026-06-05T02:48:50.637+0000] {dag.py:4180} INFO - Setting next_dagrun for train_model_lakehouse to None, run_after=None
[2026-06-05T02:48:50.677+0000] {processor.py:208} INFO - Processing /opt/airflow/dags/train_model_lakehouse_dag.py took 0.155 seconds
[2026-06-05T02:49:20.948+0000] {processor.py:186} INFO - Started process (PID=545) to work on /opt/airflow/dags/train_model_lakehouse_dag.py
[2026-06-05T02:49:20.951+0000] {processor.py:914} INFO - Processing file /opt/airflow/dags/train_model_lakehouse_dag.py for tasks to queue
[2026-06-05T02:49:20.959+0000] {logging_mixin.py:190} INFO - [2026-06-05T02:49:20.958+0000] {dagbag.py:588} INFO - Filling up the DagBag from /opt/airflow/dags/train_model_lakehouse_dag.py
[2026-06-05T02:49:20.993+0000] {processor.py:925} INFO - DAG(s) 'train_model_lakehouse' retrieved from /opt/airflow/dags/train_model_lakehouse_dag.py
[2026-06-05T02:49:21.100+0000] {logging_mixin.py:190} INFO - [2026-06-05T02:49:21.100+0000] {dag.py:3239} INFO - Sync 1 DAGs
[2026-06-05T02:49:21.162+0000] {logging_mixin.py:190} INFO - [2026-06-05T02:49:21.161+0000] {dag.py:4180} INFO - Setting next_dagrun for train_model_lakehouse to None, run_after=None
[2026-06-05T02:49:21.229+0000] {processor.py:208} INFO - Processing /opt/airflow/dags/train_model_lakehouse_dag.py took 0.307 seconds
[2026-06-05T02:49:51.452+0000] {processor.py:186} INFO - Started process (PID=550) to work on /opt/airflow/dags/train_model_lakehouse_dag.py
[2026-06-05T02:49:51.452+0000] {processor.py:914} INFO - Processing file /opt/airflow/dags/train_model_lakehouse_dag.py for tasks to queue
[2026-06-05T02:49:51.456+0000] {logging_mixin.py:190} INFO - [2026-06-05T02:49:51.455+0000] {dagbag.py:588} INFO - Filling up the DagBag from /opt/airflow/dags/train_model_lakehouse_dag.py
[2026-06-05T02:49:51.469+0000] {processor.py:925} INFO - DAG(s) 'train_model_lakehouse' retrieved from /opt/airflow/dags/train_model_lakehouse_dag.py
[2026-06-05T02:49:51.505+0000] {logging_mixin.py:190} INFO - [2026-06-05T02:49:51.505+0000] {dag.py:3239} INFO - Sync 1 DAGs
[2026-06-05T02:49:51.522+0000] {logging_mixin.py:190} INFO - [2026-06-05T02:49:51.521+0000] {dag.py:4180} INFO - Setting next_dagrun for train_model_lakehouse to None, run_after=None
[2026-06-05T02:49:51.567+0000] {processor.py:208} INFO - Processing /opt/airflow/dags/train_model_lakehouse_dag.py took 0.123 seconds
[2026-06-05T02:50:21.700+0000] {processor.py:186} INFO - Started process (PID=555) to work on /opt/airflow/dags/train_model_lakehouse_dag.py
[2026-06-05T02:50:21.703+0000] {processor.py:914} INFO - Processing file /opt/airflow/dags/train_model_lakehouse_dag.py for tasks to queue
[2026-06-05T02:50:21.717+0000] {logging_mixin.py:190} INFO - [2026-06-05T02:50:21.716+0000] {dagbag.py:588} INFO - Filling up the DagBag from /opt/airflow/dags/train_model_lakehouse_dag.py
[2026-06-05T02:50:21.760+0000] {processor.py:925} INFO - DAG(s) 'train_model_lakehouse' retrieved from /opt/airflow/dags/train_model_lakehouse_dag.py
[2026-06-05T02:50:21.884+0000] {logging_mixin.py:190} INFO - [2026-06-05T02:50:21.883+0000] {dag.py:3239} INFO - Sync 1 DAGs
[2026-06-05T02:50:21.942+0000] {logging_mixin.py:190} INFO - [2026-06-05T02:50:21.942+0000] {dag.py:4180} INFO - Setting next_dagrun for train_model_lakehouse to None, run_after=None
[2026-06-05T02:50:21.995+0000] {processor.py:208} INFO - Processing /opt/airflow/dags/train_model_lakehouse_dag.py took 0.323 seconds
[2026-06-05T02:50:52.127+0000] {processor.py:186} INFO - Started process (PID=560) to work on /opt/airflow/dags/train_model_lakehouse_dag.py
[2026-06-05T02:50:52.130+0000] {processor.py:914} INFO - Processing file /opt/airflow/dags/train_model_lakehouse_dag.py for tasks to queue
[2026-06-05T02:50:52.138+0000] {logging_mixin.py:190} INFO - [2026-06-05T02:50:52.137+0000] {dagbag.py:588} INFO - Filling up the DagBag from /opt/airflow/dags/train_model_lakehouse_dag.py
[2026-06-05T02:50:52.172+0000] {processor.py:925} INFO - DAG(s) 'train_model_lakehouse' retrieved from /opt/airflow/dags/train_model_lakehouse_dag.py
[2026-06-05T02:50:52.280+0000] {logging_mixin.py:190} INFO - [2026-06-05T02:50:52.279+0000] {dag.py:3239} INFO - Sync 1 DAGs
[2026-06-05T02:50:52.338+0000] {logging_mixin.py:190} INFO - [2026-06-05T02:50:52.337+0000] {dag.py:4180} INFO - Setting next_dagrun for train_model_lakehouse to None, run_after=None
[2026-06-05T02:50:52.379+0000] {processor.py:208} INFO - Processing /opt/airflow/dags/train_model_lakehouse_dag.py took 0.276 seconds
[2026-06-05T02:51:22.635+0000] {processor.py:186} INFO - Started process (PID=565) to work on /opt/airflow/dags/train_model_lakehouse_dag.py
[2026-06-05T02:51:22.656+0000] {processor.py:914} INFO - Processing file /opt/airflow/dags/train_model_lakehouse_dag.py for tasks to queue
[2026-06-05T02:51:22.665+0000] {logging_mixin.py:190} INFO - [2026-06-05T02:51:22.664+0000] {dagbag.py:588} INFO - Filling up the DagBag from /opt/airflow/dags/train_model_lakehouse_dag.py
[2026-06-05T02:51:22.707+0000] {processor.py:925} INFO - DAG(s) 'train_model_lakehouse' retrieved from /opt/airflow/dags/train_model_lakehouse_dag.py
[2026-06-05T02:51:22.831+0000] {logging_mixin.py:190} INFO - [2026-06-05T02:51:22.830+0000] {dag.py:3239} INFO - Sync 1 DAGs
[2026-06-05T02:51:22.881+0000] {logging_mixin.py:190} INFO - [2026-06-05T02:51:22.881+0000] {dag.py:4180} INFO - Setting next_dagrun for train_model_lakehouse to None, run_after=None
[2026-06-05T02:51:22.940+0000] {processor.py:208} INFO - Processing /opt/airflow/dags/train_model_lakehouse_dag.py took 0.329 seconds
[2026-06-05T02:51:53.209+0000] {processor.py:186} INFO - Started process (PID=570) to work on /opt/airflow/dags/train_model_lakehouse_dag.py
[2026-06-05T02:51:53.210+0000] {processor.py:914} INFO - Processing file /opt/airflow/dags/train_model_lakehouse_dag.py for tasks to queue
[2026-06-05T02:51:53.216+0000] {logging_mixin.py:190} INFO - [2026-06-05T02:51:53.215+0000] {dagbag.py:588} INFO - Filling up the DagBag from /opt/airflow/dags/train_model_lakehouse_dag.py
[2026-06-05T02:51:53.239+0000] {processor.py:925} INFO - DAG(s) 'train_model_lakehouse' retrieved from /opt/airflow/dags/train_model_lakehouse_dag.py
[2026-06-05T02:51:53.303+0000] {logging_mixin.py:190} INFO - [2026-06-05T02:51:53.303+0000] {dag.py:3239} INFO - Sync 1 DAGs
[2026-06-05T02:51:53.337+0000] {logging_mixin.py:190} INFO - [2026-06-05T02:51:53.336+0000] {dag.py:4180} INFO - Setting next_dagrun for train_model_lakehouse to None, run_after=None
[2026-06-05T02:51:53.388+0000] {processor.py:208} INFO - Processing /opt/airflow/dags/train_model_lakehouse_dag.py took 0.194 seconds
[2026-06-05T02:52:23.485+0000] {processor.py:186} INFO - Started process (PID=575) to work on /opt/airflow/dags/train_model_lakehouse_dag.py
[2026-06-05T02:52:23.518+0000] {processor.py:914} INFO - Processing file /opt/airflow/dags/train_model_lakehouse_dag.py for tasks to queue
[2026-06-05T02:52:23.525+0000] {logging_mixin.py:190} INFO - [2026-06-05T02:52:23.524+0000] {dagbag.py:588} INFO - Filling up the DagBag from /opt/airflow/dags/train_model_lakehouse_dag.py
[2026-06-05T02:52:23.548+0000] {processor.py:925} INFO - DAG(s) 'train_model_lakehouse' retrieved from /opt/airflow/dags/train_model_lakehouse_dag.py
[2026-06-05T02:52:23.617+0000] {logging_mixin.py:190} INFO - [2026-06-05T02:52:23.617+0000] {dag.py:3239} INFO - Sync 1 DAGs
[2026-06-05T02:52:23.647+0000] {logging_mixin.py:190} INFO - [2026-06-05T02:52:23.647+0000] {dag.py:4180} INFO - Setting next_dagrun for train_model_lakehouse to None, run_after=None
[2026-06-05T02:52:23.684+0000] {processor.py:208} INFO - Processing /opt/airflow/dags/train_model_lakehouse_dag.py took 0.226 seconds
[2026-06-05T02:52:53.946+0000] {processor.py:186} INFO - Started process (PID=580) to work on /opt/airflow/dags/train_model_lakehouse_dag.py
[2026-06-05T02:52:53.948+0000] {processor.py:914} INFO - Processing file /opt/airflow/dags/train_model_lakehouse_dag.py for tasks to queue
[2026-06-05T02:52:53.956+0000] {logging_mixin.py:190} INFO - [2026-06-05T02:52:53.955+0000] {dagbag.py:588} INFO - Filling up the DagBag from /opt/airflow/dags/train_model_lakehouse_dag.py
[2026-06-05T02:52:53.989+0000] {processor.py:925} INFO - DAG(s) 'train_model_lakehouse' retrieved from /opt/airflow/dags/train_model_lakehouse_dag.py
[2026-06-05T02:52:54.083+0000] {logging_mixin.py:190} INFO - [2026-06-05T02:52:54.083+0000] {dag.py:3239} INFO - Sync 1 DAGs
[2026-06-05T02:52:54.127+0000] {logging_mixin.py:190} INFO - [2026-06-05T02:52:54.127+0000] {dag.py:4180} INFO - Setting next_dagrun for train_model_lakehouse to None, run_after=None
[2026-06-05T02:52:54.210+0000] {processor.py:208} INFO - Processing /opt/airflow/dags/train_model_lakehouse_dag.py took 0.285 seconds
[2026-06-05T02:53:24.518+0000] {processor.py:186} INFO - Started process (PID=585) to work on /opt/airflow/dags/train_model_lakehouse_dag.py
[2026-06-05T02:53:24.554+0000] {processor.py:914} INFO - Processing file /opt/airflow/dags/train_model_lakehouse_dag.py for tasks to queue
[2026-06-05T02:53:24.565+0000] {logging_mixin.py:190} INFO - [2026-06-05T02:53:24.564+0000] {dagbag.py:588} INFO - Filling up the DagBag from /opt/airflow/dags/train_model_lakehouse_dag.py
[2026-06-05T02:53:24.596+0000] {processor.py:925} INFO - DAG(s) 'train_model_lakehouse' retrieved from /opt/airflow/dags/train_model_lakehouse_dag.py
[2026-06-05T02:53:24.654+0000] {logging_mixin.py:190} INFO - [2026-06-05T02:53:24.653+0000] {dag.py:3239} INFO - Sync 1 DAGs
[2026-06-05T02:53:24.686+0000] {logging_mixin.py:190} INFO - [2026-06-05T02:53:24.685+0000] {dag.py:4180} INFO - Setting next_dagrun for train_model_lakehouse to None, run_after=None
[2026-06-05T02:53:24.749+0000] {processor.py:208} INFO - Processing /opt/airflow/dags/train_model_lakehouse_dag.py took 0.259 seconds
[2026-06-05T02:53:55.019+0000] {processor.py:186} INFO - Started process (PID=590) to work on /opt/airflow/dags/train_model_lakehouse_dag.py
[2026-06-05T02:53:55.020+0000] {processor.py:914} INFO - Processing file /opt/airflow/dags/train_model_lakehouse_dag.py for tasks to queue
[2026-06-05T02:53:55.026+0000] {logging_mixin.py:190} INFO - [2026-06-05T02:53:55.025+0000] {dagbag.py:588} INFO - Filling up the DagBag from /opt/airflow/dags/train_model_lakehouse_dag.py
[2026-06-05T02:53:55.042+0000] {processor.py:925} INFO - DAG(s) 'train_model_lakehouse' retrieved from /opt/airflow/dags/train_model_lakehouse_dag.py
[2026-06-05T02:53:55.099+0000] {logging_mixin.py:190} INFO - [2026-06-05T02:53:55.099+0000] {dag.py:3239} INFO - Sync 1 DAGs
[2026-06-05T02:53:55.130+0000] {logging_mixin.py:190} INFO - [2026-06-05T02:53:55.129+0000] {dag.py:4180} INFO - Setting next_dagrun for train_model_lakehouse to None, run_after=None
[2026-06-05T02:53:55.165+0000] {processor.py:208} INFO - Processing /opt/airflow/dags/train_model_lakehouse_dag.py took 0.159 seconds
[2026-06-05T02:54:25.277+0000] {processor.py:186} INFO - Started process (PID=595) to work on /opt/airflow/dags/train_model_lakehouse_dag.py
[2026-06-05T02:54:25.279+0000] {processor.py:914} INFO - Processing file /opt/airflow/dags/train_model_lakehouse_dag.py for tasks to queue
[2026-06-05T02:54:25.282+0000] {logging_mixin.py:190} INFO - [2026-06-05T02:54:25.282+0000] {dagbag.py:588} INFO - Filling up the DagBag from /opt/airflow/dags/train_model_lakehouse_dag.py
[2026-06-05T02:54:25.296+0000] {processor.py:925} INFO - DAG(s) 'train_model_lakehouse' retrieved from /opt/airflow/dags/train_model_lakehouse_dag.py
[2026-06-05T02:54:25.338+0000] {logging_mixin.py:190} INFO - [2026-06-05T02:54:25.338+0000] {dag.py:3239} INFO - Sync 1 DAGs
[2026-06-05T02:54:25.358+0000] {logging_mixin.py:190} INFO - [2026-06-05T02:54:25.358+0000] {dag.py:4180} INFO - Setting next_dagrun for train_model_lakehouse to None, run_after=None
[2026-06-05T02:54:25.382+0000] {processor.py:208} INFO - Processing /opt/airflow/dags/train_model_lakehouse_dag.py took 0.114 seconds
[2026-06-05T02:54:55.514+0000] {processor.py:186} INFO - Started process (PID=600) to work on /opt/airflow/dags/train_model_lakehouse_dag.py
[2026-06-05T02:54:55.516+0000] {processor.py:914} INFO - Processing file /opt/airflow/dags/train_model_lakehouse_dag.py for tasks to queue
[2026-06-05T02:54:55.521+0000] {logging_mixin.py:190} INFO - [2026-06-05T02:54:55.520+0000] {dagbag.py:588} INFO - Filling up the DagBag from /opt/airflow/dags/train_model_lakehouse_dag.py
[2026-06-05T02:54:55.539+0000] {processor.py:925} INFO - DAG(s) 'train_model_lakehouse' retrieved from /opt/airflow/dags/train_model_lakehouse_dag.py
[2026-06-05T02:54:55.592+0000] {logging_mixin.py:190} INFO - [2026-06-05T02:54:55.592+0000] {dag.py:3239} INFO - Sync 1 DAGs
[2026-06-05T02:54:55.614+0000] {logging_mixin.py:190} INFO - [2026-06-05T02:54:55.614+0000] {dag.py:4180} INFO - Setting next_dagrun for train_model_lakehouse to None, run_after=None
[2026-06-05T02:54:55.640+0000] {processor.py:208} INFO - Processing /opt/airflow/dags/train_model_lakehouse_dag.py took 0.136 seconds
[2026-06-05T02:55:25.990+0000] {processor.py:186} INFO - Started process (PID=605) to work on /opt/airflow/dags/train_model_lakehouse_dag.py
[2026-06-05T02:55:26.016+0000] {processor.py:914} INFO - Processing file /opt/airflow/dags/train_model_lakehouse_dag.py for tasks to queue
[2026-06-05T02:55:26.025+0000] {logging_mixin.py:190} INFO - [2026-06-05T02:55:26.024+0000] {dagbag.py:588} INFO - Filling up the DagBag from /opt/airflow/dags/train_model_lakehouse_dag.py
[2026-06-05T02:55:26.065+0000] {processor.py:925} INFO - DAG(s) 'train_model_lakehouse' retrieved from /opt/airflow/dags/train_model_lakehouse_dag.py
[2026-06-05T02:55:26.160+0000] {logging_mixin.py:190} INFO - [2026-06-05T02:55:26.160+0000] {dag.py:3239} INFO - Sync 1 DAGs
[2026-06-05T02:55:26.182+0000] {logging_mixin.py:190} INFO - [2026-06-05T02:55:26.182+0000] {dag.py:4180} INFO - Setting next_dagrun for train_model_lakehouse to None, run_after=None
[2026-06-05T02:55:26.208+0000] {processor.py:208} INFO - Processing /opt/airflow/dags/train_model_lakehouse_dag.py took 0.242 seconds
[2026-06-05T02:55:56.525+0000] {processor.py:186} INFO - Started process (PID=610) to work on /opt/airflow/dags/train_model_lakehouse_dag.py
[2026-06-05T02:55:56.528+0000] {processor.py:914} INFO - Processing file /opt/airflow/dags/train_model_lakehouse_dag.py for tasks to queue
[2026-06-05T02:55:56.537+0000] {logging_mixin.py:190} INFO - [2026-06-05T02:55:56.536+0000] {dagbag.py:588} INFO - Filling up the DagBag from /opt/airflow/dags/train_model_lakehouse_dag.py
[2026-06-05T02:55:56.579+0000] {processor.py:925} INFO - DAG(s) 'train_model_lakehouse' retrieved from /opt/airflow/dags/train_model_lakehouse_dag.py
[2026-06-05T02:55:56.696+0000] {logging_mixin.py:190} INFO - [2026-06-05T02:55:56.695+0000] {dag.py:3239} INFO - Sync 1 DAGs
[2026-06-05T02:55:56.763+0000] {logging_mixin.py:190} INFO - [2026-06-05T02:55:56.762+0000] {dag.py:4180} INFO - Setting next_dagrun for train_model_lakehouse to None, run_after=None
[2026-06-05T02:55:56.834+0000] {processor.py:208} INFO - Processing /opt/airflow/dags/train_model_lakehouse_dag.py took 0.333 seconds
[2026-06-05T02:56:27.129+0000] {processor.py:186} INFO - Started process (PID=615) to work on /opt/airflow/dags/train_model_lakehouse_dag.py
[2026-06-05T02:56:27.158+0000] {processor.py:914} INFO - Processing file /opt/airflow/dags/train_model_lakehouse_dag.py for tasks to queue
[2026-06-05T02:56:27.161+0000] {logging_mixin.py:190} INFO - [2026-06-05T02:56:27.161+0000] {dagbag.py:588} INFO - Filling up the DagBag from /opt/airflow/dags/train_model_lakehouse_dag.py
[2026-06-05T02:56:27.173+0000] {processor.py:925} INFO - DAG(s) 'train_model_lakehouse' retrieved from /opt/airflow/dags/train_model_lakehouse_dag.py
[2026-06-05T02:56:27.209+0000] {logging_mixin.py:190} INFO - [2026-06-05T02:56:27.208+0000] {dag.py:3239} INFO - Sync 1 DAGs
[2026-06-05T02:56:27.225+0000] {logging_mixin.py:190} INFO - [2026-06-05T02:56:27.225+0000] {dag.py:4180} INFO - Setting next_dagrun for train_model_lakehouse to None, run_after=None
[2026-06-05T02:56:27.247+0000] {processor.py:208} INFO - Processing /opt/airflow/dags/train_model_lakehouse_dag.py took 0.126 seconds
[2026-06-05T02:56:57.424+0000] {processor.py:186} INFO - Started process (PID=620) to work on /opt/airflow/dags/train_model_lakehouse_dag.py
[2026-06-05T02:56:57.426+0000] {processor.py:914} INFO - Processing file /opt/airflow/dags/train_model_lakehouse_dag.py for tasks to queue
[2026-06-05T02:56:57.430+0000] {logging_mixin.py:190} INFO - [2026-06-05T02:56:57.430+0000] {dagbag.py:588} INFO - Filling up the DagBag from /opt/airflow/dags/train_model_lakehouse_dag.py
[2026-06-05T02:56:57.447+0000] {processor.py:925} INFO - DAG(s) 'train_model_lakehouse' retrieved from /opt/airflow/dags/train_model_lakehouse_dag.py
[2026-06-05T02:56:57.505+0000] {logging_mixin.py:190} INFO - [2026-06-05T02:56:57.504+0000] {dag.py:3239} INFO - Sync 1 DAGs
[2026-06-05T02:56:57.528+0000] {logging_mixin.py:190} INFO - [2026-06-05T02:56:57.527+0000] {dag.py:4180} INFO - Setting next_dagrun for train_model_lakehouse to None, run_after=None
[2026-06-05T02:56:57.584+0000] {processor.py:208} INFO - Processing /opt/airflow/dags/train_model_lakehouse_dag.py took 0.182 seconds
[2026-06-05T02:57:27.779+0000] {processor.py:186} INFO - Started process (PID=625) to work on /opt/airflow/dags/train_model_lakehouse_dag.py
[2026-06-05T02:57:27.812+0000] {processor.py:914} INFO - Processing file /opt/airflow/dags/train_model_lakehouse_dag.py for tasks to queue
[2026-06-05T02:57:27.822+0000] {logging_mixin.py:190} INFO - [2026-06-05T02:57:27.821+0000] {dagbag.py:588} INFO - Filling up the DagBag from /opt/airflow/dags/train_model_lakehouse_dag.py
[2026-06-05T02:57:27.859+0000] {processor.py:925} INFO - DAG(s) 'train_model_lakehouse' retrieved from /opt/airflow/dags/train_model_lakehouse_dag.py
[2026-06-05T02:57:27.989+0000] {logging_mixin.py:190} INFO - [2026-06-05T02:57:27.988+0000] {dag.py:3239} INFO - Sync 1 DAGs
[2026-06-05T02:57:28.052+0000] {logging_mixin.py:190} INFO - [2026-06-05T02:57:28.052+0000] {dag.py:4180} INFO - Setting next_dagrun for train_model_lakehouse to None, run_after=None
[2026-06-05T02:57:28.140+0000] {processor.py:208} INFO - Processing /opt/airflow/dags/train_model_lakehouse_dag.py took 0.381 seconds
[2026-06-05T02:57:58.392+0000] {processor.py:186} INFO - Started process (PID=630) to work on /opt/airflow/dags/train_model_lakehouse_dag.py
[2026-06-05T02:57:58.393+0000] {processor.py:914} INFO - Processing file /opt/airflow/dags/train_model_lakehouse_dag.py for tasks to queue
[2026-06-05T02:57:58.400+0000] {logging_mixin.py:190} INFO - [2026-06-05T02:57:58.399+0000] {dagbag.py:588} INFO - Filling up the DagBag from /opt/airflow/dags/train_model_lakehouse_dag.py
[2026-06-05T02:57:58.419+0000] {processor.py:925} INFO - DAG(s) 'train_model_lakehouse' retrieved from /opt/airflow/dags/train_model_lakehouse_dag.py
[2026-06-05T02:57:58.469+0000] {logging_mixin.py:190} INFO - [2026-06-05T02:57:58.469+0000] {dag.py:3239} INFO - Sync 1 DAGs
[2026-06-05T02:57:58.493+0000] {logging_mixin.py:190} INFO - [2026-06-05T02:57:58.493+0000] {dag.py:4180} INFO - Setting next_dagrun for train_model_lakehouse to None, run_after=None
[2026-06-05T02:57:58.539+0000] {processor.py:208} INFO - Processing /opt/airflow/dags/train_model_lakehouse_dag.py took 0.162 seconds
[2026-06-05T02:58:28.699+0000] {processor.py:186} INFO - Started process (PID=635) to work on /opt/airflow/dags/train_model_lakehouse_dag.py
[2026-06-05T02:58:28.702+0000] {processor.py:914} INFO - Processing file /opt/airflow/dags/train_model_lakehouse_dag.py for tasks to queue
[2026-06-05T02:58:28.713+0000] {logging_mixin.py:190} INFO - [2026-06-05T02:58:28.712+0000] {dagbag.py:588} INFO - Filling up the DagBag from /opt/airflow/dags/train_model_lakehouse_dag.py
[2026-06-05T02:58:28.750+0000] {processor.py:925} INFO - DAG(s) 'train_model_lakehouse' retrieved from /opt/airflow/dags/train_model_lakehouse_dag.py
[2026-06-05T02:58:28.859+0000] {logging_mixin.py:190} INFO - [2026-06-05T02:58:28.858+0000] {dag.py:3239} INFO - Sync 1 DAGs
[2026-06-05T02:58:28.884+0000] {logging_mixin.py:190} INFO - [2026-06-05T02:58:28.884+0000] {dag.py:4180} INFO - Setting next_dagrun for train_model_lakehouse to None, run_after=None
[2026-06-05T02:58:28.927+0000] {processor.py:208} INFO - Processing /opt/airflow/dags/train_model_lakehouse_dag.py took 0.256 seconds
[2026-06-05T02:58:59.049+0000] {processor.py:186} INFO - Started process (PID=640) to work on /opt/airflow/dags/train_model_lakehouse_dag.py
[2026-06-05T02:58:59.050+0000] {processor.py:914} INFO - Processing file /opt/airflow/dags/train_model_lakehouse_dag.py for tasks to queue
[2026-06-05T02:58:59.054+0000] {logging_mixin.py:190} INFO - [2026-06-05T02:58:59.054+0000] {dagbag.py:588} INFO - Filling up the DagBag from /opt/airflow/dags/train_model_lakehouse_dag.py
[2026-06-05T02:58:59.070+0000] {processor.py:925} INFO - DAG(s) 'train_model_lakehouse' retrieved from /opt/airflow/dags/train_model_lakehouse_dag.py
[2026-06-05T02:58:59.114+0000] {logging_mixin.py:190} INFO - [2026-06-05T02:58:59.114+0000] {dag.py:3239} INFO - Sync 1 DAGs
[2026-06-05T02:58:59.137+0000] {logging_mixin.py:190} INFO - [2026-06-05T02:58:59.137+0000] {dag.py:4180} INFO - Setting next_dagrun for train_model_lakehouse to None, run_after=None
[2026-06-05T02:58:59.161+0000] {processor.py:208} INFO - Processing /opt/airflow/dags/train_model_lakehouse_dag.py took 0.122 seconds
[2026-06-05T02:59:29.502+0000] {processor.py:186} INFO - Started process (PID=645) to work on /opt/airflow/dags/train_model_lakehouse_dag.py
[2026-06-05T02:59:29.505+0000] {processor.py:914} INFO - Processing file /opt/airflow/dags/train_model_lakehouse_dag.py for tasks to queue
[2026-06-05T02:59:29.514+0000] {logging_mixin.py:190} INFO - [2026-06-05T02:59:29.513+0000] {dagbag.py:588} INFO - Filling up the DagBag from /opt/airflow/dags/train_model_lakehouse_dag.py
[2026-06-05T02:59:29.549+0000] {processor.py:925} INFO - DAG(s) 'train_model_lakehouse' retrieved from /opt/airflow/dags/train_model_lakehouse_dag.py
[2026-06-05T02:59:29.656+0000] {logging_mixin.py:190} INFO - [2026-06-05T02:59:29.656+0000] {dag.py:3239} INFO - Sync 1 DAGs
[2026-06-05T02:59:29.712+0000] {logging_mixin.py:190} INFO - [2026-06-05T02:59:29.711+0000] {dag.py:4180} INFO - Setting next_dagrun for train_model_lakehouse to None, run_after=None
[2026-06-05T02:59:29.770+0000] {processor.py:208} INFO - Processing /opt/airflow/dags/train_model_lakehouse_dag.py took 0.293 seconds
[2026-06-05T03:00:00.131+0000] {processor.py:186} INFO - Started process (PID=650) to work on /opt/airflow/dags/train_model_lakehouse_dag.py
[2026-06-05T03:00:00.132+0000] {processor.py:914} INFO - Processing file /opt/airflow/dags/train_model_lakehouse_dag.py for tasks to queue
[2026-06-05T03:00:00.136+0000] {logging_mixin.py:190} INFO - [2026-06-05T03:00:00.136+0000] {dagbag.py:588} INFO - Filling up the DagBag from /opt/airflow/dags/train_model_lakehouse_dag.py
[2026-06-05T03:00:00.152+0000] {processor.py:925} INFO - DAG(s) 'train_model_lakehouse' retrieved from /opt/airflow/dags/train_model_lakehouse_dag.py
[2026-06-05T03:00:00.198+0000] {logging_mixin.py:190} INFO - [2026-06-05T03:00:00.198+0000] {dag.py:3239} INFO - Sync 1 DAGs
[2026-06-05T03:00:00.222+0000] {logging_mixin.py:190} INFO - [2026-06-05T03:00:00.222+0000] {dag.py:4180} INFO - Setting next_dagrun for train_model_lakehouse to None, run_after=None
[2026-06-05T03:00:00.273+0000] {processor.py:208} INFO - Processing /opt/airflow/dags/train_model_lakehouse_dag.py took 0.157 seconds
[2026-06-05T03:00:30.513+0000] {processor.py:186} INFO - Started process (PID=655) to work on /opt/airflow/dags/train_model_lakehouse_dag.py
[2026-06-05T03:00:30.516+0000] {processor.py:914} INFO - Processing file /opt/airflow/dags/train_model_lakehouse_dag.py for tasks to queue
[2026-06-05T03:00:30.526+0000] {logging_mixin.py:190} INFO - [2026-06-05T03:00:30.525+0000] {dagbag.py:588} INFO - Filling up the DagBag from /opt/airflow/dags/train_model_lakehouse_dag.py
[2026-06-05T03:00:30.569+0000] {processor.py:925} INFO - DAG(s) 'train_model_lakehouse' retrieved from /opt/airflow/dags/train_model_lakehouse_dag.py
[2026-06-05T03:00:30.681+0000] {logging_mixin.py:190} INFO - [2026-06-05T03:00:30.680+0000] {dag.py:3239} INFO - Sync 1 DAGs
[2026-06-05T03:00:30.738+0000] {logging_mixin.py:190} INFO - [2026-06-05T03:00:30.737+0000] {dag.py:4180} INFO - Setting next_dagrun for train_model_lakehouse to None, run_after=None
[2026-06-05T03:00:30.799+0000] {processor.py:208} INFO - Processing /opt/airflow/dags/train_model_lakehouse_dag.py took 0.311 seconds
[2026-06-05T03:01:01.151+0000] {processor.py:186} INFO - Started process (PID=660) to work on /opt/airflow/dags/train_model_lakehouse_dag.py
[2026-06-05T03:01:01.154+0000] {processor.py:914} INFO - Processing file /opt/airflow/dags/train_model_lakehouse_dag.py for tasks to queue
[2026-06-05T03:01:01.168+0000] {logging_mixin.py:190} INFO - [2026-06-05T03:01:01.166+0000] {dagbag.py:588} INFO - Filling up the DagBag from /opt/airflow/dags/train_model_lakehouse_dag.py
[2026-06-05T03:01:01.211+0000] {processor.py:925} INFO - DAG(s) 'train_model_lakehouse' retrieved from /opt/airflow/dags/train_model_lakehouse_dag.py
[2026-06-05T03:01:01.334+0000] {logging_mixin.py:190} INFO - [2026-06-05T03:01:01.333+0000] {dag.py:3239} INFO - Sync 1 DAGs
[2026-06-05T03:01:01.367+0000] {logging_mixin.py:190} INFO - [2026-06-05T03:01:01.366+0000] {dag.py:4180} INFO - Setting next_dagrun for train_model_lakehouse to None, run_after=None
[2026-06-05T03:01:01.396+0000] {processor.py:208} INFO - Processing /opt/airflow/dags/train_model_lakehouse_dag.py took 0.277 seconds
[2026-06-05T03:01:31.749+0000] {processor.py:186} INFO - Started process (PID=665) to work on /opt/airflow/dags/train_model_lakehouse_dag.py
[2026-06-05T03:01:31.778+0000] {processor.py:914} INFO - Processing file /opt/airflow/dags/train_model_lakehouse_dag.py for tasks to queue
[2026-06-05T03:01:31.787+0000] {logging_mixin.py:190} INFO - [2026-06-05T03:01:31.786+0000] {dagbag.py:588} INFO - Filling up the DagBag from /opt/airflow/dags/train_model_lakehouse_dag.py
[2026-06-05T03:01:31.824+0000] {processor.py:925} INFO - DAG(s) 'train_model_lakehouse' retrieved from /opt/airflow/dags/train_model_lakehouse_dag.py
[2026-06-05T03:01:31.920+0000] {logging_mixin.py:190} INFO - [2026-06-05T03:01:31.919+0000] {dag.py:3239} INFO - Sync 1 DAGs
[2026-06-05T03:01:31.963+0000] {logging_mixin.py:190} INFO - [2026-06-05T03:01:31.962+0000] {dag.py:4180} INFO - Setting next_dagrun for train_model_lakehouse to None, run_after=None
[2026-06-05T03:01:32.036+0000] {processor.py:208} INFO - Processing /opt/airflow/dags/train_model_lakehouse_dag.py took 0.309 seconds
[2026-06-05T03:02:02.383+0000] {processor.py:186} INFO - Started process (PID=670) to work on /opt/airflow/dags/train_model_lakehouse_dag.py
[2026-06-05T03:02:02.386+0000] {processor.py:914} INFO - Processing file /opt/airflow/dags/train_model_lakehouse_dag.py for tasks to queue
[2026-06-05T03:02:02.396+0000] {logging_mixin.py:190} INFO - [2026-06-05T03:02:02.395+0000] {dagbag.py:588} INFO - Filling up the DagBag from /opt/airflow/dags/train_model_lakehouse_dag.py
[2026-06-05T03:02:02.433+0000] {processor.py:925} INFO - DAG(s) 'train_model_lakehouse' retrieved from /opt/airflow/dags/train_model_lakehouse_dag.py
[2026-06-05T03:02:02.542+0000] {logging_mixin.py:190} INFO - [2026-06-05T03:02:02.541+0000] {dag.py:3239} INFO - Sync 1 DAGs
[2026-06-05T03:02:02.599+0000] {logging_mixin.py:190} INFO - [2026-06-05T03:02:02.598+0000] {dag.py:4180} INFO - Setting next_dagrun for train_model_lakehouse to None, run_after=None
[2026-06-05T03:02:02.665+0000] {processor.py:208} INFO - Processing /opt/airflow/dags/train_model_lakehouse_dag.py took 0.306 seconds
[2026-06-05T03:02:32.928+0000] {processor.py:186} INFO - Started process (PID=675) to work on /opt/airflow/dags/train_model_lakehouse_dag.py
[2026-06-05T03:02:32.930+0000] {processor.py:914} INFO - Processing file /opt/airflow/dags/train_model_lakehouse_dag.py for tasks to queue
[2026-06-05T03:02:32.936+0000] {logging_mixin.py:190} INFO - [2026-06-05T03:02:32.935+0000] {dagbag.py:588} INFO - Filling up the DagBag from /opt/airflow/dags/train_model_lakehouse_dag.py
[2026-06-05T03:02:32.958+0000] {processor.py:925} INFO - DAG(s) 'train_model_lakehouse' retrieved from /opt/airflow/dags/train_model_lakehouse_dag.py
[2026-06-05T03:02:33.025+0000] {logging_mixin.py:190} INFO - [2026-06-05T03:02:33.024+0000] {dag.py:3239} INFO - Sync 1 DAGs
[2026-06-05T03:02:33.057+0000] {logging_mixin.py:190} INFO - [2026-06-05T03:02:33.056+0000] {dag.py:4180} INFO - Setting next_dagrun for train_model_lakehouse to None, run_after=None
[2026-06-05T03:02:33.111+0000] {processor.py:208} INFO - Processing /opt/airflow/dags/train_model_lakehouse_dag.py took 0.197 seconds
[2026-06-05T03:03:03.211+0000] {processor.py:186} INFO - Started process (PID=680) to work on /opt/airflow/dags/train_model_lakehouse_dag.py
[2026-06-05T03:03:03.214+0000] {processor.py:914} INFO - Processing file /opt/airflow/dags/train_model_lakehouse_dag.py for tasks to queue
[2026-06-05T03:03:03.222+0000] {logging_mixin.py:190} INFO - [2026-06-05T03:03:03.221+0000] {dagbag.py:588} INFO - Filling up the DagBag from /opt/airflow/dags/train_model_lakehouse_dag.py
[2026-06-05T03:03:03.253+0000] {processor.py:925} INFO - DAG(s) 'train_model_lakehouse' retrieved from /opt/airflow/dags/train_model_lakehouse_dag.py
[2026-06-05T03:03:03.348+0000] {logging_mixin.py:190} INFO - [2026-06-05T03:03:03.347+0000] {dag.py:3239} INFO - Sync 1 DAGs
[2026-06-05T03:03:03.393+0000] {logging_mixin.py:190} INFO - [2026-06-05T03:03:03.392+0000] {dag.py:4180} INFO - Setting next_dagrun for train_model_lakehouse to None, run_after=None
[2026-06-05T03:03:03.448+0000] {processor.py:208} INFO - Processing /opt/airflow/dags/train_model_lakehouse_dag.py took 0.257 seconds
[2026-06-05T03:03:33.703+0000] {processor.py:186} INFO - Started process (PID=685) to work on /opt/airflow/dags/train_model_lakehouse_dag.py
[2026-06-05T03:03:33.723+0000] {processor.py:914} INFO - Processing file /opt/airflow/dags/train_model_lakehouse_dag.py for tasks to queue
[2026-06-05T03:03:33.736+0000] {logging_mixin.py:190} INFO - [2026-06-05T03:03:33.734+0000] {dagbag.py:588} INFO - Filling up the DagBag from /opt/airflow/dags/train_model_lakehouse_dag.py
[2026-06-05T03:03:33.778+0000] {processor.py:925} INFO - DAG(s) 'train_model_lakehouse' retrieved from /opt/airflow/dags/train_model_lakehouse_dag.py
[2026-06-05T03:03:33.880+0000] {logging_mixin.py:190} INFO - [2026-06-05T03:03:33.879+0000] {dag.py:3239} INFO - Sync 1 DAGs
[2026-06-05T03:03:33.926+0000] {logging_mixin.py:190} INFO - [2026-06-05T03:03:33.926+0000] {dag.py:4180} INFO - Setting next_dagrun for train_model_lakehouse to None, run_after=None
[2026-06-05T03:03:33.976+0000] {processor.py:208} INFO - Processing /opt/airflow/dags/train_model_lakehouse_dag.py took 0.297 seconds
[2026-06-05T03:04:04.316+0000] {processor.py:186} INFO - Started process (PID=690) to work on /opt/airflow/dags/train_model_lakehouse_dag.py
[2026-06-05T03:04:04.319+0000] {processor.py:914} INFO - Processing file /opt/airflow/dags/train_model_lakehouse_dag.py for tasks to queue
[2026-06-05T03:04:04.329+0000] {logging_mixin.py:190} INFO - [2026-06-05T03:04:04.328+0000] {dagbag.py:588} INFO - Filling up the DagBag from /opt/airflow/dags/train_model_lakehouse_dag.py
[2026-06-05T03:04:04.370+0000] {processor.py:925} INFO - DAG(s) 'train_model_lakehouse' retrieved from /opt/airflow/dags/train_model_lakehouse_dag.py
[2026-06-05T03:04:04.476+0000] {logging_mixin.py:190} INFO - [2026-06-05T03:04:04.475+0000] {dag.py:3239} INFO - Sync 1 DAGs
[2026-06-05T03:04:04.528+0000] {logging_mixin.py:190} INFO - [2026-06-05T03:04:04.527+0000] {dag.py:4180} INFO - Setting next_dagrun for train_model_lakehouse to None, run_after=None
[2026-06-05T03:04:04.602+0000] {processor.py:208} INFO - Processing /opt/airflow/dags/train_model_lakehouse_dag.py took 0.310 seconds
[2026-06-05T03:04:34.889+0000] {processor.py:186} INFO - Started process (PID=695) to work on /opt/airflow/dags/train_model_lakehouse_dag.py
[2026-06-05T03:04:34.899+0000] {processor.py:914} INFO - Processing file /opt/airflow/dags/train_model_lakehouse_dag.py for tasks to queue
[2026-06-05T03:04:34.904+0000] {logging_mixin.py:190} INFO - [2026-06-05T03:04:34.903+0000] {dagbag.py:588} INFO - Filling up the DagBag from /opt/airflow/dags/train_model_lakehouse_dag.py
[2026-06-05T03:04:34.925+0000] {processor.py:925} INFO - DAG(s) 'train_model_lakehouse' retrieved from /opt/airflow/dags/train_model_lakehouse_dag.py
[2026-06-05T03:04:34.974+0000] {logging_mixin.py:190} INFO - [2026-06-05T03:04:34.973+0000] {dag.py:3239} INFO - Sync 1 DAGs
[2026-06-05T03:04:34.997+0000] {logging_mixin.py:190} INFO - [2026-06-05T03:04:34.997+0000] {dag.py:4180} INFO - Setting next_dagrun for train_model_lakehouse to None, run_after=None
[2026-06-05T03:04:35.045+0000] {processor.py:208} INFO - Processing /opt/airflow/dags/train_model_lakehouse_dag.py took 0.168 seconds
[2026-06-05T03:05:05.140+0000] {processor.py:186} INFO - Started process (PID=700) to work on /opt/airflow/dags/train_model_lakehouse_dag.py
[2026-06-05T03:05:05.141+0000] {processor.py:914} INFO - Processing file /opt/airflow/dags/train_model_lakehouse_dag.py for tasks to queue
[2026-06-05T03:05:05.147+0000] {logging_mixin.py:190} INFO - [2026-06-05T03:05:05.146+0000] {dagbag.py:588} INFO - Filling up the DagBag from /opt/airflow/dags/train_model_lakehouse_dag.py
[2026-06-05T03:05:05.170+0000] {processor.py:925} INFO - DAG(s) 'train_model_lakehouse' retrieved from /opt/airflow/dags/train_model_lakehouse_dag.py
[2026-06-05T03:05:05.231+0000] {logging_mixin.py:190} INFO - [2026-06-05T03:05:05.231+0000] {dag.py:3239} INFO - Sync 1 DAGs
[2026-06-05T03:05:05.260+0000] {logging_mixin.py:190} INFO - [2026-06-05T03:05:05.260+0000] {dag.py:4180} INFO - Setting next_dagrun for train_model_lakehouse to None, run_after=None
[2026-06-05T03:05:05.311+0000] {processor.py:208} INFO - Processing /opt/airflow/dags/train_model_lakehouse_dag.py took 0.185 seconds
[2026-06-05T03:05:35.563+0000] {processor.py:186} INFO - Started process (PID=705) to work on /opt/airflow/dags/train_model_lakehouse_dag.py
[2026-06-05T03:05:35.566+0000] {processor.py:914} INFO - Processing file /opt/airflow/dags/train_model_lakehouse_dag.py for tasks to queue
[2026-06-05T03:05:35.575+0000] {logging_mixin.py:190} INFO - [2026-06-05T03:05:35.574+0000] {dagbag.py:588} INFO - Filling up the DagBag from /opt/airflow/dags/train_model_lakehouse_dag.py
[2026-06-05T03:05:35.609+0000] {processor.py:925} INFO - DAG(s) 'train_model_lakehouse' retrieved from /opt/airflow/dags/train_model_lakehouse_dag.py
[2026-06-05T03:05:35.688+0000] {logging_mixin.py:190} INFO - [2026-06-05T03:05:35.687+0000] {dag.py:3239} INFO - Sync 1 DAGs
[2026-06-05T03:05:35.723+0000] {logging_mixin.py:190} INFO - [2026-06-05T03:05:35.723+0000] {dag.py:4180} INFO - Setting next_dagrun for train_model_lakehouse to None, run_after=None
[2026-06-05T03:05:35.772+0000] {processor.py:208} INFO - Processing /opt/airflow/dags/train_model_lakehouse_dag.py took 0.231 seconds
[2026-06-05T03:06:05.885+0000] {processor.py:186} INFO - Started process (PID=710) to work on /opt/airflow/dags/train_model_lakehouse_dag.py
[2026-06-05T03:06:05.889+0000] {processor.py:914} INFO - Processing file /opt/airflow/dags/train_model_lakehouse_dag.py for tasks to queue
[2026-06-05T03:06:05.903+0000] {logging_mixin.py:190} INFO - [2026-06-05T03:06:05.902+0000] {dagbag.py:588} INFO - Filling up the DagBag from /opt/airflow/dags/train_model_lakehouse_dag.py
[2026-06-05T03:06:05.946+0000] {processor.py:925} INFO - DAG(s) 'train_model_lakehouse' retrieved from /opt/airflow/dags/train_model_lakehouse_dag.py
[2026-06-05T03:06:06.091+0000] {logging_mixin.py:190} INFO - [2026-06-05T03:06:06.091+0000] {dag.py:3239} INFO - Sync 1 DAGs
[2026-06-05T03:06:06.158+0000] {logging_mixin.py:190} INFO - [2026-06-05T03:06:06.157+0000] {dag.py:4180} INFO - Setting next_dagrun for train_model_lakehouse to None, run_after=None
[2026-06-05T03:06:06.233+0000] {processor.py:208} INFO - Processing /opt/airflow/dags/train_model_lakehouse_dag.py took 0.377 seconds
[2026-06-05T03:06:36.335+0000] {processor.py:186} INFO - Started process (PID=715) to work on /opt/airflow/dags/train_model_lakehouse_dag.py
[2026-06-05T03:06:36.359+0000] {processor.py:914} INFO - Processing file /opt/airflow/dags/train_model_lakehouse_dag.py for tasks to queue
[2026-06-05T03:06:36.369+0000] {logging_mixin.py:190} INFO - [2026-06-05T03:06:36.368+0000] {dagbag.py:588} INFO - Filling up the DagBag from /opt/airflow/dags/train_model_lakehouse_dag.py
[2026-06-05T03:06:36.401+0000] {processor.py:925} INFO - DAG(s) 'train_model_lakehouse' retrieved from /opt/airflow/dags/train_model_lakehouse_dag.py
[2026-06-05T03:06:36.502+0000] {logging_mixin.py:190} INFO - [2026-06-05T03:06:36.501+0000] {dag.py:3239} INFO - Sync 1 DAGs
[2026-06-05T03:06:36.546+0000] {logging_mixin.py:190} INFO - [2026-06-05T03:06:36.545+0000] {dag.py:4180} INFO - Setting next_dagrun for train_model_lakehouse to None, run_after=None
[2026-06-05T03:06:36.613+0000] {processor.py:208} INFO - Processing /opt/airflow/dags/train_model_lakehouse_dag.py took 0.298 seconds
[2026-06-05T03:07:06.756+0000] {processor.py:186} INFO - Started process (PID=720) to work on /opt/airflow/dags/train_model_lakehouse_dag.py
[2026-06-05T03:07:06.757+0000] {processor.py:914} INFO - Processing file /opt/airflow/dags/train_model_lakehouse_dag.py for tasks to queue
[2026-06-05T03:07:06.763+0000] {logging_mixin.py:190} INFO - [2026-06-05T03:07:06.762+0000] {dagbag.py:588} INFO - Filling up the DagBag from /opt/airflow/dags/train_model_lakehouse_dag.py
[2026-06-05T03:07:06.779+0000] {processor.py:925} INFO - DAG(s) 'train_model_lakehouse' retrieved from /opt/airflow/dags/train_model_lakehouse_dag.py
[2026-06-05T03:07:06.830+0000] {logging_mixin.py:190} INFO - [2026-06-05T03:07:06.830+0000] {dag.py:3239} INFO - Sync 1 DAGs
[2026-06-05T03:07:06.853+0000] {logging_mixin.py:190} INFO - [2026-06-05T03:07:06.853+0000] {dag.py:4180} INFO - Setting next_dagrun for train_model_lakehouse to None, run_after=None
[2026-06-05T03:07:06.906+0000] {processor.py:208} INFO - Processing /opt/airflow/dags/train_model_lakehouse_dag.py took 0.160 seconds
[2026-06-05T03:07:37.228+0000] {processor.py:186} INFO - Started process (PID=725) to work on /opt/airflow/dags/train_model_lakehouse_dag.py
[2026-06-05T03:07:37.255+0000] {processor.py:914} INFO - Processing file /opt/airflow/dags/train_model_lakehouse_dag.py for tasks to queue
[2026-06-05T03:07:37.266+0000] {logging_mixin.py:190} INFO - [2026-06-05T03:07:37.264+0000] {dagbag.py:588} INFO - Filling up the DagBag from /opt/airflow/dags/train_model_lakehouse_dag.py
[2026-06-05T03:07:37.305+0000] {processor.py:925} INFO - DAG(s) 'train_model_lakehouse' retrieved from /opt/airflow/dags/train_model_lakehouse_dag.py
[2026-06-05T03:07:37.415+0000] {logging_mixin.py:190} INFO - [2026-06-05T03:07:37.415+0000] {dag.py:3239} INFO - Sync 1 DAGs
[2026-06-05T03:07:37.438+0000] {logging_mixin.py:190} INFO - [2026-06-05T03:07:37.438+0000] {dag.py:4180} INFO - Setting next_dagrun for train_model_lakehouse to None, run_after=None
[2026-06-05T03:07:37.467+0000] {processor.py:208} INFO - Processing /opt/airflow/dags/train_model_lakehouse_dag.py took 0.267 seconds
[2026-06-05T03:08:07.786+0000] {processor.py:186} INFO - Started process (PID=730) to work on /opt/airflow/dags/train_model_lakehouse_dag.py
[2026-06-05T03:08:07.790+0000] {processor.py:914} INFO - Processing file /opt/airflow/dags/train_model_lakehouse_dag.py for tasks to queue
[2026-06-05T03:08:07.798+0000] {logging_mixin.py:190} INFO - [2026-06-05T03:08:07.797+0000] {dagbag.py:588} INFO - Filling up the DagBag from /opt/airflow/dags/train_model_lakehouse_dag.py
[2026-06-05T03:08:07.829+0000] {processor.py:925} INFO - DAG(s) 'train_model_lakehouse' retrieved from /opt/airflow/dags/train_model_lakehouse_dag.py
[2026-06-05T03:08:07.877+0000] {logging_mixin.py:190} INFO - [2026-06-05T03:08:07.876+0000] {dag.py:3239} INFO - Sync 1 DAGs
[2026-06-05T03:08:07.897+0000] {logging_mixin.py:190} INFO - [2026-06-05T03:08:07.896+0000] {dag.py:4180} INFO - Setting next_dagrun for train_model_lakehouse to None, run_after=None
[2026-06-05T03:08:07.949+0000] {processor.py:208} INFO - Processing /opt/airflow/dags/train_model_lakehouse_dag.py took 0.186 seconds
[2026-06-05T03:08:38.066+0000] {processor.py:186} INFO - Started process (PID=735) to work on /opt/airflow/dags/train_model_lakehouse_dag.py
[2026-06-05T03:08:38.069+0000] {processor.py:914} INFO - Processing file /opt/airflow/dags/train_model_lakehouse_dag.py for tasks to queue
[2026-06-05T03:08:38.078+0000] {logging_mixin.py:190} INFO - [2026-06-05T03:08:38.076+0000] {dagbag.py:588} INFO - Filling up the DagBag from /opt/airflow/dags/train_model_lakehouse_dag.py
[2026-06-05T03:08:38.120+0000] {processor.py:925} INFO - DAG(s) 'train_model_lakehouse' retrieved from /opt/airflow/dags/train_model_lakehouse_dag.py
[2026-06-05T03:08:38.189+0000] {logging_mixin.py:190} INFO - [2026-06-05T03:08:38.188+0000] {dag.py:3239} INFO - Sync 1 DAGs
[2026-06-05T03:08:38.213+0000] {logging_mixin.py:190} INFO - [2026-06-05T03:08:38.212+0000] {dag.py:4180} INFO - Setting next_dagrun for train_model_lakehouse to None, run_after=None
[2026-06-05T03:08:38.240+0000] {processor.py:208} INFO - Processing /opt/airflow/dags/train_model_lakehouse_dag.py took 0.198 seconds
[2026-06-05T03:09:08.550+0000] {processor.py:186} INFO - Started process (PID=740) to work on /opt/airflow/dags/train_model_lakehouse_dag.py
[2026-06-05T03:09:08.553+0000] {processor.py:914} INFO - Processing file /opt/airflow/dags/train_model_lakehouse_dag.py for tasks to queue
[2026-06-05T03:09:08.565+0000] {logging_mixin.py:190} INFO - [2026-06-05T03:09:08.563+0000] {dagbag.py:588} INFO - Filling up the DagBag from /opt/airflow/dags/train_model_lakehouse_dag.py
[2026-06-05T03:09:08.611+0000] {processor.py:925} INFO - DAG(s) 'train_model_lakehouse' retrieved from /opt/airflow/dags/train_model_lakehouse_dag.py
[2026-06-05T03:09:08.743+0000] {logging_mixin.py:190} INFO - [2026-06-05T03:09:08.741+0000] {dag.py:3239} INFO - Sync 1 DAGs
[2026-06-05T03:09:08.816+0000] {logging_mixin.py:190} INFO - [2026-06-05T03:09:08.815+0000] {dag.py:4180} INFO - Setting next_dagrun for train_model_lakehouse to None, run_after=None
[2026-06-05T03:09:08.905+0000] {processor.py:208} INFO - Processing /opt/airflow/dags/train_model_lakehouse_dag.py took 0.385 seconds
[2026-06-05T03:09:39.285+0000] {processor.py:186} INFO - Started process (PID=745) to work on /opt/airflow/dags/train_model_lakehouse_dag.py
[2026-06-05T03:09:39.288+0000] {processor.py:914} INFO - Processing file /opt/airflow/dags/train_model_lakehouse_dag.py for tasks to queue
[2026-06-05T03:09:39.298+0000] {logging_mixin.py:190} INFO - [2026-06-05T03:09:39.297+0000] {dagbag.py:588} INFO - Filling up the DagBag from /opt/airflow/dags/train_model_lakehouse_dag.py
[2026-06-05T03:09:39.336+0000] {processor.py:925} INFO - DAG(s) 'train_model_lakehouse' retrieved from /opt/airflow/dags/train_model_lakehouse_dag.py
[2026-06-05T03:09:39.385+0000] {logging_mixin.py:190} INFO - [2026-06-05T03:09:39.384+0000] {dag.py:3239} INFO - Sync 1 DAGs
[2026-06-05T03:09:39.404+0000] {logging_mixin.py:190} INFO - [2026-06-05T03:09:39.404+0000] {dag.py:4180} INFO - Setting next_dagrun for train_model_lakehouse to None, run_after=None
[2026-06-05T03:09:39.427+0000] {processor.py:208} INFO - Processing /opt/airflow/dags/train_model_lakehouse_dag.py took 0.165 seconds
[2026-06-05T03:10:09.575+0000] {processor.py:186} INFO - Started process (PID=750) to work on /opt/airflow/dags/train_model_lakehouse_dag.py
[2026-06-05T03:10:09.577+0000] {processor.py:914} INFO - Processing file /opt/airflow/dags/train_model_lakehouse_dag.py for tasks to queue
[2026-06-05T03:10:09.584+0000] {logging_mixin.py:190} INFO - [2026-06-05T03:10:09.583+0000] {dagbag.py:588} INFO - Filling up the DagBag from /opt/airflow/dags/train_model_lakehouse_dag.py
[2026-06-05T03:10:09.613+0000] {processor.py:925} INFO - DAG(s) 'train_model_lakehouse' retrieved from /opt/airflow/dags/train_model_lakehouse_dag.py
[2026-06-05T03:10:09.683+0000] {logging_mixin.py:190} INFO - [2026-06-05T03:10:09.682+0000] {dag.py:3239} INFO - Sync 1 DAGs
[2026-06-05T03:10:09.712+0000] {logging_mixin.py:190} INFO - [2026-06-05T03:10:09.712+0000] {dag.py:4180} INFO - Setting next_dagrun for train_model_lakehouse to None, run_after=None
[2026-06-05T03:10:09.761+0000] {processor.py:208} INFO - Processing /opt/airflow/dags/train_model_lakehouse_dag.py took 0.208 seconds
[2026-06-05T03:10:39.988+0000] {processor.py:186} INFO - Started process (PID=755) to work on /opt/airflow/dags/train_model_lakehouse_dag.py
[2026-06-05T03:10:40.007+0000] {processor.py:914} INFO - Processing file /opt/airflow/dags/train_model_lakehouse_dag.py for tasks to queue
[2026-06-05T03:10:40.013+0000] {logging_mixin.py:190} INFO - [2026-06-05T03:10:40.012+0000] {dagbag.py:588} INFO - Filling up the DagBag from /opt/airflow/dags/train_model_lakehouse_dag.py
[2026-06-05T03:10:40.031+0000] {processor.py:925} INFO - DAG(s) 'train_model_lakehouse' retrieved from /opt/airflow/dags/train_model_lakehouse_dag.py
[2026-06-05T03:10:40.076+0000] {logging_mixin.py:190} INFO - [2026-06-05T03:10:40.076+0000] {dag.py:3239} INFO - Sync 1 DAGs
[2026-06-05T03:10:40.103+0000] {logging_mixin.py:190} INFO - [2026-06-05T03:10:40.102+0000] {dag.py:4180} INFO - Setting next_dagrun for train_model_lakehouse to None, run_after=None
[2026-06-05T03:10:40.152+0000] {processor.py:208} INFO - Processing /opt/airflow/dags/train_model_lakehouse_dag.py took 0.174 seconds
[2026-06-05T03:11:10.331+0000] {processor.py:186} INFO - Started process (PID=760) to work on /opt/airflow/dags/train_model_lakehouse_dag.py
[2026-06-05T03:11:10.335+0000] {processor.py:914} INFO - Processing file /opt/airflow/dags/train_model_lakehouse_dag.py for tasks to queue
[2026-06-05T03:11:10.345+0000] {logging_mixin.py:190} INFO - [2026-06-05T03:11:10.343+0000] {dagbag.py:588} INFO - Filling up the DagBag from /opt/airflow/dags/train_model_lakehouse_dag.py
[2026-06-05T03:11:10.382+0000] {processor.py:925} INFO - DAG(s) 'train_model_lakehouse' retrieved from /opt/airflow/dags/train_model_lakehouse_dag.py
[2026-06-05T03:11:10.464+0000] {logging_mixin.py:190} INFO - [2026-06-05T03:11:10.463+0000] {dag.py:3239} INFO - Sync 1 DAGs
[2026-06-05T03:11:10.511+0000] {logging_mixin.py:190} INFO - [2026-06-05T03:11:10.510+0000] {dag.py:4180} INFO - Setting next_dagrun for train_model_lakehouse to None, run_after=None
[2026-06-05T03:11:10.563+0000] {processor.py:208} INFO - Processing /opt/airflow/dags/train_model_lakehouse_dag.py took 0.258 seconds
[2026-06-05T03:11:40.712+0000] {processor.py:186} INFO - Started process (PID=765) to work on /opt/airflow/dags/train_model_lakehouse_dag.py
[2026-06-05T03:11:40.734+0000] {processor.py:914} INFO - Processing file /opt/airflow/dags/train_model_lakehouse_dag.py for tasks to queue
[2026-06-05T03:11:40.737+0000] {logging_mixin.py:190} INFO - [2026-06-05T03:11:40.737+0000] {dagbag.py:588} INFO - Filling up the DagBag from /opt/airflow/dags/train_model_lakehouse_dag.py
[2026-06-05T03:11:40.751+0000] {processor.py:925} INFO - DAG(s) 'train_model_lakehouse' retrieved from /opt/airflow/dags/train_model_lakehouse_dag.py
[2026-06-05T03:11:40.792+0000] {logging_mixin.py:190} INFO - [2026-06-05T03:11:40.792+0000] {dag.py:3239} INFO - Sync 1 DAGs
[2026-06-05T03:11:40.812+0000] {logging_mixin.py:190} INFO - [2026-06-05T03:11:40.811+0000] {dag.py:4180} INFO - Setting next_dagrun for train_model_lakehouse to None, run_after=None
[2026-06-05T03:11:40.835+0000] {processor.py:208} INFO - Processing /opt/airflow/dags/train_model_lakehouse_dag.py took 0.132 seconds
[2026-06-05T03:12:11.117+0000] {processor.py:186} INFO - Started process (PID=770) to work on /opt/airflow/dags/train_model_lakehouse_dag.py
[2026-06-05T03:12:11.119+0000] {processor.py:914} INFO - Processing file /opt/airflow/dags/train_model_lakehouse_dag.py for tasks to queue
[2026-06-05T03:12:11.128+0000] {logging_mixin.py:190} INFO - [2026-06-05T03:12:11.127+0000] {dagbag.py:588} INFO - Filling up the DagBag from /opt/airflow/dags/train_model_lakehouse_dag.py
[2026-06-05T03:12:11.161+0000] {processor.py:925} INFO - DAG(s) 'train_model_lakehouse' retrieved from /opt/airflow/dags/train_model_lakehouse_dag.py
[2026-06-05T03:12:11.254+0000] {logging_mixin.py:190} INFO - [2026-06-05T03:12:11.253+0000] {dag.py:3239} INFO - Sync 1 DAGs
[2026-06-05T03:12:11.298+0000] {logging_mixin.py:190} INFO - [2026-06-05T03:12:11.297+0000] {dag.py:4180} INFO - Setting next_dagrun for train_model_lakehouse to None, run_after=None
[2026-06-05T03:12:11.367+0000] {processor.py:208} INFO - Processing /opt/airflow/dags/train_model_lakehouse_dag.py took 0.272 seconds
[2026-06-05T03:12:41.690+0000] {processor.py:186} INFO - Started process (PID=775) to work on /opt/airflow/dags/train_model_lakehouse_dag.py
[2026-06-05T03:12:41.714+0000] {processor.py:914} INFO - Processing file /opt/airflow/dags/train_model_lakehouse_dag.py for tasks to queue
[2026-06-05T03:12:41.723+0000] {logging_mixin.py:190} INFO - [2026-06-05T03:12:41.722+0000] {dagbag.py:588} INFO - Filling up the DagBag from /opt/airflow/dags/train_model_lakehouse_dag.py
[2026-06-05T03:12:41.759+0000] {processor.py:925} INFO - DAG(s) 'train_model_lakehouse' retrieved from /opt/airflow/dags/train_model_lakehouse_dag.py
[2026-06-05T03:12:41.865+0000] {logging_mixin.py:190} INFO - [2026-06-05T03:12:41.864+0000] {dag.py:3239} INFO - Sync 1 DAGs
[2026-06-05T03:12:41.914+0000] {logging_mixin.py:190} INFO - [2026-06-05T03:12:41.914+0000] {dag.py:4180} INFO - Setting next_dagrun for train_model_lakehouse to None, run_after=None
[2026-06-05T03:12:41.990+0000] {processor.py:208} INFO - Processing /opt/airflow/dags/train_model_lakehouse_dag.py took 0.322 seconds
[2026-06-05T03:13:12.266+0000] {processor.py:186} INFO - Started process (PID=780) to work on /opt/airflow/dags/train_model_lakehouse_dag.py
[2026-06-05T03:13:12.267+0000] {processor.py:914} INFO - Processing file /opt/airflow/dags/train_model_lakehouse_dag.py for tasks to queue
[2026-06-05T03:13:12.272+0000] {logging_mixin.py:190} INFO - [2026-06-05T03:13:12.271+0000] {dagbag.py:588} INFO - Filling up the DagBag from /opt/airflow/dags/train_model_lakehouse_dag.py
[2026-06-05T03:13:12.290+0000] {processor.py:925} INFO - DAG(s) 'train_model_lakehouse' retrieved from /opt/airflow/dags/train_model_lakehouse_dag.py
[2026-06-05T03:13:12.351+0000] {logging_mixin.py:190} INFO - [2026-06-05T03:13:12.350+0000] {dag.py:3239} INFO - Sync 1 DAGs
[2026-06-05T03:13:12.380+0000] {logging_mixin.py:190} INFO - [2026-06-05T03:13:12.380+0000] {dag.py:4180} INFO - Setting next_dagrun for train_model_lakehouse to None, run_after=None
[2026-06-05T03:13:12.407+0000] {processor.py:208} INFO - Processing /opt/airflow/dags/train_model_lakehouse_dag.py took 0.153 seconds
[2026-06-05T03:13:42.558+0000] {processor.py:186} INFO - Started process (PID=785) to work on /opt/airflow/dags/train_model_lakehouse_dag.py
[2026-06-05T03:13:42.562+0000] {processor.py:914} INFO - Processing file /opt/airflow/dags/train_model_lakehouse_dag.py for tasks to queue
[2026-06-05T03:13:42.570+0000] {logging_mixin.py:190} INFO - [2026-06-05T03:13:42.569+0000] {dagbag.py:588} INFO - Filling up the DagBag from /opt/airflow/dags/train_model_lakehouse_dag.py
[2026-06-05T03:13:42.602+0000] {processor.py:925} INFO - DAG(s) 'train_model_lakehouse' retrieved from /opt/airflow/dags/train_model_lakehouse_dag.py
[2026-06-05T03:13:42.697+0000] {logging_mixin.py:190} INFO - [2026-06-05T03:13:42.697+0000] {dag.py:3239} INFO - Sync 1 DAGs
[2026-06-05T03:13:42.742+0000] {logging_mixin.py:190} INFO - [2026-06-05T03:13:42.741+0000] {dag.py:4180} INFO - Setting next_dagrun for train_model_lakehouse to None, run_after=None
[2026-06-05T03:13:42.811+0000] {processor.py:208} INFO - Processing /opt/airflow/dags/train_model_lakehouse_dag.py took 0.276 seconds
[2026-06-05T03:14:12.960+0000] {processor.py:186} INFO - Started process (PID=790) to work on /opt/airflow/dags/train_model_lakehouse_dag.py
[2026-06-05T03:14:12.963+0000] {processor.py:914} INFO - Processing file /opt/airflow/dags/train_model_lakehouse_dag.py for tasks to queue
[2026-06-05T03:14:12.973+0000] {logging_mixin.py:190} INFO - [2026-06-05T03:14:12.971+0000] {dagbag.py:588} INFO - Filling up the DagBag from /opt/airflow/dags/train_model_lakehouse_dag.py
[2026-06-05T03:14:13.006+0000] {processor.py:925} INFO - DAG(s) 'train_model_lakehouse' retrieved from /opt/airflow/dags/train_model_lakehouse_dag.py
[2026-06-05T03:14:13.075+0000] {logging_mixin.py:190} INFO - [2026-06-05T03:14:13.075+0000] {dag.py:3239} INFO - Sync 1 DAGs
[2026-06-05T03:14:13.096+0000] {logging_mixin.py:190} INFO - [2026-06-05T03:14:13.095+0000] {dag.py:4180} INFO - Setting next_dagrun for train_model_lakehouse to None, run_after=None
[2026-06-05T03:14:13.122+0000] {processor.py:208} INFO - Processing /opt/airflow/dags/train_model_lakehouse_dag.py took 0.188 seconds
[2026-06-05T03:14:43.356+0000] {processor.py:186} INFO - Started process (PID=795) to work on /opt/airflow/dags/train_model_lakehouse_dag.py
[2026-06-05T03:14:43.357+0000] {processor.py:914} INFO - Processing file /opt/airflow/dags/train_model_lakehouse_dag.py for tasks to queue
[2026-06-05T03:14:43.361+0000] {logging_mixin.py:190} INFO - [2026-06-05T03:14:43.361+0000] {dagbag.py:588} INFO - Filling up the DagBag from /opt/airflow/dags/train_model_lakehouse_dag.py
[2026-06-05T03:14:43.380+0000] {processor.py:925} INFO - DAG(s) 'train_model_lakehouse' retrieved from /opt/airflow/dags/train_model_lakehouse_dag.py
[2026-06-05T03:14:43.443+0000] {logging_mixin.py:190} INFO - [2026-06-05T03:14:43.442+0000] {dag.py:3239} INFO - Sync 1 DAGs
[2026-06-05T03:14:43.476+0000] {logging_mixin.py:190} INFO - [2026-06-05T03:14:43.476+0000] {dag.py:4180} INFO - Setting next_dagrun for train_model_lakehouse to None, run_after=None
[2026-06-05T03:14:43.501+0000] {processor.py:208} INFO - Processing /opt/airflow/dags/train_model_lakehouse_dag.py took 0.154 seconds
[2026-06-05T03:15:13.668+0000] {processor.py:186} INFO - Started process (PID=800) to work on /opt/airflow/dags/train_model_lakehouse_dag.py
[2026-06-05T03:15:13.669+0000] {processor.py:914} INFO - Processing file /opt/airflow/dags/train_model_lakehouse_dag.py for tasks to queue
[2026-06-05T03:15:13.674+0000] {logging_mixin.py:190} INFO - [2026-06-05T03:15:13.673+0000] {dagbag.py:588} INFO - Filling up the DagBag from /opt/airflow/dags/train_model_lakehouse_dag.py
[2026-06-05T03:15:13.691+0000] {processor.py:925} INFO - DAG(s) 'train_model_lakehouse' retrieved from /opt/airflow/dags/train_model_lakehouse_dag.py
[2026-06-05T03:15:13.752+0000] {logging_mixin.py:190} INFO - [2026-06-05T03:15:13.751+0000] {dag.py:3239} INFO - Sync 1 DAGs
[2026-06-05T03:15:13.780+0000] {logging_mixin.py:190} INFO - [2026-06-05T03:15:13.779+0000] {dag.py:4180} INFO - Setting next_dagrun for train_model_lakehouse to None, run_after=None
[2026-06-05T03:15:13.823+0000] {processor.py:208} INFO - Processing /opt/airflow/dags/train_model_lakehouse_dag.py took 0.168 seconds
[2026-06-05T03:15:44.035+0000] {processor.py:186} INFO - Started process (PID=805) to work on /opt/airflow/dags/train_model_lakehouse_dag.py
[2026-06-05T03:15:44.059+0000] {processor.py:914} INFO - Processing file /opt/airflow/dags/train_model_lakehouse_dag.py for tasks to queue
[2026-06-05T03:15:44.067+0000] {logging_mixin.py:190} INFO - [2026-06-05T03:15:44.066+0000] {dagbag.py:588} INFO - Filling up the DagBag from /opt/airflow/dags/train_model_lakehouse_dag.py
[2026-06-05T03:15:44.105+0000] {processor.py:925} INFO - DAG(s) 'train_model_lakehouse' retrieved from /opt/airflow/dags/train_model_lakehouse_dag.py
[2026-06-05T03:15:44.204+0000] {logging_mixin.py:190} INFO - [2026-06-05T03:15:44.204+0000] {dag.py:3239} INFO - Sync 1 DAGs
[2026-06-05T03:15:44.231+0000] {logging_mixin.py:190} INFO - [2026-06-05T03:15:44.230+0000] {dag.py:4180} INFO - Setting next_dagrun for train_model_lakehouse to None, run_after=None
[2026-06-05T03:15:44.269+0000] {processor.py:208} INFO - Processing /opt/airflow/dags/train_model_lakehouse_dag.py took 0.256 seconds
[2026-06-05T03:16:14.388+0000] {processor.py:186} INFO - Started process (PID=810) to work on /opt/airflow/dags/train_model_lakehouse_dag.py
[2026-06-05T03:16:14.413+0000] {processor.py:914} INFO - Processing file /opt/airflow/dags/train_model_lakehouse_dag.py for tasks to queue
[2026-06-05T03:16:14.418+0000] {logging_mixin.py:190} INFO - [2026-06-05T03:16:14.418+0000] {dagbag.py:588} INFO - Filling up the DagBag from /opt/airflow/dags/train_model_lakehouse_dag.py
[2026-06-05T03:16:14.440+0000] {processor.py:925} INFO - DAG(s) 'train_model_lakehouse' retrieved from /opt/airflow/dags/train_model_lakehouse_dag.py
[2026-06-05T03:16:14.511+0000] {logging_mixin.py:190} INFO - [2026-06-05T03:16:14.511+0000] {dag.py:3239} INFO - Sync 1 DAGs
[2026-06-05T03:16:14.550+0000] {logging_mixin.py:190} INFO - [2026-06-05T03:16:14.549+0000] {dag.py:4180} INFO - Setting next_dagrun for train_model_lakehouse to None, run_after=None
[2026-06-05T03:16:14.591+0000] {processor.py:208} INFO - Processing /opt/airflow/dags/train_model_lakehouse_dag.py took 0.214 seconds
[2026-06-05T03:16:44.843+0000] {processor.py:186} INFO - Started process (PID=815) to work on /opt/airflow/dags/train_model_lakehouse_dag.py
[2026-06-05T03:16:44.846+0000] {processor.py:914} INFO - Processing file /opt/airflow/dags/train_model_lakehouse_dag.py for tasks to queue
[2026-06-05T03:16:44.855+0000] {logging_mixin.py:190} INFO - [2026-06-05T03:16:44.854+0000] {dagbag.py:588} INFO - Filling up the DagBag from /opt/airflow/dags/train_model_lakehouse_dag.py
[2026-06-05T03:16:44.895+0000] {processor.py:925} INFO - DAG(s) 'train_model_lakehouse' retrieved from /opt/airflow/dags/train_model_lakehouse_dag.py
[2026-06-05T03:16:44.997+0000] {logging_mixin.py:190} INFO - [2026-06-05T03:16:44.997+0000] {dag.py:3239} INFO - Sync 1 DAGs
[2026-06-05T03:16:45.031+0000] {logging_mixin.py:190} INFO - [2026-06-05T03:16:45.031+0000] {dag.py:4180} INFO - Setting next_dagrun for train_model_lakehouse to None, run_after=None
[2026-06-05T03:16:45.082+0000] {processor.py:208} INFO - Processing /opt/airflow/dags/train_model_lakehouse_dag.py took 0.264 seconds
[2026-06-05T03:17:15.145+0000] {processor.py:186} INFO - Started process (PID=820) to work on /opt/airflow/dags/train_model_lakehouse_dag.py
[2026-06-05T03:17:15.147+0000] {processor.py:914} INFO - Processing file /opt/airflow/dags/train_model_lakehouse_dag.py for tasks to queue
[2026-06-05T03:17:15.151+0000] {logging_mixin.py:190} INFO - [2026-06-05T03:17:15.150+0000] {dagbag.py:588} INFO - Filling up the DagBag from /opt/airflow/dags/train_model_lakehouse_dag.py
[2026-06-05T03:17:15.168+0000] {processor.py:925} INFO - DAG(s) 'train_model_lakehouse' retrieved from /opt/airflow/dags/train_model_lakehouse_dag.py
[2026-06-05T03:17:15.210+0000] {logging_mixin.py:190} INFO - [2026-06-05T03:17:15.209+0000] {dag.py:3239} INFO - Sync 1 DAGs
[2026-06-05T03:17:15.229+0000] {logging_mixin.py:190} INFO - [2026-06-05T03:17:15.228+0000] {dag.py:4180} INFO - Setting next_dagrun for train_model_lakehouse to None, run_after=None
[2026-06-05T03:17:15.275+0000] {processor.py:208} INFO - Processing /opt/airflow/dags/train_model_lakehouse_dag.py took 0.139 seconds
[2026-06-05T03:17:45.375+0000] {processor.py:186} INFO - Started process (PID=825) to work on /opt/airflow/dags/train_model_lakehouse_dag.py
[2026-06-05T03:17:45.377+0000] {processor.py:914} INFO - Processing file /opt/airflow/dags/train_model_lakehouse_dag.py for tasks to queue
[2026-06-05T03:17:45.384+0000] {logging_mixin.py:190} INFO - [2026-06-05T03:17:45.383+0000] {dagbag.py:588} INFO - Filling up the DagBag from /opt/airflow/dags/train_model_lakehouse_dag.py
[2026-06-05T03:17:45.415+0000] {processor.py:925} INFO - DAG(s) 'train_model_lakehouse' retrieved from /opt/airflow/dags/train_model_lakehouse_dag.py
[2026-06-05T03:17:45.505+0000] {logging_mixin.py:190} INFO - [2026-06-05T03:17:45.504+0000] {dag.py:3239} INFO - Sync 1 DAGs
[2026-06-05T03:17:45.538+0000] {logging_mixin.py:190} INFO - [2026-06-05T03:17:45.538+0000] {dag.py:4180} INFO - Setting next_dagrun for train_model_lakehouse to None, run_after=None
[2026-06-05T03:17:45.580+0000] {processor.py:208} INFO - Processing /opt/airflow/dags/train_model_lakehouse_dag.py took 0.219 seconds
[2026-06-05T03:18:15.802+0000] {processor.py:186} INFO - Started process (PID=830) to work on /opt/airflow/dags/train_model_lakehouse_dag.py
[2026-06-05T03:18:15.805+0000] {processor.py:914} INFO - Processing file /opt/airflow/dags/train_model_lakehouse_dag.py for tasks to queue
[2026-06-05T03:18:15.817+0000] {logging_mixin.py:190} INFO - [2026-06-05T03:18:15.816+0000] {dagbag.py:588} INFO - Filling up the DagBag from /opt/airflow/dags/train_model_lakehouse_dag.py
[2026-06-05T03:18:15.858+0000] {processor.py:925} INFO - DAG(s) 'train_model_lakehouse' retrieved from /opt/airflow/dags/train_model_lakehouse_dag.py
[2026-06-05T03:18:15.967+0000] {logging_mixin.py:190} INFO - [2026-06-05T03:18:15.966+0000] {dag.py:3239} INFO - Sync 1 DAGs
[2026-06-05T03:18:16.015+0000] {logging_mixin.py:190} INFO - [2026-06-05T03:18:16.014+0000] {dag.py:4180} INFO - Setting next_dagrun for train_model_lakehouse to None, run_after=None
[2026-06-05T03:18:16.067+0000] {processor.py:208} INFO - Processing /opt/airflow/dags/train_model_lakehouse_dag.py took 0.297 seconds
[2026-06-05T03:18:46.346+0000] {processor.py:186} INFO - Started process (PID=835) to work on /opt/airflow/dags/train_model_lakehouse_dag.py
[2026-06-05T03:18:46.349+0000] {processor.py:914} INFO - Processing file /opt/airflow/dags/train_model_lakehouse_dag.py for tasks to queue
[2026-06-05T03:18:46.358+0000] {logging_mixin.py:190} INFO - [2026-06-05T03:18:46.357+0000] {dagbag.py:588} INFO - Filling up the DagBag from /opt/airflow/dags/train_model_lakehouse_dag.py
[2026-06-05T03:18:46.390+0000] {processor.py:925} INFO - DAG(s) 'train_model_lakehouse' retrieved from /opt/airflow/dags/train_model_lakehouse_dag.py
[2026-06-05T03:18:46.492+0000] {logging_mixin.py:190} INFO - [2026-06-05T03:18:46.491+0000] {dag.py:3239} INFO - Sync 1 DAGs
[2026-06-05T03:18:46.552+0000] {logging_mixin.py:190} INFO - [2026-06-05T03:18:46.551+0000] {dag.py:4180} INFO - Setting next_dagrun for train_model_lakehouse to None, run_after=None
[2026-06-05T03:18:46.608+0000] {processor.py:208} INFO - Processing /opt/airflow/dags/train_model_lakehouse_dag.py took 0.283 seconds
[2026-06-05T03:19:16.973+0000] {processor.py:186} INFO - Started process (PID=840) to work on /opt/airflow/dags/train_model_lakehouse_dag.py
[2026-06-05T03:19:16.976+0000] {processor.py:914} INFO - Processing file /opt/airflow/dags/train_model_lakehouse_dag.py for tasks to queue
[2026-06-05T03:19:16.987+0000] {logging_mixin.py:190} INFO - [2026-06-05T03:19:16.986+0000] {dagbag.py:588} INFO - Filling up the DagBag from /opt/airflow/dags/train_model_lakehouse_dag.py
[2026-06-05T03:19:17.017+0000] {processor.py:925} INFO - DAG(s) 'train_model_lakehouse' retrieved from /opt/airflow/dags/train_model_lakehouse_dag.py
[2026-06-05T03:19:17.073+0000] {logging_mixin.py:190} INFO - [2026-06-05T03:19:17.072+0000] {dag.py:3239} INFO - Sync 1 DAGs
[2026-06-05T03:19:17.099+0000] {logging_mixin.py:190} INFO - [2026-06-05T03:19:17.099+0000] {dag.py:4180} INFO - Setting next_dagrun for train_model_lakehouse to None, run_after=None
[2026-06-05T03:19:17.128+0000] {processor.py:208} INFO - Processing /opt/airflow/dags/train_model_lakehouse_dag.py took 0.181 seconds
[2026-06-05T03:19:47.273+0000] {processor.py:186} INFO - Started process (PID=845) to work on /opt/airflow/dags/train_model_lakehouse_dag.py
[2026-06-05T03:19:47.276+0000] {processor.py:914} INFO - Processing file /opt/airflow/dags/train_model_lakehouse_dag.py for tasks to queue
[2026-06-05T03:19:47.287+0000] {logging_mixin.py:190} INFO - [2026-06-05T03:19:47.286+0000] {dagbag.py:588} INFO - Filling up the DagBag from /opt/airflow/dags/train_model_lakehouse_dag.py
[2026-06-05T03:19:47.324+0000] {processor.py:925} INFO - DAG(s) 'train_model_lakehouse' retrieved from /opt/airflow/dags/train_model_lakehouse_dag.py
[2026-06-05T03:19:47.428+0000] {logging_mixin.py:190} INFO - [2026-06-05T03:19:47.428+0000] {dag.py:3239} INFO - Sync 1 DAGs
[2026-06-05T03:19:47.464+0000] {logging_mixin.py:190} INFO - [2026-06-05T03:19:47.464+0000] {dag.py:4180} INFO - Setting next_dagrun for train_model_lakehouse to None, run_after=None
[2026-06-05T03:19:47.493+0000] {processor.py:208} INFO - Processing /opt/airflow/dags/train_model_lakehouse_dag.py took 0.244 seconds
[2026-06-05T03:20:17.747+0000] {processor.py:186} INFO - Started process (PID=850) to work on /opt/airflow/dags/train_model_lakehouse_dag.py
[2026-06-05T03:20:17.750+0000] {processor.py:914} INFO - Processing file /opt/airflow/dags/train_model_lakehouse_dag.py for tasks to queue
[2026-06-05T03:20:17.754+0000] {logging_mixin.py:190} INFO - [2026-06-05T03:20:17.753+0000] {dagbag.py:588} INFO - Filling up the DagBag from /opt/airflow/dags/train_model_lakehouse_dag.py
[2026-06-05T03:20:17.767+0000] {processor.py:925} INFO - DAG(s) 'train_model_lakehouse' retrieved from /opt/airflow/dags/train_model_lakehouse_dag.py
[2026-06-05T03:20:17.808+0000] {logging_mixin.py:190} INFO - [2026-06-05T03:20:17.807+0000] {dag.py:3239} INFO - Sync 1 DAGs
[2026-06-05T03:20:17.827+0000] {logging_mixin.py:190} INFO - [2026-06-05T03:20:17.827+0000] {dag.py:4180} INFO - Setting next_dagrun for train_model_lakehouse to None, run_after=None
[2026-06-05T03:20:17.874+0000] {processor.py:208} INFO - Processing /opt/airflow/dags/train_model_lakehouse_dag.py took 0.135 seconds
[2026-06-05T03:20:48.058+0000] {processor.py:186} INFO - Started process (PID=855) to work on /opt/airflow/dags/train_model_lakehouse_dag.py
[2026-06-05T03:20:48.059+0000] {processor.py:914} INFO - Processing file /opt/airflow/dags/train_model_lakehouse_dag.py for tasks to queue
[2026-06-05T03:20:48.063+0000] {logging_mixin.py:190} INFO - [2026-06-05T03:20:48.062+0000] {dagbag.py:588} INFO - Filling up the DagBag from /opt/airflow/dags/train_model_lakehouse_dag.py
[2026-06-05T03:20:48.077+0000] {processor.py:925} INFO - DAG(s) 'train_model_lakehouse' retrieved from /opt/airflow/dags/train_model_lakehouse_dag.py
[2026-06-05T03:20:48.126+0000] {logging_mixin.py:190} INFO - [2026-06-05T03:20:48.126+0000] {dag.py:3239} INFO - Sync 1 DAGs
[2026-06-05T03:20:48.147+0000] {logging_mixin.py:190} INFO - [2026-06-05T03:20:48.147+0000] {dag.py:4180} INFO - Setting next_dagrun for train_model_lakehouse to None, run_after=None
[2026-06-05T03:20:48.195+0000] {processor.py:208} INFO - Processing /opt/airflow/dags/train_model_lakehouse_dag.py took 0.146 seconds
[2026-06-05T03:21:18.443+0000] {processor.py:186} INFO - Started process (PID=860) to work on /opt/airflow/dags/train_model_lakehouse_dag.py
[2026-06-05T03:21:18.468+0000] {processor.py:914} INFO - Processing file /opt/airflow/dags/train_model_lakehouse_dag.py for tasks to queue
[2026-06-05T03:21:18.473+0000] {logging_mixin.py:190} INFO - [2026-06-05T03:21:18.472+0000] {dagbag.py:588} INFO - Filling up the DagBag from /opt/airflow/dags/train_model_lakehouse_dag.py
[2026-06-05T03:21:18.493+0000] {processor.py:925} INFO - DAG(s) 'train_model_lakehouse' retrieved from /opt/airflow/dags/train_model_lakehouse_dag.py
[2026-06-05T03:21:18.542+0000] {logging_mixin.py:190} INFO - [2026-06-05T03:21:18.542+0000] {dag.py:3239} INFO - Sync 1 DAGs
[2026-06-05T03:21:18.563+0000] {logging_mixin.py:190} INFO - [2026-06-05T03:21:18.562+0000] {dag.py:4180} INFO - Setting next_dagrun for train_model_lakehouse to None, run_after=None
[2026-06-05T03:21:18.588+0000] {processor.py:208} INFO - Processing /opt/airflow/dags/train_model_lakehouse_dag.py took 0.156 seconds
[2026-06-05T03:21:48.659+0000] {processor.py:186} INFO - Started process (PID=865) to work on /opt/airflow/dags/train_model_lakehouse_dag.py
[2026-06-05T03:21:48.661+0000] {processor.py:914} INFO - Processing file /opt/airflow/dags/train_model_lakehouse_dag.py for tasks to queue
[2026-06-05T03:21:48.670+0000] {logging_mixin.py:190} INFO - [2026-06-05T03:21:48.669+0000] {dagbag.py:588} INFO - Filling up the DagBag from /opt/airflow/dags/train_model_lakehouse_dag.py
[2026-06-05T03:21:48.699+0000] {processor.py:925} INFO - DAG(s) 'train_model_lakehouse' retrieved from /opt/airflow/dags/train_model_lakehouse_dag.py
[2026-06-05T03:21:48.764+0000] {logging_mixin.py:190} INFO - [2026-06-05T03:21:48.764+0000] {dag.py:3239} INFO - Sync 1 DAGs
[2026-06-05T03:21:48.787+0000] {logging_mixin.py:190} INFO - [2026-06-05T03:21:48.786+0000] {dag.py:4180} INFO - Setting next_dagrun for train_model_lakehouse to None, run_after=None
[2026-06-05T03:21:48.813+0000] {processor.py:208} INFO - Processing /opt/airflow/dags/train_model_lakehouse_dag.py took 0.170 seconds
[2026-06-05T03:22:18.914+0000] {processor.py:186} INFO - Started process (PID=870) to work on /opt/airflow/dags/train_model_lakehouse_dag.py
[2026-06-05T03:22:18.934+0000] {processor.py:914} INFO - Processing file /opt/airflow/dags/train_model_lakehouse_dag.py for tasks to queue
[2026-06-05T03:22:18.937+0000] {logging_mixin.py:190} INFO - [2026-06-05T03:22:18.937+0000] {dagbag.py:588} INFO - Filling up the DagBag from /opt/airflow/dags/train_model_lakehouse_dag.py
[2026-06-05T03:22:18.950+0000] {processor.py:925} INFO - DAG(s) 'train_model_lakehouse' retrieved from /opt/airflow/dags/train_model_lakehouse_dag.py
[2026-06-05T03:22:18.989+0000] {logging_mixin.py:190} INFO - [2026-06-05T03:22:18.988+0000] {dag.py:3239} INFO - Sync 1 DAGs
[2026-06-05T03:22:19.006+0000] {logging_mixin.py:190} INFO - [2026-06-05T03:22:19.006+0000] {dag.py:4180} INFO - Setting next_dagrun for train_model_lakehouse to None, run_after=None
[2026-06-05T03:22:19.030+0000] {processor.py:208} INFO - Processing /opt/airflow/dags/train_model_lakehouse_dag.py took 0.129 seconds
[2026-06-05T03:22:49.269+0000] {processor.py:186} INFO - Started process (PID=875) to work on /opt/airflow/dags/train_model_lakehouse_dag.py
[2026-06-05T03:22:49.302+0000] {processor.py:914} INFO - Processing file /opt/airflow/dags/train_model_lakehouse_dag.py for tasks to queue
[2026-06-05T03:22:49.311+0000] {logging_mixin.py:190} INFO - [2026-06-05T03:22:49.310+0000] {dagbag.py:588} INFO - Filling up the DagBag from /opt/airflow/dags/train_model_lakehouse_dag.py
[2026-06-05T03:22:49.347+0000] {processor.py:925} INFO - DAG(s) 'train_model_lakehouse' retrieved from /opt/airflow/dags/train_model_lakehouse_dag.py
[2026-06-05T03:22:49.443+0000] {logging_mixin.py:190} INFO - [2026-06-05T03:22:49.443+0000] {dag.py:3239} INFO - Sync 1 DAGs
[2026-06-05T03:22:49.471+0000] {logging_mixin.py:190} INFO - [2026-06-05T03:22:49.471+0000] {dag.py:4180} INFO - Setting next_dagrun for train_model_lakehouse to None, run_after=None
[2026-06-05T03:22:49.526+0000] {processor.py:208} INFO - Processing /opt/airflow/dags/train_model_lakehouse_dag.py took 0.281 seconds
[2026-06-05T03:23:19.631+0000] {processor.py:186} INFO - Started process (PID=880) to work on /opt/airflow/dags/train_model_lakehouse_dag.py
[2026-06-05T03:23:19.634+0000] {processor.py:914} INFO - Processing file /opt/airflow/dags/train_model_lakehouse_dag.py for tasks to queue
[2026-06-05T03:23:19.645+0000] {logging_mixin.py:190} INFO - [2026-06-05T03:23:19.643+0000] {dagbag.py:588} INFO - Filling up the DagBag from /opt/airflow/dags/train_model_lakehouse_dag.py
[2026-06-05T03:23:19.682+0000] {processor.py:925} INFO - DAG(s) 'train_model_lakehouse' retrieved from /opt/airflow/dags/train_model_lakehouse_dag.py
[2026-06-05T03:23:19.771+0000] {logging_mixin.py:190} INFO - [2026-06-05T03:23:19.771+0000] {dag.py:3239} INFO - Sync 1 DAGs
[2026-06-05T03:23:19.792+0000] {logging_mixin.py:190} INFO - [2026-06-05T03:23:19.792+0000] {dag.py:4180} INFO - Setting next_dagrun for train_model_lakehouse to None, run_after=None
[2026-06-05T03:23:19.816+0000] {processor.py:208} INFO - Processing /opt/airflow/dags/train_model_lakehouse_dag.py took 0.212 seconds
[2026-06-05T03:23:50.139+0000] {processor.py:186} INFO - Started process (PID=885) to work on /opt/airflow/dags/train_model_lakehouse_dag.py
[2026-06-05T03:23:50.162+0000] {processor.py:914} INFO - Processing file /opt/airflow/dags/train_model_lakehouse_dag.py for tasks to queue
[2026-06-05T03:23:50.171+0000] {logging_mixin.py:190} INFO - [2026-06-05T03:23:50.170+0000] {dagbag.py:588} INFO - Filling up the DagBag from /opt/airflow/dags/train_model_lakehouse_dag.py
[2026-06-05T03:23:50.207+0000] {processor.py:925} INFO - DAG(s) 'train_model_lakehouse' retrieved from /opt/airflow/dags/train_model_lakehouse_dag.py
[2026-06-05T03:23:50.302+0000] {logging_mixin.py:190} INFO - [2026-06-05T03:23:50.301+0000] {dag.py:3239} INFO - Sync 1 DAGs
[2026-06-05T03:23:50.331+0000] {logging_mixin.py:190} INFO - [2026-06-05T03:23:50.331+0000] {dag.py:4180} INFO - Setting next_dagrun for train_model_lakehouse to None, run_after=None
[2026-06-05T03:23:50.358+0000] {processor.py:208} INFO - Processing /opt/airflow/dags/train_model_lakehouse_dag.py took 0.242 seconds
[2026-06-05T03:24:20.600+0000] {processor.py:186} INFO - Started process (PID=890) to work on /opt/airflow/dags/train_model_lakehouse_dag.py
[2026-06-05T03:24:20.602+0000] {processor.py:914} INFO - Processing file /opt/airflow/dags/train_model_lakehouse_dag.py for tasks to queue
[2026-06-05T03:24:20.606+0000] {logging_mixin.py:190} INFO - [2026-06-05T03:24:20.605+0000] {dagbag.py:588} INFO - Filling up the DagBag from /opt/airflow/dags/train_model_lakehouse_dag.py
[2026-06-05T03:24:20.621+0000] {processor.py:925} INFO - DAG(s) 'train_model_lakehouse' retrieved from /opt/airflow/dags/train_model_lakehouse_dag.py
[2026-06-05T03:24:20.666+0000] {logging_mixin.py:190} INFO - [2026-06-05T03:24:20.666+0000] {dag.py:3239} INFO - Sync 1 DAGs
[2026-06-05T03:24:20.688+0000] {logging_mixin.py:190} INFO - [2026-06-05T03:24:20.687+0000] {dag.py:4180} INFO - Setting next_dagrun for train_model_lakehouse to None, run_after=None
[2026-06-05T03:24:20.721+0000] {processor.py:208} INFO - Processing /opt/airflow/dags/train_model_lakehouse_dag.py took 0.131 seconds
[2026-06-05T03:24:50.875+0000] {processor.py:186} INFO - Started process (PID=895) to work on /opt/airflow/dags/train_model_lakehouse_dag.py
[2026-06-05T03:24:50.876+0000] {processor.py:914} INFO - Processing file /opt/airflow/dags/train_model_lakehouse_dag.py for tasks to queue
[2026-06-05T03:24:50.879+0000] {logging_mixin.py:190} INFO - [2026-06-05T03:24:50.878+0000] {dagbag.py:588} INFO - Filling up the DagBag from /opt/airflow/dags/train_model_lakehouse_dag.py
[2026-06-05T03:24:50.890+0000] {processor.py:925} INFO - DAG(s) 'train_model_lakehouse' retrieved from /opt/airflow/dags/train_model_lakehouse_dag.py
[2026-06-05T03:24:50.925+0000] {logging_mixin.py:190} INFO - [2026-06-05T03:24:50.925+0000] {dag.py:3239} INFO - Sync 1 DAGs
[2026-06-05T03:24:50.941+0000] {logging_mixin.py:190} INFO - [2026-06-05T03:24:50.941+0000] {dag.py:4180} INFO - Setting next_dagrun for train_model_lakehouse to None, run_after=None
[2026-06-05T03:24:50.961+0000] {processor.py:208} INFO - Processing /opt/airflow/dags/train_model_lakehouse_dag.py took 0.094 seconds
[2026-06-05T03:25:21.165+0000] {processor.py:186} INFO - Started process (PID=900) to work on /opt/airflow/dags/train_model_lakehouse_dag.py
[2026-06-05T03:25:21.179+0000] {processor.py:914} INFO - Processing file /opt/airflow/dags/train_model_lakehouse_dag.py for tasks to queue
[2026-06-05T03:25:21.188+0000] {logging_mixin.py:190} INFO - [2026-06-05T03:25:21.187+0000] {dagbag.py:588} INFO - Filling up the DagBag from /opt/airflow/dags/train_model_lakehouse_dag.py
[2026-06-05T03:25:21.225+0000] {processor.py:925} INFO - DAG(s) 'train_model_lakehouse' retrieved from /opt/airflow/dags/train_model_lakehouse_dag.py
[2026-06-05T03:25:21.336+0000] {logging_mixin.py:190} INFO - [2026-06-05T03:25:21.335+0000] {dag.py:3239} INFO - Sync 1 DAGs
[2026-06-05T03:25:21.384+0000] {logging_mixin.py:190} INFO - [2026-06-05T03:25:21.384+0000] {dag.py:4180} INFO - Setting next_dagrun for train_model_lakehouse to None, run_after=None
[2026-06-05T03:25:21.440+0000] {processor.py:208} INFO - Processing /opt/airflow/dags/train_model_lakehouse_dag.py took 0.298 seconds
[2026-06-05T03:25:51.540+0000] {processor.py:186} INFO - Started process (PID=905) to work on /opt/airflow/dags/train_model_lakehouse_dag.py
[2026-06-05T03:25:51.542+0000] {processor.py:914} INFO - Processing file /opt/airflow/dags/train_model_lakehouse_dag.py for tasks to queue
[2026-06-05T03:25:51.553+0000] {logging_mixin.py:190} INFO - [2026-06-05T03:25:51.551+0000] {dagbag.py:588} INFO - Filling up the DagBag from /opt/airflow/dags/train_model_lakehouse_dag.py
[2026-06-05T03:25:51.589+0000] {processor.py:925} INFO - DAG(s) 'train_model_lakehouse' retrieved from /opt/airflow/dags/train_model_lakehouse_dag.py
[2026-06-05T03:25:51.693+0000] {logging_mixin.py:190} INFO - [2026-06-05T03:25:51.693+0000] {dag.py:3239} INFO - Sync 1 DAGs
[2026-06-05T03:25:51.717+0000] {logging_mixin.py:190} INFO - [2026-06-05T03:25:51.717+0000] {dag.py:4180} INFO - Setting next_dagrun for train_model_lakehouse to None, run_after=None
[2026-06-05T03:25:51.741+0000] {processor.py:208} INFO - Processing /opt/airflow/dags/train_model_lakehouse_dag.py took 0.226 seconds
[2026-06-05T03:26:22.018+0000] {processor.py:186} INFO - Started process (PID=910) to work on /opt/airflow/dags/train_model_lakehouse_dag.py
[2026-06-05T03:26:22.024+0000] {processor.py:914} INFO - Processing file /opt/airflow/dags/train_model_lakehouse_dag.py for tasks to queue
[2026-06-05T03:26:22.030+0000] {logging_mixin.py:190} INFO - [2026-06-05T03:26:22.029+0000] {dagbag.py:588} INFO - Filling up the DagBag from /opt/airflow/dags/train_model_lakehouse_dag.py
[2026-06-05T03:26:22.050+0000] {processor.py:925} INFO - DAG(s) 'train_model_lakehouse' retrieved from /opt/airflow/dags/train_model_lakehouse_dag.py
[2026-06-05T03:26:22.106+0000] {logging_mixin.py:190} INFO - [2026-06-05T03:26:22.105+0000] {dag.py:3239} INFO - Sync 1 DAGs
[2026-06-05T03:26:22.133+0000] {logging_mixin.py:190} INFO - [2026-06-05T03:26:22.133+0000] {dag.py:4180} INFO - Setting next_dagrun for train_model_lakehouse to None, run_after=None
[2026-06-05T03:26:22.157+0000] {processor.py:208} INFO - Processing /opt/airflow/dags/train_model_lakehouse_dag.py took 0.153 seconds
[2026-06-05T03:26:52.272+0000] {processor.py:186} INFO - Started process (PID=915) to work on /opt/airflow/dags/train_model_lakehouse_dag.py
[2026-06-05T03:26:52.299+0000] {processor.py:914} INFO - Processing file /opt/airflow/dags/train_model_lakehouse_dag.py for tasks to queue
[2026-06-05T03:26:52.305+0000] {logging_mixin.py:190} INFO - [2026-06-05T03:26:52.304+0000] {dagbag.py:588} INFO - Filling up the DagBag from /opt/airflow/dags/train_model_lakehouse_dag.py
[2026-06-05T03:26:52.325+0000] {processor.py:925} INFO - DAG(s) 'train_model_lakehouse' retrieved from /opt/airflow/dags/train_model_lakehouse_dag.py
[2026-06-05T03:26:52.388+0000] {logging_mixin.py:190} INFO - [2026-06-05T03:26:52.388+0000] {dag.py:3239} INFO - Sync 1 DAGs
[2026-06-05T03:26:52.419+0000] {logging_mixin.py:190} INFO - [2026-06-05T03:26:52.418+0000] {dag.py:4180} INFO - Setting next_dagrun for train_model_lakehouse to None, run_after=None
[2026-06-05T03:26:52.448+0000] {processor.py:208} INFO - Processing /opt/airflow/dags/train_model_lakehouse_dag.py took 0.190 seconds
[2026-06-05T03:27:22.668+0000] {processor.py:186} INFO - Started process (PID=920) to work on /opt/airflow/dags/train_model_lakehouse_dag.py
[2026-06-05T03:27:22.670+0000] {processor.py:914} INFO - Processing file /opt/airflow/dags/train_model_lakehouse_dag.py for tasks to queue
[2026-06-05T03:27:22.680+0000] {logging_mixin.py:190} INFO - [2026-06-05T03:27:22.678+0000] {dagbag.py:588} INFO - Filling up the DagBag from /opt/airflow/dags/train_model_lakehouse_dag.py
[2026-06-05T03:27:22.710+0000] {processor.py:925} INFO - DAG(s) 'train_model_lakehouse' retrieved from /opt/airflow/dags/train_model_lakehouse_dag.py
[2026-06-05T03:27:22.805+0000] {logging_mixin.py:190} INFO - [2026-06-05T03:27:22.805+0000] {dag.py:3239} INFO - Sync 1 DAGs
[2026-06-05T03:27:22.852+0000] {logging_mixin.py:190} INFO - [2026-06-05T03:27:22.852+0000] {dag.py:4180} INFO - Setting next_dagrun for train_model_lakehouse to None, run_after=None
[2026-06-05T03:27:22.909+0000] {processor.py:208} INFO - Processing /opt/airflow/dags/train_model_lakehouse_dag.py took 0.261 seconds
[2026-06-05T03:27:53.039+0000] {processor.py:186} INFO - Started process (PID=925) to work on /opt/airflow/dags/train_model_lakehouse_dag.py
[2026-06-05T03:27:53.058+0000] {processor.py:914} INFO - Processing file /opt/airflow/dags/train_model_lakehouse_dag.py for tasks to queue
[2026-06-05T03:27:53.067+0000] {logging_mixin.py:190} INFO - [2026-06-05T03:27:53.066+0000] {dagbag.py:588} INFO - Filling up the DagBag from /opt/airflow/dags/train_model_lakehouse_dag.py
[2026-06-05T03:27:53.104+0000] {processor.py:925} INFO - DAG(s) 'train_model_lakehouse' retrieved from /opt/airflow/dags/train_model_lakehouse_dag.py
[2026-06-05T03:27:53.206+0000] {logging_mixin.py:190} INFO - [2026-06-05T03:27:53.205+0000] {dag.py:3239} INFO - Sync 1 DAGs
[2026-06-05T03:27:53.228+0000] {logging_mixin.py:190} INFO - [2026-06-05T03:27:53.227+0000] {dag.py:4180} INFO - Setting next_dagrun for train_model_lakehouse to None, run_after=None
[2026-06-05T03:27:53.254+0000] {processor.py:208} INFO - Processing /opt/airflow/dags/train_model_lakehouse_dag.py took 0.239 seconds
[2026-06-05T03:28:23.547+0000] {processor.py:186} INFO - Started process (PID=930) to work on /opt/airflow/dags/train_model_lakehouse_dag.py
[2026-06-05T03:28:23.549+0000] {processor.py:914} INFO - Processing file /opt/airflow/dags/train_model_lakehouse_dag.py for tasks to queue
[2026-06-05T03:28:23.558+0000] {logging_mixin.py:190} INFO - [2026-06-05T03:28:23.557+0000] {dagbag.py:588} INFO - Filling up the DagBag from /opt/airflow/dags/train_model_lakehouse_dag.py
[2026-06-05T03:28:23.591+0000] {processor.py:925} INFO - DAG(s) 'train_model_lakehouse' retrieved from /opt/airflow/dags/train_model_lakehouse_dag.py
[2026-06-05T03:28:23.645+0000] {logging_mixin.py:190} INFO - [2026-06-05T03:28:23.645+0000] {dag.py:3239} INFO - Sync 1 DAGs
[2026-06-05T03:28:23.670+0000] {logging_mixin.py:190} INFO - [2026-06-05T03:28:23.669+0000] {dag.py:4180} INFO - Setting next_dagrun for train_model_lakehouse to None, run_after=None
[2026-06-05T03:28:23.717+0000] {processor.py:208} INFO - Processing /opt/airflow/dags/train_model_lakehouse_dag.py took 0.197 seconds
[2026-06-05T03:28:53.816+0000] {processor.py:186} INFO - Started process (PID=935) to work on /opt/airflow/dags/train_model_lakehouse_dag.py
[2026-06-05T03:28:53.834+0000] {processor.py:914} INFO - Processing file /opt/airflow/dags/train_model_lakehouse_dag.py for tasks to queue
[2026-06-05T03:28:53.838+0000] {logging_mixin.py:190} INFO - [2026-06-05T03:28:53.837+0000] {dagbag.py:588} INFO - Filling up the DagBag from /opt/airflow/dags/train_model_lakehouse_dag.py
[2026-06-05T03:28:53.851+0000] {processor.py:925} INFO - DAG(s) 'train_model_lakehouse' retrieved from /opt/airflow/dags/train_model_lakehouse_dag.py
[2026-06-05T03:28:53.904+0000] {logging_mixin.py:190} INFO - [2026-06-05T03:28:53.903+0000] {dag.py:3239} INFO - Sync 1 DAGs
[2026-06-05T03:28:53.933+0000] {logging_mixin.py:190} INFO - [2026-06-05T03:28:53.932+0000] {dag.py:4180} INFO - Setting next_dagrun for train_model_lakehouse to None, run_after=None
[2026-06-05T03:28:53.980+0000] {processor.py:208} INFO - Processing /opt/airflow/dags/train_model_lakehouse_dag.py took 0.173 seconds
[2026-06-05T03:29:24.274+0000] {processor.py:186} INFO - Started process (PID=940) to work on /opt/airflow/dags/train_model_lakehouse_dag.py
[2026-06-05T03:29:24.277+0000] {processor.py:914} INFO - Processing file /opt/airflow/dags/train_model_lakehouse_dag.py for tasks to queue
[2026-06-05T03:29:24.286+0000] {logging_mixin.py:190} INFO - [2026-06-05T03:29:24.284+0000] {dagbag.py:588} INFO - Filling up the DagBag from /opt/airflow/dags/train_model_lakehouse_dag.py
[2026-06-05T03:29:24.324+0000] {processor.py:925} INFO - DAG(s) 'train_model_lakehouse' retrieved from /opt/airflow/dags/train_model_lakehouse_dag.py
[2026-06-05T03:29:24.424+0000] {logging_mixin.py:190} INFO - [2026-06-05T03:29:24.424+0000] {dag.py:3239} INFO - Sync 1 DAGs
[2026-06-05T03:29:24.466+0000] {logging_mixin.py:190} INFO - [2026-06-05T03:29:24.465+0000] {dag.py:4180} INFO - Setting next_dagrun for train_model_lakehouse to None, run_after=None
[2026-06-05T03:29:24.519+0000] {processor.py:208} INFO - Processing /opt/airflow/dags/train_model_lakehouse_dag.py took 0.268 seconds
[2026-06-05T03:29:54.850+0000] {processor.py:186} INFO - Started process (PID=945) to work on /opt/airflow/dags/train_model_lakehouse_dag.py
[2026-06-05T03:29:54.872+0000] {processor.py:914} INFO - Processing file /opt/airflow/dags/train_model_lakehouse_dag.py for tasks to queue
[2026-06-05T03:29:54.881+0000] {logging_mixin.py:190} INFO - [2026-06-05T03:29:54.880+0000] {dagbag.py:588} INFO - Filling up the DagBag from /opt/airflow/dags/train_model_lakehouse_dag.py
[2026-06-05T03:29:54.927+0000] {processor.py:925} INFO - DAG(s) 'train_model_lakehouse' retrieved from /opt/airflow/dags/train_model_lakehouse_dag.py
[2026-06-05T03:29:55.041+0000] {logging_mixin.py:190} INFO - [2026-06-05T03:29:55.041+0000] {dag.py:3239} INFO - Sync 1 DAGs
[2026-06-05T03:29:55.072+0000] {logging_mixin.py:190} INFO - [2026-06-05T03:29:55.072+0000] {dag.py:4180} INFO - Setting next_dagrun for train_model_lakehouse to None, run_after=None
[2026-06-05T03:29:55.118+0000] {processor.py:208} INFO - Processing /opt/airflow/dags/train_model_lakehouse_dag.py took 0.293 seconds
[2026-06-05T03:30:25.456+0000] {processor.py:186} INFO - Started process (PID=950) to work on /opt/airflow/dags/train_model_lakehouse_dag.py
[2026-06-05T03:30:25.458+0000] {processor.py:914} INFO - Processing file /opt/airflow/dags/train_model_lakehouse_dag.py for tasks to queue
[2026-06-05T03:30:25.468+0000] {logging_mixin.py:190} INFO - [2026-06-05T03:30:25.467+0000] {dagbag.py:588} INFO - Filling up the DagBag from /opt/airflow/dags/train_model_lakehouse_dag.py
[2026-06-05T03:30:25.512+0000] {processor.py:925} INFO - DAG(s) 'train_model_lakehouse' retrieved from /opt/airflow/dags/train_model_lakehouse_dag.py
[2026-06-05T03:30:25.580+0000] {logging_mixin.py:190} INFO - [2026-06-05T03:30:25.580+0000] {dag.py:3239} INFO - Sync 1 DAGs
[2026-06-05T03:30:25.599+0000] {logging_mixin.py:190} INFO - [2026-06-05T03:30:25.599+0000] {dag.py:4180} INFO - Setting next_dagrun for train_model_lakehouse to None, run_after=None
[2026-06-05T03:30:25.622+0000] {processor.py:208} INFO - Processing /opt/airflow/dags/train_model_lakehouse_dag.py took 0.188 seconds
[2026-06-05T03:30:55.758+0000] {processor.py:186} INFO - Started process (PID=955) to work on /opt/airflow/dags/train_model_lakehouse_dag.py
[2026-06-05T03:30:55.760+0000] {processor.py:914} INFO - Processing file /opt/airflow/dags/train_model_lakehouse_dag.py for tasks to queue
[2026-06-05T03:30:55.772+0000] {logging_mixin.py:190} INFO - [2026-06-05T03:30:55.770+0000] {dagbag.py:588} INFO - Filling up the DagBag from /opt/airflow/dags/train_model_lakehouse_dag.py
[2026-06-05T03:30:55.801+0000] {processor.py:925} INFO - DAG(s) 'train_model_lakehouse' retrieved from /opt/airflow/dags/train_model_lakehouse_dag.py
[2026-06-05T03:30:55.852+0000] {logging_mixin.py:190} INFO - [2026-06-05T03:30:55.851+0000] {dag.py:3239} INFO - Sync 1 DAGs
[2026-06-05T03:30:55.872+0000] {logging_mixin.py:190} INFO - [2026-06-05T03:30:55.871+0000] {dag.py:4180} INFO - Setting next_dagrun for train_model_lakehouse to None, run_after=None
[2026-06-05T03:30:55.909+0000] {processor.py:208} INFO - Processing /opt/airflow/dags/train_model_lakehouse_dag.py took 0.178 seconds
[2026-06-05T03:31:26.192+0000] {processor.py:186} INFO - Started process (PID=960) to work on /opt/airflow/dags/train_model_lakehouse_dag.py
[2026-06-05T03:31:26.193+0000] {processor.py:914} INFO - Processing file /opt/airflow/dags/train_model_lakehouse_dag.py for tasks to queue
[2026-06-05T03:31:26.199+0000] {logging_mixin.py:190} INFO - [2026-06-05T03:31:26.198+0000] {dagbag.py:588} INFO - Filling up the DagBag from /opt/airflow/dags/train_model_lakehouse_dag.py
[2026-06-05T03:31:26.216+0000] {processor.py:925} INFO - DAG(s) 'train_model_lakehouse' retrieved from /opt/airflow/dags/train_model_lakehouse_dag.py
[2026-06-05T03:31:26.270+0000] {logging_mixin.py:190} INFO - [2026-06-05T03:31:26.270+0000] {dag.py:3239} INFO - Sync 1 DAGs
[2026-06-05T03:31:26.294+0000] {logging_mixin.py:190} INFO - [2026-06-05T03:31:26.294+0000] {dag.py:4180} INFO - Setting next_dagrun for train_model_lakehouse to None, run_after=None
[2026-06-05T03:31:26.346+0000] {processor.py:208} INFO - Processing /opt/airflow/dags/train_model_lakehouse_dag.py took 0.166 seconds
[2026-06-05T03:31:56.483+0000] {processor.py:186} INFO - Started process (PID=965) to work on /opt/airflow/dags/train_model_lakehouse_dag.py
[2026-06-05T03:31:56.484+0000] {processor.py:914} INFO - Processing file /opt/airflow/dags/train_model_lakehouse_dag.py for tasks to queue
[2026-06-05T03:31:56.489+0000] {logging_mixin.py:190} INFO - [2026-06-05T03:31:56.488+0000] {dagbag.py:588} INFO - Filling up the DagBag from /opt/airflow/dags/train_model_lakehouse_dag.py
[2026-06-05T03:31:56.505+0000] {processor.py:925} INFO - DAG(s) 'train_model_lakehouse' retrieved from /opt/airflow/dags/train_model_lakehouse_dag.py
[2026-06-05T03:31:56.559+0000] {logging_mixin.py:190} INFO - [2026-06-05T03:31:56.559+0000] {dag.py:3239} INFO - Sync 1 DAGs
[2026-06-05T03:31:56.584+0000] {logging_mixin.py:190} INFO - [2026-06-05T03:31:56.584+0000] {dag.py:4180} INFO - Setting next_dagrun for train_model_lakehouse to None, run_after=None
[2026-06-05T03:31:56.638+0000] {processor.py:208} INFO - Processing /opt/airflow/dags/train_model_lakehouse_dag.py took 0.167 seconds
[2026-06-05T03:32:26.932+0000] {processor.py:186} INFO - Started process (PID=970) to work on /opt/airflow/dags/train_model_lakehouse_dag.py
[2026-06-05T03:32:26.934+0000] {processor.py:914} INFO - Processing file /opt/airflow/dags/train_model_lakehouse_dag.py for tasks to queue
[2026-06-05T03:32:26.942+0000] {logging_mixin.py:190} INFO - [2026-06-05T03:32:26.941+0000] {dagbag.py:588} INFO - Filling up the DagBag from /opt/airflow/dags/train_model_lakehouse_dag.py
[2026-06-05T03:32:26.973+0000] {processor.py:925} INFO - DAG(s) 'train_model_lakehouse' retrieved from /opt/airflow/dags/train_model_lakehouse_dag.py
[2026-06-05T03:32:27.066+0000] {logging_mixin.py:190} INFO - [2026-06-05T03:32:27.066+0000] {dag.py:3239} INFO - Sync 1 DAGs
[2026-06-05T03:32:27.117+0000] {logging_mixin.py:190} INFO - [2026-06-05T03:32:27.116+0000] {dag.py:4180} INFO - Setting next_dagrun for train_model_lakehouse to None, run_after=None
[2026-06-05T03:32:27.191+0000] {processor.py:208} INFO - Processing /opt/airflow/dags/train_model_lakehouse_dag.py took 0.281 seconds
[2026-06-05T03:32:57.509+0000] {processor.py:186} INFO - Started process (PID=975) to work on /opt/airflow/dags/train_model_lakehouse_dag.py
[2026-06-05T03:32:57.510+0000] {processor.py:914} INFO - Processing file /opt/airflow/dags/train_model_lakehouse_dag.py for tasks to queue
[2026-06-05T03:32:57.514+0000] {logging_mixin.py:190} INFO - [2026-06-05T03:32:57.514+0000] {dagbag.py:588} INFO - Filling up the DagBag from /opt/airflow/dags/train_model_lakehouse_dag.py
[2026-06-05T03:32:57.539+0000] {processor.py:925} INFO - DAG(s) 'train_model_lakehouse' retrieved from /opt/airflow/dags/train_model_lakehouse_dag.py
[2026-06-05T03:32:57.594+0000] {logging_mixin.py:190} INFO - [2026-06-05T03:32:57.594+0000] {dag.py:3239} INFO - Sync 1 DAGs
[2026-06-05T03:32:57.621+0000] {logging_mixin.py:190} INFO - [2026-06-05T03:32:57.621+0000] {dag.py:4180} INFO - Setting next_dagrun for train_model_lakehouse to None, run_after=None
[2026-06-05T03:32:57.665+0000] {processor.py:208} INFO - Processing /opt/airflow/dags/train_model_lakehouse_dag.py took 0.169 seconds
[2026-06-05T03:33:27.790+0000] {processor.py:186} INFO - Started process (PID=980) to work on /opt/airflow/dags/train_model_lakehouse_dag.py
[2026-06-05T03:33:27.794+0000] {processor.py:914} INFO - Processing file /opt/airflow/dags/train_model_lakehouse_dag.py for tasks to queue
[2026-06-05T03:33:27.803+0000] {logging_mixin.py:190} INFO - [2026-06-05T03:33:27.801+0000] {dagbag.py:588} INFO - Filling up the DagBag from /opt/airflow/dags/train_model_lakehouse_dag.py
[2026-06-05T03:33:27.834+0000] {processor.py:925} INFO - DAG(s) 'train_model_lakehouse' retrieved from /opt/airflow/dags/train_model_lakehouse_dag.py
[2026-06-05T03:33:27.880+0000] {logging_mixin.py:190} INFO - [2026-06-05T03:33:27.880+0000] {dag.py:3239} INFO - Sync 1 DAGs
[2026-06-05T03:33:27.899+0000] {logging_mixin.py:190} INFO - [2026-06-05T03:33:27.899+0000] {dag.py:4180} INFO - Setting next_dagrun for train_model_lakehouse to None, run_after=None
[2026-06-05T03:33:27.954+0000] {processor.py:208} INFO - Processing /opt/airflow/dags/train_model_lakehouse_dag.py took 0.190 seconds
[2026-06-05T03:33:58.247+0000] {processor.py:186} INFO - Started process (PID=985) to work on /opt/airflow/dags/train_model_lakehouse_dag.py
[2026-06-05T03:33:58.249+0000] {processor.py:914} INFO - Processing file /opt/airflow/dags/train_model_lakehouse_dag.py for tasks to queue
[2026-06-05T03:33:58.257+0000] {logging_mixin.py:190} INFO - [2026-06-05T03:33:58.256+0000] {dagbag.py:588} INFO - Filling up the DagBag from /opt/airflow/dags/train_model_lakehouse_dag.py
[2026-06-05T03:33:58.290+0000] {processor.py:925} INFO - DAG(s) 'train_model_lakehouse' retrieved from /opt/airflow/dags/train_model_lakehouse_dag.py
[2026-06-05T03:33:58.381+0000] {logging_mixin.py:190} INFO - [2026-06-05T03:33:58.381+0000] {dag.py:3239} INFO - Sync 1 DAGs
[2026-06-05T03:33:58.425+0000] {logging_mixin.py:190} INFO - [2026-06-05T03:33:58.424+0000] {dag.py:4180} INFO - Setting next_dagrun for train_model_lakehouse to None, run_after=None
[2026-06-05T03:33:58.476+0000] {processor.py:208} INFO - Processing /opt/airflow/dags/train_model_lakehouse_dag.py took 0.250 seconds
[2026-06-05T03:34:28.775+0000] {processor.py:186} INFO - Started process (PID=990) to work on /opt/airflow/dags/train_model_lakehouse_dag.py
[2026-06-05T03:34:28.776+0000] {processor.py:914} INFO - Processing file /opt/airflow/dags/train_model_lakehouse_dag.py for tasks to queue
[2026-06-05T03:34:28.780+0000] {logging_mixin.py:190} INFO - [2026-06-05T03:34:28.779+0000] {dagbag.py:588} INFO - Filling up the DagBag from /opt/airflow/dags/train_model_lakehouse_dag.py
[2026-06-05T03:34:28.794+0000] {processor.py:925} INFO - DAG(s) 'train_model_lakehouse' retrieved from /opt/airflow/dags/train_model_lakehouse_dag.py
[2026-06-05T03:34:28.841+0000] {logging_mixin.py:190} INFO - [2026-06-05T03:34:28.840+0000] {dag.py:3239} INFO - Sync 1 DAGs
[2026-06-05T03:34:28.865+0000] {logging_mixin.py:190} INFO - [2026-06-05T03:34:28.864+0000] {dag.py:4180} INFO - Setting next_dagrun for train_model_lakehouse to None, run_after=None
[2026-06-05T03:34:28.895+0000] {processor.py:208} INFO - Processing /opt/airflow/dags/train_model_lakehouse_dag.py took 0.129 seconds
[2026-06-05T03:34:59.090+0000] {processor.py:186} INFO - Started process (PID=995) to work on /opt/airflow/dags/train_model_lakehouse_dag.py
[2026-06-05T03:34:59.093+0000] {processor.py:914} INFO - Processing file /opt/airflow/dags/train_model_lakehouse_dag.py for tasks to queue
[2026-06-05T03:34:59.104+0000] {logging_mixin.py:190} INFO - [2026-06-05T03:34:59.102+0000] {dagbag.py:588} INFO - Filling up the DagBag from /opt/airflow/dags/train_model_lakehouse_dag.py
[2026-06-05T03:34:59.141+0000] {processor.py:925} INFO - DAG(s) 'train_model_lakehouse' retrieved from /opt/airflow/dags/train_model_lakehouse_dag.py
[2026-06-05T03:34:59.260+0000] {logging_mixin.py:190} INFO - [2026-06-05T03:34:59.259+0000] {dag.py:3239} INFO - Sync 1 DAGs
[2026-06-05T03:34:59.295+0000] {logging_mixin.py:190} INFO - [2026-06-05T03:34:59.295+0000] {dag.py:4180} INFO - Setting next_dagrun for train_model_lakehouse to None, run_after=None
[2026-06-05T03:34:59.329+0000] {processor.py:208} INFO - Processing /opt/airflow/dags/train_model_lakehouse_dag.py took 0.265 seconds
[2026-06-05T03:35:29.446+0000] {processor.py:186} INFO - Started process (PID=1000) to work on /opt/airflow/dags/train_model_lakehouse_dag.py
[2026-06-05T03:35:29.447+0000] {processor.py:914} INFO - Processing file /opt/airflow/dags/train_model_lakehouse_dag.py for tasks to queue
[2026-06-05T03:35:29.453+0000] {logging_mixin.py:190} INFO - [2026-06-05T03:35:29.452+0000] {dagbag.py:588} INFO - Filling up the DagBag from /opt/airflow/dags/train_model_lakehouse_dag.py
[2026-06-05T03:35:29.479+0000] {processor.py:925} INFO - DAG(s) 'train_model_lakehouse' retrieved from /opt/airflow/dags/train_model_lakehouse_dag.py
[2026-06-05T03:35:29.554+0000] {logging_mixin.py:190} INFO - [2026-06-05T03:35:29.553+0000] {dag.py:3239} INFO - Sync 1 DAGs
[2026-06-05T03:35:29.595+0000] {logging_mixin.py:190} INFO - [2026-06-05T03:35:29.593+0000] {dag.py:4180} INFO - Setting next_dagrun for train_model_lakehouse to None, run_after=None
[2026-06-05T03:35:29.644+0000] {processor.py:208} INFO - Processing /opt/airflow/dags/train_model_lakehouse_dag.py took 0.216 seconds
[2026-06-05T03:35:59.921+0000] {processor.py:186} INFO - Started process (PID=1005) to work on /opt/airflow/dags/train_model_lakehouse_dag.py
[2026-06-05T03:35:59.946+0000] {processor.py:914} INFO - Processing file /opt/airflow/dags/train_model_lakehouse_dag.py for tasks to queue
[2026-06-05T03:35:59.955+0000] {logging_mixin.py:190} INFO - [2026-06-05T03:35:59.953+0000] {dagbag.py:588} INFO - Filling up the DagBag from /opt/airflow/dags/train_model_lakehouse_dag.py
[2026-06-05T03:35:59.990+0000] {processor.py:925} INFO - DAG(s) 'train_model_lakehouse' retrieved from /opt/airflow/dags/train_model_lakehouse_dag.py
[2026-06-05T03:36:00.093+0000] {logging_mixin.py:190} INFO - [2026-06-05T03:36:00.092+0000] {dag.py:3239} INFO - Sync 1 DAGs
[2026-06-05T03:36:00.143+0000] {logging_mixin.py:190} INFO - [2026-06-05T03:36:00.142+0000] {dag.py:4180} INFO - Setting next_dagrun for train_model_lakehouse to None, run_after=None
[2026-06-05T03:36:00.205+0000] {processor.py:208} INFO - Processing /opt/airflow/dags/train_model_lakehouse_dag.py took 0.309 seconds
[2026-06-05T03:36:30.552+0000] {processor.py:186} INFO - Started process (PID=1010) to work on /opt/airflow/dags/train_model_lakehouse_dag.py
[2026-06-05T03:36:30.555+0000] {processor.py:914} INFO - Processing file /opt/airflow/dags/train_model_lakehouse_dag.py for tasks to queue
[2026-06-05T03:36:30.564+0000] {logging_mixin.py:190} INFO - [2026-06-05T03:36:30.563+0000] {dagbag.py:588} INFO - Filling up the DagBag from /opt/airflow/dags/train_model_lakehouse_dag.py
[2026-06-05T03:36:30.626+0000] {processor.py:925} INFO - DAG(s) 'train_model_lakehouse' retrieved from /opt/airflow/dags/train_model_lakehouse_dag.py
[2026-06-05T03:36:30.735+0000] {logging_mixin.py:190} INFO - [2026-06-05T03:36:30.735+0000] {dag.py:3239} INFO - Sync 1 DAGs
[2026-06-05T03:36:30.776+0000] {logging_mixin.py:190} INFO - [2026-06-05T03:36:30.775+0000] {dag.py:4180} INFO - Setting next_dagrun for train_model_lakehouse to None, run_after=None
[2026-06-05T03:36:30.807+0000] {processor.py:208} INFO - Processing /opt/airflow/dags/train_model_lakehouse_dag.py took 0.283 seconds
[2026-06-05T03:37:01.163+0000] {processor.py:186} INFO - Started process (PID=1015) to work on /opt/airflow/dags/train_model_lakehouse_dag.py
[2026-06-05T03:37:01.188+0000] {processor.py:914} INFO - Processing file /opt/airflow/dags/train_model_lakehouse_dag.py for tasks to queue
[2026-06-05T03:37:01.196+0000] {logging_mixin.py:190} INFO - [2026-06-05T03:37:01.195+0000] {dagbag.py:588} INFO - Filling up the DagBag from /opt/airflow/dags/train_model_lakehouse_dag.py
[2026-06-05T03:37:01.228+0000] {processor.py:925} INFO - DAG(s) 'train_model_lakehouse' retrieved from /opt/airflow/dags/train_model_lakehouse_dag.py
[2026-06-05T03:37:01.322+0000] {logging_mixin.py:190} INFO - [2026-06-05T03:37:01.322+0000] {dag.py:3239} INFO - Sync 1 DAGs
[2026-06-05T03:37:01.368+0000] {logging_mixin.py:190} INFO - [2026-06-05T03:37:01.367+0000] {dag.py:4180} INFO - Setting next_dagrun for train_model_lakehouse to None, run_after=None
[2026-06-05T03:37:01.404+0000] {processor.py:208} INFO - Processing /opt/airflow/dags/train_model_lakehouse_dag.py took 0.261 seconds
[2026-06-05T03:37:31.743+0000] {processor.py:186} INFO - Started process (PID=1020) to work on /opt/airflow/dags/train_model_lakehouse_dag.py
[2026-06-05T03:37:31.746+0000] {processor.py:914} INFO - Processing file /opt/airflow/dags/train_model_lakehouse_dag.py for tasks to queue
[2026-06-05T03:37:31.755+0000] {logging_mixin.py:190} INFO - [2026-06-05T03:37:31.754+0000] {dagbag.py:588} INFO - Filling up the DagBag from /opt/airflow/dags/train_model_lakehouse_dag.py
[2026-06-05T03:37:31.787+0000] {processor.py:925} INFO - DAG(s) 'train_model_lakehouse' retrieved from /opt/airflow/dags/train_model_lakehouse_dag.py
[2026-06-05T03:37:31.880+0000] {logging_mixin.py:190} INFO - [2026-06-05T03:37:31.880+0000] {dag.py:3239} INFO - Sync 1 DAGs
[2026-06-05T03:37:31.935+0000] {logging_mixin.py:190} INFO - [2026-06-05T03:37:31.934+0000] {dag.py:4180} INFO - Setting next_dagrun for train_model_lakehouse to None, run_after=None
[2026-06-05T03:37:32.010+0000] {processor.py:208} INFO - Processing /opt/airflow/dags/train_model_lakehouse_dag.py took 0.289 seconds
[2026-06-05T03:38:02.360+0000] {processor.py:186} INFO - Started process (PID=1025) to work on /opt/airflow/dags/train_model_lakehouse_dag.py
[2026-06-05T03:38:02.386+0000] {processor.py:914} INFO - Processing file /opt/airflow/dags/train_model_lakehouse_dag.py for tasks to queue
[2026-06-05T03:38:02.392+0000] {logging_mixin.py:190} INFO - [2026-06-05T03:38:02.391+0000] {dagbag.py:588} INFO - Filling up the DagBag from /opt/airflow/dags/train_model_lakehouse_dag.py
[2026-06-05T03:38:02.414+0000] {processor.py:925} INFO - DAG(s) 'train_model_lakehouse' retrieved from /opt/airflow/dags/train_model_lakehouse_dag.py
[2026-06-05T03:38:02.481+0000] {logging_mixin.py:190} INFO - [2026-06-05T03:38:02.480+0000] {dag.py:3239} INFO - Sync 1 DAGs
[2026-06-05T03:38:02.507+0000] {logging_mixin.py:190} INFO - [2026-06-05T03:38:02.507+0000] {dag.py:4180} INFO - Setting next_dagrun for train_model_lakehouse to None, run_after=None
[2026-06-05T03:38:02.537+0000] {processor.py:208} INFO - Processing /opt/airflow/dags/train_model_lakehouse_dag.py took 0.191 seconds
[2026-06-05T03:38:32.659+0000] {processor.py:186} INFO - Started process (PID=1030) to work on /opt/airflow/dags/train_model_lakehouse_dag.py
[2026-06-05T03:38:32.661+0000] {processor.py:914} INFO - Processing file /opt/airflow/dags/train_model_lakehouse_dag.py for tasks to queue
[2026-06-05T03:38:32.673+0000] {logging_mixin.py:190} INFO - [2026-06-05T03:38:32.671+0000] {dagbag.py:588} INFO - Filling up the DagBag from /opt/airflow/dags/train_model_lakehouse_dag.py
[2026-06-05T03:38:32.711+0000] {processor.py:925} INFO - DAG(s) 'train_model_lakehouse' retrieved from /opt/airflow/dags/train_model_lakehouse_dag.py
[2026-06-05T03:38:32.806+0000] {logging_mixin.py:190} INFO - [2026-06-05T03:38:32.805+0000] {dag.py:3239} INFO - Sync 1 DAGs
[2026-06-05T03:38:32.828+0000] {logging_mixin.py:190} INFO - [2026-06-05T03:38:32.828+0000] {dag.py:4180} INFO - Setting next_dagrun for train_model_lakehouse to None, run_after=None
[2026-06-05T03:38:32.853+0000] {processor.py:208} INFO - Processing /opt/airflow/dags/train_model_lakehouse_dag.py took 0.215 seconds
[2026-06-05T03:39:03.097+0000] {processor.py:186} INFO - Started process (PID=1035) to work on /opt/airflow/dags/train_model_lakehouse_dag.py
[2026-06-05T03:39:03.098+0000] {processor.py:914} INFO - Processing file /opt/airflow/dags/train_model_lakehouse_dag.py for tasks to queue
[2026-06-05T03:39:03.103+0000] {logging_mixin.py:190} INFO - [2026-06-05T03:39:03.102+0000] {dagbag.py:588} INFO - Filling up the DagBag from /opt/airflow/dags/train_model_lakehouse_dag.py
[2026-06-05T03:39:03.122+0000] {processor.py:925} INFO - DAG(s) 'train_model_lakehouse' retrieved from /opt/airflow/dags/train_model_lakehouse_dag.py
[2026-06-05T03:39:03.181+0000] {logging_mixin.py:190} INFO - [2026-06-05T03:39:03.181+0000] {dag.py:3239} INFO - Sync 1 DAGs
[2026-06-05T03:39:03.203+0000] {logging_mixin.py:190} INFO - [2026-06-05T03:39:03.203+0000] {dag.py:4180} INFO - Setting next_dagrun for train_model_lakehouse to None, run_after=None
[2026-06-05T03:39:03.238+0000] {processor.py:208} INFO - Processing /opt/airflow/dags/train_model_lakehouse_dag.py took 0.151 seconds
[2026-06-05T03:39:33.455+0000] {processor.py:186} INFO - Started process (PID=1040) to work on /opt/airflow/dags/train_model_lakehouse_dag.py
[2026-06-05T03:39:33.457+0000] {processor.py:914} INFO - Processing file /opt/airflow/dags/train_model_lakehouse_dag.py for tasks to queue
[2026-06-05T03:39:33.469+0000] {logging_mixin.py:190} INFO - [2026-06-05T03:39:33.467+0000] {dagbag.py:588} INFO - Filling up the DagBag from /opt/airflow/dags/train_model_lakehouse_dag.py
[2026-06-05T03:39:33.505+0000] {processor.py:925} INFO - DAG(s) 'train_model_lakehouse' retrieved from /opt/airflow/dags/train_model_lakehouse_dag.py
[2026-06-05T03:39:33.607+0000] {logging_mixin.py:190} INFO - [2026-06-05T03:39:33.606+0000] {dag.py:3239} INFO - Sync 1 DAGs
[2026-06-05T03:39:33.651+0000] {logging_mixin.py:190} INFO - [2026-06-05T03:39:33.650+0000] {dag.py:4180} INFO - Setting next_dagrun for train_model_lakehouse to None, run_after=None
[2026-06-05T03:39:33.680+0000] {processor.py:208} INFO - Processing /opt/airflow/dags/train_model_lakehouse_dag.py took 0.248 seconds
[2026-06-05T03:40:03.841+0000] {processor.py:186} INFO - Started process (PID=1045) to work on /opt/airflow/dags/train_model_lakehouse_dag.py
[2026-06-05T03:40:03.844+0000] {processor.py:914} INFO - Processing file /opt/airflow/dags/train_model_lakehouse_dag.py for tasks to queue
[2026-06-05T03:40:03.854+0000] {logging_mixin.py:190} INFO - [2026-06-05T03:40:03.853+0000] {dagbag.py:588} INFO - Filling up the DagBag from /opt/airflow/dags/train_model_lakehouse_dag.py
[2026-06-05T03:40:03.889+0000] {processor.py:925} INFO - DAG(s) 'train_model_lakehouse' retrieved from /opt/airflow/dags/train_model_lakehouse_dag.py
[2026-06-05T03:40:03.989+0000] {logging_mixin.py:190} INFO - [2026-06-05T03:40:03.988+0000] {dag.py:3239} INFO - Sync 1 DAGs
[2026-06-05T03:40:04.034+0000] {logging_mixin.py:190} INFO - [2026-06-05T03:40:04.034+0000] {dag.py:4180} INFO - Setting next_dagrun for train_model_lakehouse to None, run_after=None
[2026-06-05T03:40:04.111+0000] {processor.py:208} INFO - Processing /opt/airflow/dags/train_model_lakehouse_dag.py took 0.293 seconds
[2026-06-05T03:40:34.247+0000] {processor.py:186} INFO - Started process (PID=1050) to work on /opt/airflow/dags/train_model_lakehouse_dag.py
[2026-06-05T03:40:34.249+0000] {processor.py:914} INFO - Processing file /opt/airflow/dags/train_model_lakehouse_dag.py for tasks to queue
[2026-06-05T03:40:34.257+0000] {logging_mixin.py:190} INFO - [2026-06-05T03:40:34.256+0000] {dagbag.py:588} INFO - Filling up the DagBag from /opt/airflow/dags/train_model_lakehouse_dag.py
[2026-06-05T03:40:34.300+0000] {processor.py:925} INFO - DAG(s) 'train_model_lakehouse' retrieved from /opt/airflow/dags/train_model_lakehouse_dag.py
[2026-06-05T03:40:34.409+0000] {logging_mixin.py:190} INFO - [2026-06-05T03:40:34.408+0000] {dag.py:3239} INFO - Sync 1 DAGs
[2026-06-05T03:40:34.470+0000] {logging_mixin.py:190} INFO - [2026-06-05T03:40:34.469+0000] {dag.py:4180} INFO - Setting next_dagrun for train_model_lakehouse to None, run_after=None
[2026-06-05T03:40:34.526+0000] {processor.py:208} INFO - Processing /opt/airflow/dags/train_model_lakehouse_dag.py took 0.301 seconds
[2026-06-05T03:41:04.722+0000] {processor.py:186} INFO - Started process (PID=1055) to work on /opt/airflow/dags/train_model_lakehouse_dag.py
[2026-06-05T03:41:04.726+0000] {processor.py:914} INFO - Processing file /opt/airflow/dags/train_model_lakehouse_dag.py for tasks to queue
[2026-06-05T03:41:04.736+0000] {logging_mixin.py:190} INFO - [2026-06-05T03:41:04.734+0000] {dagbag.py:588} INFO - Filling up the DagBag from /opt/airflow/dags/train_model_lakehouse_dag.py
[2026-06-05T03:41:04.777+0000] {processor.py:925} INFO - DAG(s) 'train_model_lakehouse' retrieved from /opt/airflow/dags/train_model_lakehouse_dag.py
[2026-06-05T03:41:04.886+0000] {logging_mixin.py:190} INFO - [2026-06-05T03:41:04.885+0000] {dag.py:3239} INFO - Sync 1 DAGs
[2026-06-05T03:41:04.937+0000] {logging_mixin.py:190} INFO - [2026-06-05T03:41:04.937+0000] {dag.py:4180} INFO - Setting next_dagrun for train_model_lakehouse to None, run_after=None
[2026-06-05T03:41:04.991+0000] {processor.py:208} INFO - Processing /opt/airflow/dags/train_model_lakehouse_dag.py took 0.298 seconds
[2026-06-05T03:41:35.186+0000] {processor.py:186} INFO - Started process (PID=1060) to work on /opt/airflow/dags/train_model_lakehouse_dag.py
[2026-06-05T03:41:35.189+0000] {processor.py:914} INFO - Processing file /opt/airflow/dags/train_model_lakehouse_dag.py for tasks to queue
[2026-06-05T03:41:35.199+0000] {logging_mixin.py:190} INFO - [2026-06-05T03:41:35.198+0000] {dagbag.py:588} INFO - Filling up the DagBag from /opt/airflow/dags/train_model_lakehouse_dag.py
[2026-06-05T03:41:35.240+0000] {processor.py:925} INFO - DAG(s) 'train_model_lakehouse' retrieved from /opt/airflow/dags/train_model_lakehouse_dag.py
[2026-06-05T03:41:35.360+0000] {logging_mixin.py:190} INFO - [2026-06-05T03:41:35.359+0000] {dag.py:3239} INFO - Sync 1 DAGs
[2026-06-05T03:41:35.420+0000] {logging_mixin.py:190} INFO - [2026-06-05T03:41:35.419+0000] {dag.py:4180} INFO - Setting next_dagrun for train_model_lakehouse to None, run_after=None
[2026-06-05T03:41:35.489+0000] {processor.py:208} INFO - Processing /opt/airflow/dags/train_model_lakehouse_dag.py took 0.336 seconds
[2026-06-05T03:42:05.624+0000] {processor.py:186} INFO - Started process (PID=1065) to work on /opt/airflow/dags/train_model_lakehouse_dag.py
[2026-06-05T03:42:05.640+0000] {processor.py:914} INFO - Processing file /opt/airflow/dags/train_model_lakehouse_dag.py for tasks to queue
[2026-06-05T03:42:05.651+0000] {logging_mixin.py:190} INFO - [2026-06-05T03:42:05.649+0000] {dagbag.py:588} INFO - Filling up the DagBag from /opt/airflow/dags/train_model_lakehouse_dag.py
[2026-06-05T03:42:05.685+0000] {processor.py:925} INFO - DAG(s) 'train_model_lakehouse' retrieved from /opt/airflow/dags/train_model_lakehouse_dag.py
[2026-06-05T03:42:05.783+0000] {logging_mixin.py:190} INFO - [2026-06-05T03:42:05.782+0000] {dag.py:3239} INFO - Sync 1 DAGs
[2026-06-05T03:42:05.805+0000] {logging_mixin.py:190} INFO - [2026-06-05T03:42:05.805+0000] {dag.py:4180} INFO - Setting next_dagrun for train_model_lakehouse to None, run_after=None
[2026-06-05T03:42:05.849+0000] {processor.py:208} INFO - Processing /opt/airflow/dags/train_model_lakehouse_dag.py took 0.249 seconds
[2026-06-05T03:42:36.079+0000] {processor.py:186} INFO - Started process (PID=1070) to work on /opt/airflow/dags/train_model_lakehouse_dag.py
[2026-06-05T03:42:36.080+0000] {processor.py:914} INFO - Processing file /opt/airflow/dags/train_model_lakehouse_dag.py for tasks to queue
[2026-06-05T03:42:36.086+0000] {logging_mixin.py:190} INFO - [2026-06-05T03:42:36.085+0000] {dagbag.py:588} INFO - Filling up the DagBag from /opt/airflow/dags/train_model_lakehouse_dag.py
[2026-06-05T03:42:36.101+0000] {processor.py:925} INFO - DAG(s) 'train_model_lakehouse' retrieved from /opt/airflow/dags/train_model_lakehouse_dag.py
[2026-06-05T03:42:36.148+0000] {logging_mixin.py:190} INFO - [2026-06-05T03:42:36.148+0000] {dag.py:3239} INFO - Sync 1 DAGs
[2026-06-05T03:42:36.178+0000] {logging_mixin.py:190} INFO - [2026-06-05T03:42:36.178+0000] {dag.py:4180} INFO - Setting next_dagrun for train_model_lakehouse to None, run_after=None
[2026-06-05T03:42:36.202+0000] {processor.py:208} INFO - Processing /opt/airflow/dags/train_model_lakehouse_dag.py took 0.134 seconds
[2026-06-05T03:43:06.463+0000] {processor.py:186} INFO - Started process (PID=1075) to work on /opt/airflow/dags/train_model_lakehouse_dag.py
[2026-06-05T03:43:06.486+0000] {processor.py:914} INFO - Processing file /opt/airflow/dags/train_model_lakehouse_dag.py for tasks to queue
[2026-06-05T03:43:06.496+0000] {logging_mixin.py:190} INFO - [2026-06-05T03:43:06.495+0000] {dagbag.py:588} INFO - Filling up the DagBag from /opt/airflow/dags/train_model_lakehouse_dag.py
[2026-06-05T03:43:06.533+0000] {processor.py:925} INFO - DAG(s) 'train_model_lakehouse' retrieved from /opt/airflow/dags/train_model_lakehouse_dag.py
[2026-06-05T03:43:06.647+0000] {logging_mixin.py:190} INFO - [2026-06-05T03:43:06.647+0000] {dag.py:3239} INFO - Sync 1 DAGs
[2026-06-05T03:43:06.684+0000] {logging_mixin.py:190} INFO - [2026-06-05T03:43:06.683+0000] {dag.py:4180} INFO - Setting next_dagrun for train_model_lakehouse to None, run_after=None
[2026-06-05T03:43:06.712+0000] {processor.py:208} INFO - Processing /opt/airflow/dags/train_model_lakehouse_dag.py took 0.273 seconds
[2026-06-05T03:43:36.823+0000] {processor.py:186} INFO - Started process (PID=1080) to work on /opt/airflow/dags/train_model_lakehouse_dag.py
[2026-06-05T03:43:36.825+0000] {processor.py:914} INFO - Processing file /opt/airflow/dags/train_model_lakehouse_dag.py for tasks to queue
[2026-06-05T03:43:36.835+0000] {logging_mixin.py:190} INFO - [2026-06-05T03:43:36.834+0000] {dagbag.py:588} INFO - Filling up the DagBag from /opt/airflow/dags/train_model_lakehouse_dag.py
[2026-06-05T03:43:36.867+0000] {processor.py:925} INFO - DAG(s) 'train_model_lakehouse' retrieved from /opt/airflow/dags/train_model_lakehouse_dag.py
[2026-06-05T03:43:36.962+0000] {logging_mixin.py:190} INFO - [2026-06-05T03:43:36.961+0000] {dag.py:3239} INFO - Sync 1 DAGs
[2026-06-05T03:43:37.011+0000] {logging_mixin.py:190} INFO - [2026-06-05T03:43:37.010+0000] {dag.py:4180} INFO - Setting next_dagrun for train_model_lakehouse to None, run_after=None
[2026-06-05T03:43:37.079+0000] {processor.py:208} INFO - Processing /opt/airflow/dags/train_model_lakehouse_dag.py took 0.276 seconds
