2026.05.31 09:12:56 INFO  Started: Metals version 1.6.7 in folders '/home/casuario/Desktop/practica-creativa-global/practica_creativa' for client Visual Studio Code 1.122.1.[0m
2026.05.31 09:12:56 INFO  Memory monitor started[0m
2026.05.31 09:12:57 WARN  Using H2 2.4.240 which is newer than the version Flyway has been verified with. The latest verified version of H2 is 2.3.232.[0m
2026.05.31 09:12:57 INFO  no build target found for /home/casuario/Desktop/practica-creativa-global/practica_creativa/flight_prediction/src/main/scala/es/upm/dit/ging/predictor/MakePrediction.scala. Using presentation compiler with project's scala-library version: 3.3.7[0m
2026.05.31 09:13:01 INFO  no build target found for /home/casuario/Desktop/practica-creativa-global/practica_creativa/flight_prediction/src/main/scala/es/upm/dit/ging/predictor/MakePrediction.scala. Using presentation compiler with project's scala-library version: 3.3.7[0m
2026.05.31 09:13:31 INFO  no build target found for /home/casuario/Desktop/practica-creativa-global/practica_creativa/flight_prediction/src/main/scala/es/upm/dit/ging/predictor/MakePrediction.scala. Using presentation compiler with project's scala-library version: 3.3.7[0m
2026.06.02 19:38:10 INFO  Started: Metals version 1.6.7 in folders '/home/casuario/Desktop/practica-creativa-global/practica_creativa' for client Visual Studio Code 1.122.1.[0m
2026.06.02 19:38:10 INFO  Memory monitor started[0m
2026.06.02 19:38:15 WARN  Using H2 2.4.240 which is newer than the version Flyway has been verified with. The latest verified version of H2 is 2.3.232.[0m
2026.06.02 19:38:15 INFO  no build target found for /home/casuario/Desktop/practica-creativa-global/practica_creativa/flight_prediction/src/main/scala/es/upm/dit/ging/predictor/MakePrediction.scala. Using presentation compiler with project's scala-library version: 3.3.7[0m
2026.06.02 19:38:18 INFO  no build target found for /home/casuario/Desktop/practica-creativa-global/practica_creativa/flight_prediction/src/main/scala/es/upm/dit/ging/predictor/MakePrediction.scala. Using presentation compiler with project's scala-library version: 3.3.7[0m
2026.06.02 19:42:32 INFO  no build target found for /home/casuario/Desktop/practica-creativa-global/practica_creativa/flight_prediction/src/main/scala/es/upm/dit/ging/predictor/MakePrediction.scala. Using presentation compiler with project's scala-library version: 3.3.7[0m
2026.06.02 19:42:32 WARN  no build target for: /home/casuario/Desktop/practica-creativa-global/practica_creativa/flight_prediction/src/main/scala/es/upm/dit/ging/predictor/MakePrediction.scala[0m
2026.06.02 19:42:32 INFO  no build target found for /home/casuario/Desktop/practica-creativa-global/practica_creativa/flight_prediction/src/main/scala/es/upm/dit/ging/predictor/MakePrediction.scala. Using presentation compiler with project's scala-library version: 3.3.7[0m
2026.06.02 19:42:33 INFO  time: code lens generation in 1.22s[0m
2026.06.02 19:42:33 INFO  time: code lens generation in 1.22s[0m
2026.06.02 19:42:33 INFO  no build target found for /home/casuario/Desktop/practica-creativa-global/practica_creativa/flight_prediction/src/main/scala/es/upm/dit/ging/predictor/MakePrediction.scala. Using presentation compiler with project's scala-library version: 3.3.7[0m
Exception in thread "pool-7-thread-1" java.lang.InterruptedException
	at scala.meta.internal.metals.FutureCancelToken.checkCanceled(FutureCancelToken.scala:29)
	at scala.meta.internal.pc.CompilerAccess.onCompilerJobQueue$$anonfun$1(CompilerAccess.scala:208)
	at scala.meta.internal.pc.CompilerJobQueue$Job.run(CompilerJobQueue.scala:153)
	at java.base/java.util.concurrent.ThreadPoolExecutor.runWorker(ThreadPoolExecutor.java:1136)
	at java.base/java.util.concurrent.ThreadPoolExecutor$Worker.run(ThreadPoolExecutor.java:635)
	at java.base/java.lang.Thread.run(Thread.java:840)
2026.06.02 19:42:33 INFO  no build target found for /home/casuario/Desktop/practica-creativa-global/practica_creativa/flight_prediction/src/main/scala/es/upm/dit/ging/predictor/MakePrediction.scala. Using presentation compiler with project's scala-library version: 3.3.7[0m
2026.06.02 19:42:34 INFO  no build target found for /home/casuario/Desktop/practica-creativa-global/practica_creativa/flight_prediction/src/main/scala/es/upm/dit/ging/predictor/MakePrediction.scala. Using presentation compiler with project's scala-library version: 3.3.7[0m
2026.06.02 19:42:35 INFO  no build target found for /home/casuario/Desktop/practica-creativa-global/practica_creativa/flight_prediction/src/main/scala/es/upm/dit/ging/predictor/MakePrediction.scala. Using presentation compiler with project's scala-library version: 3.3.7[0m
2026.06.02 19:42:36 INFO  Created report: Optional[file:///home/casuario/Desktop/practica-creativa-global/practica_creativa/flight_prediction/src/main/scala/es/upm/dit/ging/predictor/MakePrediction.scala][0m
2026.06.02 19:42:36 INFO  empty definition using pc, found symbol in pc:  (full report at: "/home/casuario/Desktop/practica-creativa-global/practica_creativa/.metals/.reports/metals-full/2026-06-02/r_empty-definition_19-42-36-636.md")[0m
2026.06.02 19:42:46 INFO  no build target found for /home/casuario/Desktop/practica-creativa-global/practica_creativa/flight_prediction/src/main/scala/es/upm/dit/ging/predictor/MakePrediction.scala. Using presentation compiler with project's scala-library version: 3.3.7[0m
2026.06.02 19:54:46 INFO  no build target found for /home/casuario/Desktop/practica-creativa-global/practica_creativa/flight_prediction/src/main/scala/es/upm/dit/ging/predictor/MakePrediction.scala. Using presentation compiler with project's scala-library version: 3.3.7[0m
2026.06.02 19:54:46 WARN  no build target for: /home/casuario/Desktop/practica-creativa-global/practica_creativa/flight_prediction/src/main/scala/es/upm/dit/ging/predictor/MakePrediction.scala[0m
2026.06.02 19:54:46 INFO  no build target found for /home/casuario/Desktop/practica-creativa-global/practica_creativa/flight_prediction/src/main/scala/es/upm/dit/ging/predictor/MakePrediction.scala. Using presentation compiler with project's scala-library version: 3.3.7[0m
2026.06.02 19:54:46 INFO  no build target found for /home/casuario/Desktop/practica-creativa-global/practica_creativa/flight_prediction/src/main/scala/es/upm/dit/ging/predictor/MakePrediction.scala. Using presentation compiler with project's scala-library version: 3.3.7[0m
2026.06.02 19:54:46 INFO  no build target found for /home/casuario/Desktop/practica-creativa-global/practica_creativa/flight_prediction/src/main/scala/es/upm/dit/ging/predictor/MakePrediction.scala. Using presentation compiler with project's scala-library version: 3.3.7[0m
2026.06.02 19:54:46 INFO  no build target found for /home/casuario/Desktop/practica-creativa-global/practica_creativa/flight_prediction/src/main/scala/es/upm/dit/ging/predictor/MakePrediction.scala. Using presentation compiler with project's scala-library version: 3.3.7[0m
2026.06.02 19:54:47 INFO  no build target found for /home/casuario/Desktop/practica-creativa-global/practica_creativa/flight_prediction/src/main/scala/es/upm/dit/ging/predictor/MakePrediction.scala. Using presentation compiler with project's scala-library version: 3.3.7[0m
2026.06.02 19:55:31 INFO  no build target found for /home/casuario/Desktop/practica-creativa-global/practica_creativa/flight_prediction/src/main/scala/es/upm/dit/ging/predictor/MakePrediction.scala. Using presentation compiler with project's scala-library version: 3.3.7[0m
2026.06.02 19:56:35 INFO  no build target found for /home/casuario/Desktop/practica-creativa-global/practica_creativa/flight_prediction/src/main/scala/es/upm/dit/ging/predictor/MakePrediction.scala. Using presentation compiler with project's scala-library version: 3.3.7[0m
2026.06.02 19:56:35 WARN  no build target for: /home/casuario/Desktop/practica-creativa-global/practica_creativa/flight_prediction/src/main/scala/es/upm/dit/ging/predictor/MakePrediction.scala[0m
2026.06.02 19:56:35 INFO  no build target found for /home/casuario/Desktop/practica-creativa-global/practica_creativa/flight_prediction/src/main/scala/es/upm/dit/ging/predictor/MakePrediction.scala. Using presentation compiler with project's scala-library version: 3.3.7[0m
2026.06.02 19:56:36 INFO  no build target found for /home/casuario/Desktop/practica-creativa-global/practica_creativa/flight_prediction/src/main/scala/es/upm/dit/ging/predictor/MakePrediction.scala. Using presentation compiler with project's scala-library version: 3.3.7[0m
2026.06.02 19:56:35 INFO  no build target found for /home/casuario/Desktop/practica-creativa-global/practica_creativa/flight_prediction/src/main/scala/es/upm/dit/ging/predictor/MakePrediction.scala. Using presentation compiler with project's scala-library version: 3.3.7[0m
2026.06.02 19:56:35 INFO  no build target found for /home/casuario/Desktop/practica-creativa-global/practica_creativa/flight_prediction/src/main/scala/es/upm/dit/ging/predictor/MakePrediction.scala. Using presentation compiler with project's scala-library version: 3.3.7[0m
2026.06.02 19:56:35 INFO  no build target found for /home/casuario/Desktop/practica-creativa-global/practica_creativa/flight_prediction/src/main/scala/es/upm/dit/ging/predictor/MakePrediction.scala. Using presentation compiler with project's scala-library version: 3.3.7[0m
2026.06.02 19:56:48 INFO  no build target found for /home/casuario/Desktop/practica-creativa-global/practica_creativa/flight_prediction/src/main/scala/es/upm/dit/ging/predictor/MakePrediction.scala. Using presentation compiler with project's scala-library version: 3.3.7[0m
2026.06.02 19:56:48 INFO  no build target found for /home/casuario/Desktop/practica-creativa-global/practica_creativa/flight_prediction/src/main/scala/es/upm/dit/ging/predictor/MakePrediction.scala. Using presentation compiler with project's scala-library version: 3.3.7[0m
2026.06.02 19:56:50 INFO  no build target found for /home/casuario/Desktop/practica-creativa-global/practica_creativa/flight_prediction/src/main/scala/es/upm/dit/ging/predictor/MakePrediction.scala. Using presentation compiler with project's scala-library version: 3.3.7[0m
2026.06.02 19:56:51 INFO  no build target found for /home/casuario/Desktop/practica-creativa-global/practica_creativa/flight_prediction/src/main/scala/es/upm/dit/ging/predictor/MakePrediction.scala. Using presentation compiler with project's scala-library version: 3.3.7[0m
2026.06.02 19:56:51 INFO  no build target found for /home/casuario/Desktop/practica-creativa-global/practica_creativa/flight_prediction/src/main/scala/es/upm/dit/ging/predictor/MakePrediction.scala. Using presentation compiler with project's scala-library version: 3.3.7[0m
2026.06.02 19:56:51 INFO  no build target found for /home/casuario/Desktop/practica-creativa-global/practica_creativa/flight_prediction/src/main/scala/es/upm/dit/ging/predictor/MakePrediction.scala. Using presentation compiler with project's scala-library version: 3.3.7[0m
2026.06.02 19:56:52 INFO  no build target found for /home/casuario/Desktop/practica-creativa-global/practica_creativa/flight_prediction/src/main/scala/es/upm/dit/ging/predictor/MakePrediction.scala. Using presentation compiler with project's scala-library version: 3.3.7[0m
2026.06.02 19:56:52 INFO  no build target found for /home/casuario/Desktop/practica-creativa-global/practica_creativa/flight_prediction/src/main/scala/es/upm/dit/ging/predictor/MakePrediction.scala. Using presentation compiler with project's scala-library version: 3.3.7[0m
2026.06.02 19:56:52 WARN  no build target for: /home/casuario/Desktop/practica-creativa-global/practica_creativa/flight_prediction/src/main/scala/es/upm/dit/ging/predictor/MakePrediction.scala[0m
2026.06.02 19:56:52 INFO  no build target found for /home/casuario/Desktop/practica-creativa-global/practica_creativa/flight_prediction/src/main/scala/es/upm/dit/ging/predictor/MakePrediction.scala. Using presentation compiler with project's scala-library version: 3.3.7[0m
2026.06.02 19:56:54 INFO  no build target found for /home/casuario/Desktop/practica-creativa-global/practica_creativa/flight_prediction/src/main/scala/es/upm/dit/ging/predictor/MakePrediction.scala. Using presentation compiler with project's scala-library version: 3.3.7[0m
2026.06.02 19:56:54 WARN  no build target for: /home/casuario/Desktop/practica-creativa-global/practica_creativa/flight_prediction/src/main/scala/es/upm/dit/ging/predictor/MakePrediction.scala[0m
2026.06.02 19:56:54 INFO  no build target found for /home/casuario/Desktop/practica-creativa-global/practica_creativa/flight_prediction/src/main/scala/es/upm/dit/ging/predictor/MakePrediction.scala. Using presentation compiler with project's scala-library version: 3.3.7[0m
2026.06.02 19:56:55 INFO  no build target found for /home/casuario/Desktop/practica-creativa-global/practica_creativa/flight_prediction/src/main/scala/es/upm/dit/ging/predictor/MakePrediction.scala. Using presentation compiler with project's scala-library version: 3.3.7[0m
2026.06.02 20:32:10 INFO  no build target found for /home/casuario/Desktop/practica-creativa-global/practica_creativa/flight_prediction/build.sbt. Using presentation compiler with project's scala-library version: 3.3.7[0m
2026.06.02 20:32:10 WARN  no build target for: /home/casuario/Desktop/practica-creativa-global/practica_creativa/flight_prediction/build.sbt[0m
2026.06.02 20:32:10 INFO  no build target found for /home/casuario/Desktop/practica-creativa-global/practica_creativa/flight_prediction/build.sbt. Using presentation compiler with project's scala-library version: 3.3.7[0m
2026.06.02 20:32:10 INFO  no build target found for /home/casuario/Desktop/practica-creativa-global/practica_creativa/flight_prediction/build.sbt. Using presentation compiler with project's scala-library version: 3.3.7[0m
2026.06.02 20:32:12 INFO  no build target found for /home/casuario/Desktop/practica-creativa-global/practica_creativa/flight_prediction/build.sbt. Using presentation compiler with project's scala-library version: 3.3.7[0m
2026.06.02 20:32:12 INFO  no build target found for /home/casuario/Desktop/practica-creativa-global/practica_creativa/flight_prediction/build.sbt. Using presentation compiler with project's scala-library version: 3.3.7[0m
2026.06.02 20:32:12 INFO  no build target found for /home/casuario/Desktop/practica-creativa-global/practica_creativa/flight_prediction/build.sbt. Using presentation compiler with project's scala-library version: 3.3.7[0m
2026.06.02 20:32:12 INFO  no build target found for /home/casuario/Desktop/practica-creativa-global/practica_creativa/flight_prediction/build.sbt. Using presentation compiler with project's scala-library version: 3.3.7[0m
2026.06.02 20:32:12 INFO  no build target found for /home/casuario/Desktop/practica-creativa-global/practica_creativa/flight_prediction/build.sbt. Using presentation compiler with project's scala-library version: 3.3.7[0m
2026.06.02 20:32:13 INFO  no build target found for /home/casuario/Desktop/practica-creativa-global/practica_creativa/flight_prediction/build.sbt. Using presentation compiler with project's scala-library version: 3.3.7[0m
2026.06.02 20:32:13 INFO  no build target found for /home/casuario/Desktop/practica-creativa-global/practica_creativa/flight_prediction/build.sbt. Using presentation compiler with project's scala-library version: 3.3.7[0m
2026.06.02 20:32:14 INFO  no build target found for /home/casuario/Desktop/practica-creativa-global/practica_creativa/flight_prediction/build.sbt. Using presentation compiler with project's scala-library version: 3.3.7[0m
2026.06.02 20:32:13 INFO  no build target found for /home/casuario/Desktop/practica-creativa-global/practica_creativa/flight_prediction/build.sbt. Using presentation compiler with project's scala-library version: 3.3.7[0m
2026.06.02 20:32:14 INFO  no build target found for /home/casuario/Desktop/practica-creativa-global/practica_creativa/flight_prediction/build.sbt. Using presentation compiler with project's scala-library version: 3.3.7[0m
2026.06.02 20:32:15 WARN  no build target for: /home/casuario/Desktop/practica-creativa-global/practica_creativa/flight_prediction/build.sbt[0m
2026.06.02 20:32:15 INFO  no build target found for /home/casuario/Desktop/practica-creativa-global/practica_creativa/flight_prediction/build.sbt. Using presentation compiler with project's scala-library version: 3.3.7[0m
2026.06.02 20:32:19 INFO  no build target found for /home/casuario/Desktop/practica-creativa-global/practica_creativa/flight_prediction/build.sbt. Using presentation compiler with project's scala-library version: 3.3.7[0m
2026.06.02 20:32:53 INFO  no build target found for /home/casuario/Desktop/practica-creativa-global/practica_creativa/flight_prediction/build.sbt. Using presentation compiler with project's scala-library version: 3.3.7[0m
2026.06.02 20:39:30 WARN  no build target for: /home/casuario/Desktop/practica-creativa-global/practica_creativa/flight_prediction/build.sbt[0m
2026.06.02 20:39:30 INFO  no build target found for /home/casuario/Desktop/practica-creativa-global/practica_creativa/flight_prediction/build.sbt. Using presentation compiler with project's scala-library version: 3.3.7[0m
2026.06.02 20:39:31 INFO  no build target found for /home/casuario/Desktop/practica-creativa-global/practica_creativa/flight_prediction/build.sbt. Using presentation compiler with project's scala-library version: 3.3.7[0m
2026.06.02 20:39:30 INFO  no build target found for /home/casuario/Desktop/practica-creativa-global/practica_creativa/flight_prediction/build.sbt. Using presentation compiler with project's scala-library version: 3.3.7[0m
2026.06.02 20:39:30 INFO  no build target found for /home/casuario/Desktop/practica-creativa-global/practica_creativa/flight_prediction/build.sbt. Using presentation compiler with project's scala-library version: 3.3.7[0m
Jun 02, 2026 8:39:34 PM org.eclipse.lsp4j.jsonrpc.RemoteEndpoint handleCancellation
WARNING: Unmatched cancel notification for request id 127
2026.06.02 20:39:49 INFO  no build target found for /home/casuario/Desktop/practica-creativa-global/practica_creativa/flight_prediction/build.sbt. Using presentation compiler with project's scala-library version: 3.3.7[0m
2026.06.02 20:39:51 INFO  no build target found for /home/casuario/Desktop/practica-creativa-global/practica_creativa/flight_prediction/build.sbt. Using presentation compiler with project's scala-library version: 3.3.7[0m
2026.06.02 20:39:51 INFO  no build target found for /home/casuario/Desktop/practica-creativa-global/practica_creativa/flight_prediction/build.sbt. Using presentation compiler with project's scala-library version: 3.3.7[0m
2026.06.02 20:39:51 INFO  no build target found for /home/casuario/Desktop/practica-creativa-global/practica_creativa/flight_prediction/build.sbt. Using presentation compiler with project's scala-library version: 3.3.7[0m
2026.06.02 20:39:51 INFO  no build target found for /home/casuario/Desktop/practica-creativa-global/practica_creativa/flight_prediction/build.sbt. Using presentation compiler with project's scala-library version: 3.3.7[0m
2026.06.02 20:39:51 INFO  no build target found for /home/casuario/Desktop/practica-creativa-global/practica_creativa/flight_prediction/build.sbt. Using presentation compiler with project's scala-library version: 3.3.7[0m
2026.06.02 20:39:51 INFO  no build target found for /home/casuario/Desktop/practica-creativa-global/practica_creativa/flight_prediction/build.sbt. Using presentation compiler with project's scala-library version: 3.3.7[0m
2026.06.02 20:39:51 INFO  no build target found for /home/casuario/Desktop/practica-creativa-global/practica_creativa/flight_prediction/build.sbt. Using presentation compiler with project's scala-library version: 3.3.7[0m
2026.06.02 20:39:51 INFO  no build target found for /home/casuario/Desktop/practica-creativa-global/practica_creativa/flight_prediction/build.sbt. Using presentation compiler with project's scala-library version: 3.3.7[0m
2026.06.02 20:40:35 INFO  no build target found for /home/casuario/Desktop/practica-creativa-global/practica_creativa/flight_prediction/build.sbt. Using presentation compiler with project's scala-library version: 3.3.7[0m
2026.06.02 20:40:44 INFO  no build target found for /home/casuario/Desktop/practica-creativa-global/practica_creativa/flight_prediction/build.sbt. Using presentation compiler with project's scala-library version: 3.3.7[0m
2026.06.02 20:40:44 INFO  no build target found for /home/casuario/Desktop/practica-creativa-global/practica_creativa/flight_prediction/build.sbt. Using presentation compiler with project's scala-library version: 3.3.7[0m
2026.06.02 20:40:46 INFO  no build target found for /home/casuario/Desktop/practica-creativa-global/practica_creativa/flight_prediction/build.sbt. Using presentation compiler with project's scala-library version: 3.3.7[0m
2026.06.02 20:40:48 INFO  no build target found for /home/casuario/Desktop/practica-creativa-global/practica_creativa/flight_prediction/build.sbt. Using presentation compiler with project's scala-library version: 3.3.7[0m
2026.06.02 20:40:51 INFO  no build target found for /home/casuario/Desktop/practica-creativa-global/practica_creativa/flight_prediction/build.sbt. Using presentation compiler with project's scala-library version: 3.3.7[0m
2026.06.02 20:40:51 INFO  no build target found for /home/casuario/Desktop/practica-creativa-global/practica_creativa/flight_prediction/build.sbt. Using presentation compiler with project's scala-library version: 3.3.7[0m
2026.06.02 20:40:51 INFO  no build target found for /home/casuario/Desktop/practica-creativa-global/practica_creativa/flight_prediction/build.sbt. Using presentation compiler with project's scala-library version: 3.3.7[0m
2026.06.02 20:40:52 INFO  no build target found for /home/casuario/Desktop/practica-creativa-global/practica_creativa/flight_prediction/build.sbt. Using presentation compiler with project's scala-library version: 3.3.7[0m
2026.06.02 20:40:52 INFO  no build target found for /home/casuario/Desktop/practica-creativa-global/practica_creativa/flight_prediction/build.sbt. Using presentation compiler with project's scala-library version: 3.3.7[0m
2026.06.02 20:40:52 INFO  no build target found for /home/casuario/Desktop/practica-creativa-global/practica_creativa/flight_prediction/build.sbt. Using presentation compiler with project's scala-library version: 3.3.7[0m
2026.06.02 20:40:57 INFO  no build target found for /home/casuario/Desktop/practica-creativa-global/practica_creativa/flight_prediction/build.sbt. Using presentation compiler with project's scala-library version: 3.3.7[0m
2026.06.02 20:40:57 INFO  no build target found for /home/casuario/Desktop/practica-creativa-global/practica_creativa/flight_prediction/build.sbt. Using presentation compiler with project's scala-library version: 3.3.7[0m
2026.06.02 20:40:57 INFO  no build target found for /home/casuario/Desktop/practica-creativa-global/practica_creativa/flight_prediction/build.sbt. Using presentation compiler with project's scala-library version: 3.3.7[0m
2026.06.02 20:40:57 INFO  no build target found for /home/casuario/Desktop/practica-creativa-global/practica_creativa/flight_prediction/build.sbt. Using presentation compiler with project's scala-library version: 3.3.7[0m
2026.06.02 20:40:59 INFO  no build target found for /home/casuario/Desktop/practica-creativa-global/practica_creativa/flight_prediction/build.sbt. Using presentation compiler with project's scala-library version: 3.3.7[0m
2026.06.02 20:40:59 INFO  no build target found for /home/casuario/Desktop/practica-creativa-global/practica_creativa/flight_prediction/build.sbt. Using presentation compiler with project's scala-library version: 3.3.7[0m
2026.06.02 20:40:59 INFO  no build target found for /home/casuario/Desktop/practica-creativa-global/practica_creativa/flight_prediction/build.sbt. Using presentation compiler with project's scala-library version: 3.3.7[0m
2026.06.02 20:40:59 INFO  no build target found for /home/casuario/Desktop/practica-creativa-global/practica_creativa/flight_prediction/build.sbt. Using presentation compiler with project's scala-library version: 3.3.7[0m
2026.06.02 20:40:59 INFO  no build target found for /home/casuario/Desktop/practica-creativa-global/practica_creativa/flight_prediction/build.sbt. Using presentation compiler with project's scala-library version: 3.3.7[0m
2026.06.02 20:40:59 INFO  no build target found for /home/casuario/Desktop/practica-creativa-global/practica_creativa/flight_prediction/build.sbt. Using presentation compiler with project's scala-library version: 3.3.7[0m
2026.06.02 20:40:59 INFO  no build target found for /home/casuario/Desktop/practica-creativa-global/practica_creativa/flight_prediction/build.sbt. Using presentation compiler with project's scala-library version: 3.3.7[0m
2026.06.02 20:40:59 INFO  no build target found for /home/casuario/Desktop/practica-creativa-global/practica_creativa/flight_prediction/build.sbt. Using presentation compiler with project's scala-library version: 3.3.7[0m
2026.06.02 20:40:59 INFO  no build target found for /home/casuario/Desktop/practica-creativa-global/practica_creativa/flight_prediction/build.sbt. Using presentation compiler with project's scala-library version: 3.3.7[0m
2026.06.02 20:41:00 INFO  no build target found for /home/casuario/Desktop/practica-creativa-global/practica_creativa/flight_prediction/build.sbt. Using presentation compiler with project's scala-library version: 3.3.7[0m
2026.06.02 20:41:00 INFO  no build target found for /home/casuario/Desktop/practica-creativa-global/practica_creativa/flight_prediction/build.sbt. Using presentation compiler with project's scala-library version: 3.3.7[0m
2026.06.02 20:41:00 INFO  no build target found for /home/casuario/Desktop/practica-creativa-global/practica_creativa/flight_prediction/build.sbt. Using presentation compiler with project's scala-library version: 3.3.7[0m
2026.06.02 20:41:01 INFO  no build target found for /home/casuario/Desktop/practica-creativa-global/practica_creativa/flight_prediction/build.sbt. Using presentation compiler with project's scala-library version: 3.3.7[0m
2026.06.02 20:41:01 INFO  no build target found for /home/casuario/Desktop/practica-creativa-global/practica_creativa/flight_prediction/build.sbt. Using presentation compiler with project's scala-library version: 3.3.7[0m
2026.06.02 20:41:00 INFO  no build target found for /home/casuario/Desktop/practica-creativa-global/practica_creativa/flight_prediction/build.sbt. Using presentation compiler with project's scala-library version: 3.3.7[0m
2026.06.02 20:41:00 INFO  no build target found for /home/casuario/Desktop/practica-creativa-global/practica_creativa/flight_prediction/build.sbt. Using presentation compiler with project's scala-library version: 3.3.7[0m
2026.06.02 20:41:00 INFO  no build target found for /home/casuario/Desktop/practica-creativa-global/practica_creativa/flight_prediction/build.sbt. Using presentation compiler with project's scala-library version: 3.3.7[0m
2026.06.02 20:41:00 INFO  no build target found for /home/casuario/Desktop/practica-creativa-global/practica_creativa/flight_prediction/build.sbt. Using presentation compiler with project's scala-library version: 3.3.7[0m
2026.06.02 20:41:00 INFO  no build target found for /home/casuario/Desktop/practica-creativa-global/practica_creativa/flight_prediction/build.sbt. Using presentation compiler with project's scala-library version: 3.3.7[0m
2026.06.02 20:41:01 INFO  no build target found for /home/casuario/Desktop/practica-creativa-global/practica_creativa/flight_prediction/build.sbt. Using presentation compiler with project's scala-library version: 3.3.7[0m
2026.06.02 20:41:00 INFO  no build target found for /home/casuario/Desktop/practica-creativa-global/practica_creativa/flight_prediction/build.sbt. Using presentation compiler with project's scala-library version: 3.3.7[0m
2026.06.02 20:41:00 INFO  no build target found for /home/casuario/Desktop/practica-creativa-global/practica_creativa/flight_prediction/build.sbt. Using presentation compiler with project's scala-library version: 3.3.7[0m
2026.06.02 20:41:01 INFO  no build target found for /home/casuario/Desktop/practica-creativa-global/practica_creativa/flight_prediction/build.sbt. Using presentation compiler with project's scala-library version: 3.3.7[0m
2026.06.02 20:41:01 INFO  no build target found for /home/casuario/Desktop/practica-creativa-global/practica_creativa/flight_prediction/build.sbt. Using presentation compiler with project's scala-library version: 3.3.7[0m
2026.06.02 20:41:01 WARN  no build target for: /home/casuario/Desktop/practica-creativa-global/practica_creativa/flight_prediction/build.sbt[0m
2026.06.02 20:41:02 INFO  no build target found for /home/casuario/Desktop/practica-creativa-global/practica_creativa/flight_prediction/build.sbt. Using presentation compiler with project's scala-library version: 3.3.7[0m
2026.06.02 20:41:09 INFO  no build target found for /home/casuario/Desktop/practica-creativa-global/practica_creativa/flight_prediction/build.sbt. Using presentation compiler with project's scala-library version: 3.3.7[0m
2026.06.02 20:42:21 INFO  no build target found for /home/casuario/Desktop/practica-creativa-global/practica_creativa/flight_prediction/build.sbt. Using presentation compiler with project's scala-library version: 3.3.7[0m
2026.06.02 20:42:21 INFO  no build target found for /home/casuario/Desktop/practica-creativa-global/practica_creativa/flight_prediction/build.sbt. Using presentation compiler with project's scala-library version: 3.3.7[0m
2026.06.02 20:42:23 INFO  no build target found for /home/casuario/Desktop/practica-creativa-global/practica_creativa/flight_prediction/build.sbt. Using presentation compiler with project's scala-library version: 3.3.7[0m
2026.06.02 20:42:23 INFO  no build target found for /home/casuario/Desktop/practica-creativa-global/practica_creativa/flight_prediction/build.sbt. Using presentation compiler with project's scala-library version: 3.3.7[0m
2026.06.02 20:42:24 INFO  no build target found for /home/casuario/Desktop/practica-creativa-global/practica_creativa/flight_prediction/build.sbt. Using presentation compiler with project's scala-library version: 3.3.7[0m
2026.06.02 20:42:24 INFO  no build target found for /home/casuario/Desktop/practica-creativa-global/practica_creativa/flight_prediction/build.sbt. Using presentation compiler with project's scala-library version: 3.3.7[0m
2026.06.02 20:42:25 INFO  no build target found for /home/casuario/Desktop/practica-creativa-global/practica_creativa/flight_prediction/build.sbt. Using presentation compiler with project's scala-library version: 3.3.7[0m
2026.06.02 20:42:26 INFO  no build target found for /home/casuario/Desktop/practica-creativa-global/practica_creativa/flight_prediction/build.sbt. Using presentation compiler with project's scala-library version: 3.3.7[0m
2026.06.02 20:42:26 INFO  no build target found for /home/casuario/Desktop/practica-creativa-global/practica_creativa/flight_prediction/build.sbt. Using presentation compiler with project's scala-library version: 3.3.7[0m
2026.06.02 20:42:34 INFO  no build target found for /home/casuario/Desktop/practica-creativa-global/practica_creativa/flight_prediction/build.sbt. Using presentation compiler with project's scala-library version: 3.3.7[0m
2026.06.02 20:42:39 INFO  no build target found for /home/casuario/Desktop/practica-creativa-global/practica_creativa/flight_prediction/build.sbt. Using presentation compiler with project's scala-library version: 3.3.7[0m
2026.06.02 20:42:40 INFO  no build target found for /home/casuario/Desktop/practica-creativa-global/practica_creativa/flight_prediction/build.sbt. Using presentation compiler with project's scala-library version: 3.3.7[0m
2026.06.02 20:42:41 INFO  no build target found for /home/casuario/Desktop/practica-creativa-global/practica_creativa/flight_prediction/build.sbt. Using presentation compiler with project's scala-library version: 3.3.7[0m
2026.06.02 20:42:41 INFO  Created report: Optional[file:///home/casuario/Desktop/practica-creativa-global/practica_creativa/flight_prediction/build.sbt][0m
2026.06.02 20:42:41 INFO  empty definition using pc, found symbol in pc:  (full report at: "/home/casuario/Desktop/practica-creativa-global/practica_creativa/.metals/.reports/metals-full/2026-06-02/r_empty-definition_20-42-41-286.md")[0m
2026.06.02 20:42:40 INFO  no build target found for /home/casuario/Desktop/practica-creativa-global/practica_creativa/flight_prediction/build.sbt. Using presentation compiler with project's scala-library version: 3.3.7[0m
2026.06.02 20:42:40 INFO  no build target found for /home/casuario/Desktop/practica-creativa-global/practica_creativa/flight_prediction/build.sbt. Using presentation compiler with project's scala-library version: 3.3.7[0m
2026.06.02 20:42:41 INFO  no build target found for /home/casuario/Desktop/practica-creativa-global/practica_creativa/flight_prediction/build.sbt. Using presentation compiler with project's scala-library version: 3.3.7[0m
2026.06.02 20:42:40 INFO  no build target found for /home/casuario/Desktop/practica-creativa-global/practica_creativa/flight_prediction/build.sbt. Using presentation compiler with project's scala-library version: 3.3.7[0m
2026.06.02 20:42:41 INFO  empty definition using pc, found symbol in pc:  (full report at: "/home/casuario/Desktop/practica-creativa-global/practica_creativa/.metals/.reports/metals-full/2026-06-02/r_empty-definition_20-42-41-286.md")[0m
2026.06.02 20:42:40 INFO  no build target found for /home/casuario/Desktop/practica-creativa-global/practica_creativa/flight_prediction/build.sbt. Using presentation compiler with project's scala-library version: 3.3.7[0m
2026.06.02 20:42:40 INFO  no build target found for /home/casuario/Desktop/practica-creativa-global/practica_creativa/flight_prediction/build.sbt. Using presentation compiler with project's scala-library version: 3.3.7[0m
2026.06.02 20:42:41 INFO  no build target found for /home/casuario/Desktop/practica-creativa-global/practica_creativa/flight_prediction/build.sbt. Using presentation compiler with project's scala-library version: 3.3.7[0m
2026.06.02 20:42:42 INFO  no build target found for /home/casuario/Desktop/practica-creativa-global/practica_creativa/flight_prediction/build.sbt. Using presentation compiler with project's scala-library version: 3.3.7[0m
2026.06.02 20:42:42 INFO  no build target found for /home/casuario/Desktop/practica-creativa-global/practica_creativa/flight_prediction/build.sbt. Using presentation compiler with project's scala-library version: 3.3.7[0m
2026.06.02 20:42:41 WARN  no build target for: /home/casuario/Desktop/practica-creativa-global/practica_creativa/flight_prediction/build.sbt[0m
2026.06.02 20:42:42 INFO  no build target found for /home/casuario/Desktop/practica-creativa-global/practica_creativa/flight_prediction/build.sbt. Using presentation compiler with project's scala-library version: 3.3.7[0m
2026.06.02 20:42:42 INFO  skipping build import with status 'Dismissed'[0m
2026.06.02 20:42:42 INFO  empty definition using pc, found symbol in pc:  (full report at: "/home/casuario/Desktop/practica-creativa-global/practica_creativa/.metals/.reports/metals-full/2026-06-02/r_empty-definition_20-42-41-286.md")[0m
2026.06.02 20:42:42 INFO  no build target found for /home/casuario/Desktop/practica-creativa-global/practica_creativa/flight_prediction/build.sbt. Using presentation compiler with project's scala-library version: 3.3.7[0m
2026.06.02 20:42:42 INFO  no build target found for /home/casuario/Desktop/practica-creativa-global/practica_creativa/flight_prediction/build.sbt. Using presentation compiler with project's scala-library version: 3.3.7[0m
2026.06.02 20:42:42 INFO  no build target found for /home/casuario/Desktop/practica-creativa-global/practica_creativa/flight_prediction/build.sbt. Using presentation compiler with project's scala-library version: 3.3.7[0m
2026.06.02 20:42:42 INFO  no build target found for /home/casuario/Desktop/practica-creativa-global/practica_creativa/flight_prediction/build.sbt. Using presentation compiler with project's scala-library version: 3.3.7[0m
2026.06.02 20:42:42 INFO  no build target found for /home/casuario/Desktop/practica-creativa-global/practica_creativa/flight_prediction/build.sbt. Using presentation compiler with project's scala-library version: 3.3.7[0m
2026.06.02 20:42:42 INFO  no build target found for /home/casuario/Desktop/practica-creativa-global/practica_creativa/flight_prediction/build.sbt. Using presentation compiler with project's scala-library version: 3.3.7[0m
2026.06.02 20:42:42 INFO  no build target found for /home/casuario/Desktop/practica-creativa-global/practica_creativa/flight_prediction/build.sbt. Using presentation compiler with project's scala-library version: 3.3.7[0m
2026.06.02 20:42:42 INFO  no build target found for /home/casuario/Desktop/practica-creativa-global/practica_creativa/flight_prediction/build.sbt. Using presentation compiler with project's scala-library version: 3.3.7[0m
2026.06.02 20:42:42 INFO  no build target found for /home/casuario/Desktop/practica-creativa-global/practica_creativa/flight_prediction/build.sbt. Using presentation compiler with project's scala-library version: 3.3.7[0m
2026.06.02 20:42:43 INFO  no build target found for /home/casuario/Desktop/practica-creativa-global/practica_creativa/flight_prediction/build.sbt. Using presentation compiler with project's scala-library version: 3.3.7[0m
2026.06.02 20:42:43 INFO  no build target found for /home/casuario/Desktop/practica-creativa-global/practica_creativa/flight_prediction/build.sbt. Using presentation compiler with project's scala-library version: 3.3.7[0m
2026.06.02 20:42:43 INFO  no build target found for /home/casuario/Desktop/practica-creativa-global/practica_creativa/flight_prediction/build.sbt. Using presentation compiler with project's scala-library version: 3.3.7[0m
2026.06.02 20:42:43 INFO  no build target found for /home/casuario/Desktop/practica-creativa-global/practica_creativa/flight_prediction/build.sbt. Using presentation compiler with project's scala-library version: 3.3.7[0m
2026.06.02 20:42:43 INFO  no build target found for /home/casuario/Desktop/practica-creativa-global/practica_creativa/flight_prediction/build.sbt. Using presentation compiler with project's scala-library version: 3.3.7[0m
2026.06.02 20:42:44 INFO  no build target found for /home/casuario/Desktop/practica-creativa-global/practica_creativa/flight_prediction/build.sbt. Using presentation compiler with project's scala-library version: 3.3.7[0m
2026.06.02 20:42:44 INFO  no build target found for /home/casuario/Desktop/practica-creativa-global/practica_creativa/flight_prediction/build.sbt. Using presentation compiler with project's scala-library version: 3.3.7[0m
2026.06.02 20:42:44 INFO  no build target found for /home/casuario/Desktop/practica-creativa-global/practica_creativa/flight_prediction/build.sbt. Using presentation compiler with project's scala-library version: 3.3.7[0m
2026.06.02 20:42:44 INFO  no build target found for /home/casuario/Desktop/practica-creativa-global/practica_creativa/flight_prediction/build.sbt. Using presentation compiler with project's scala-library version: 3.3.7[0m
2026.06.02 20:42:44 INFO  no build target found for /home/casuario/Desktop/practica-creativa-global/practica_creativa/flight_prediction/build.sbt. Using presentation compiler with project's scala-library version: 3.3.7[0m
2026.06.02 20:42:45 INFO  no build target found for /home/casuario/Desktop/practica-creativa-global/practica_creativa/flight_prediction/build.sbt. Using presentation compiler with project's scala-library version: 3.3.7[0m
2026.06.02 20:42:45 INFO  no build target found for /home/casuario/Desktop/practica-creativa-global/practica_creativa/flight_prediction/build.sbt. Using presentation compiler with project's scala-library version: 3.3.7[0m
2026.06.02 20:42:44 INFO  no build target found for /home/casuario/Desktop/practica-creativa-global/practica_creativa/flight_prediction/build.sbt. Using presentation compiler with project's scala-library version: 3.3.7[0m
2026.06.02 20:42:44 INFO  no build target found for /home/casuario/Desktop/practica-creativa-global/practica_creativa/flight_prediction/build.sbt. Using presentation compiler with project's scala-library version: 3.3.7[0m
2026.06.02 20:42:44 INFO  no build target found for /home/casuario/Desktop/practica-creativa-global/practica_creativa/flight_prediction/build.sbt. Using presentation compiler with project's scala-library version: 3.3.7[0m
2026.06.02 20:42:45 INFO  no build target found for /home/casuario/Desktop/practica-creativa-global/practica_creativa/flight_prediction/build.sbt. Using presentation compiler with project's scala-library version: 3.3.7[0m
2026.06.02 20:42:44 INFO  no build target found for /home/casuario/Desktop/practica-creativa-global/practica_creativa/flight_prediction/build.sbt. Using presentation compiler with project's scala-library version: 3.3.7[0m
2026.06.02 20:42:45 INFO  empty definition using pc, found symbol in pc:  (full report at: "/home/casuario/Desktop/practica-creativa-global/practica_creativa/.metals/.reports/metals-full/2026-06-02/r_empty-definition_20-42-41-286.md")[0m
2026.06.02 20:42:45 INFO  no build target found for /home/casuario/Desktop/practica-creativa-global/practica_creativa/flight_prediction/build.sbt. Using presentation compiler with project's scala-library version: 3.3.7[0m
2026.06.02 20:42:45 WARN  no build target for: /home/casuario/Desktop/practica-creativa-global/practica_creativa/flight_prediction/build.sbt[0m
2026.06.02 20:42:46 INFO  no build target found for /home/casuario/Desktop/practica-creativa-global/practica_creativa/flight_prediction/build.sbt. Using presentation compiler with project's scala-library version: 3.3.7[0m
2026.06.02 20:42:46 INFO  skipping build import with status 'Dismissed'[0m
2026.06.02 20:42:46 INFO  no build target found for /home/casuario/Desktop/practica-creativa-global/practica_creativa/flight_prediction/build.sbt. Using presentation compiler with project's scala-library version: 3.3.7[0m
2026.06.02 20:42:46 INFO  no build target found for /home/casuario/Desktop/practica-creativa-global/practica_creativa/flight_prediction/build.sbt. Using presentation compiler with project's scala-library version: 3.3.7[0m
2026.06.02 20:42:48 INFO  no build target found for /home/casuario/Desktop/practica-creativa-global/practica_creativa/flight_prediction/build.sbt. Using presentation compiler with project's scala-library version: 3.3.7[0m
2026.06.02 20:42:48 INFO  no build target found for /home/casuario/Desktop/practica-creativa-global/practica_creativa/flight_prediction/build.sbt. Using presentation compiler with project's scala-library version: 3.3.7[0m
2026.06.02 20:42:48 INFO  no build target found for /home/casuario/Desktop/practica-creativa-global/practica_creativa/flight_prediction/build.sbt. Using presentation compiler with project's scala-library version: 3.3.7[0m
2026.06.02 20:42:48 INFO  no build target found for /home/casuario/Desktop/practica-creativa-global/practica_creativa/flight_prediction/build.sbt. Using presentation compiler with project's scala-library version: 3.3.7[0m
2026.06.02 20:42:49 INFO  no build target found for /home/casuario/Desktop/practica-creativa-global/practica_creativa/flight_prediction/build.sbt. Using presentation compiler with project's scala-library version: 3.3.7[0m
2026.06.02 20:42:49 INFO  no build target found for /home/casuario/Desktop/practica-creativa-global/practica_creativa/flight_prediction/build.sbt. Using presentation compiler with project's scala-library version: 3.3.7[0m
2026.06.02 20:42:49 INFO  no build target found for /home/casuario/Desktop/practica-creativa-global/practica_creativa/flight_prediction/build.sbt. Using presentation compiler with project's scala-library version: 3.3.7[0m
2026.06.02 20:42:49 WARN  no build target for: /home/casuario/Desktop/practica-creativa-global/practica_creativa/flight_prediction/build.sbt[0m
2026.06.02 20:42:50 INFO  no build target found for /home/casuario/Desktop/practica-creativa-global/practica_creativa/flight_prediction/build.sbt. Using presentation compiler with project's scala-library version: 3.3.7[0m
2026.06.02 20:42:49 INFO  skipping build import with status 'Dismissed'[0m
2026.06.02 20:42:49 INFO  no build target found for /home/casuario/Desktop/practica-creativa-global/practica_creativa/flight_prediction/build.sbt. Using presentation compiler with project's scala-library version: 3.3.7[0m
2026.06.02 20:42:50 INFO  no build target found for /home/casuario/Desktop/practica-creativa-global/practica_creativa/flight_prediction/build.sbt. Using presentation compiler with project's scala-library version: 3.3.7[0m
2026.06.02 20:42:51 INFO  no build target found for /home/casuario/Desktop/practica-creativa-global/practica_creativa/flight_prediction/build.sbt. Using presentation compiler with project's scala-library version: 3.3.7[0m
2026.06.02 20:42:51 INFO  no build target found for /home/casuario/Desktop/practica-creativa-global/practica_creativa/flight_prediction/build.sbt. Using presentation compiler with project's scala-library version: 3.3.7[0m
2026.06.02 20:42:51 INFO  no build target found for /home/casuario/Desktop/practica-creativa-global/practica_creativa/flight_prediction/build.sbt. Using presentation compiler with project's scala-library version: 3.3.7[0m
2026.06.02 20:42:51 INFO  no build target found for /home/casuario/Desktop/practica-creativa-global/practica_creativa/flight_prediction/build.sbt. Using presentation compiler with project's scala-library version: 3.3.7[0m
2026.06.02 20:42:51 INFO  no build target found for /home/casuario/Desktop/practica-creativa-global/practica_creativa/flight_prediction/build.sbt. Using presentation compiler with project's scala-library version: 3.3.7[0m
2026.06.02 20:42:51 INFO  no build target found for /home/casuario/Desktop/practica-creativa-global/practica_creativa/flight_prediction/build.sbt. Using presentation compiler with project's scala-library version: 3.3.7[0m
2026.06.02 20:42:51 INFO  no build target found for /home/casuario/Desktop/practica-creativa-global/practica_creativa/flight_prediction/build.sbt. Using presentation compiler with project's scala-library version: 3.3.7[0m
2026.06.02 20:42:52 INFO  no build target found for /home/casuario/Desktop/practica-creativa-global/practica_creativa/flight_prediction/build.sbt. Using presentation compiler with project's scala-library version: 3.3.7[0m
2026.06.02 20:42:52 WARN  no build target for: /home/casuario/Desktop/practica-creativa-global/practica_creativa/flight_prediction/build.sbt[0m
2026.06.02 20:42:52 INFO  no build target found for /home/casuario/Desktop/practica-creativa-global/practica_creativa/flight_prediction/build.sbt. Using presentation compiler with project's scala-library version: 3.3.7[0m
2026.06.02 20:42:52 INFO  skipping build import with status 'Dismissed'[0m
2026.06.02 20:42:52 INFO  no build target found for /home/casuario/Desktop/practica-creativa-global/practica_creativa/flight_prediction/build.sbt. Using presentation compiler with project's scala-library version: 3.3.7[0m
2026.06.02 20:42:52 INFO  no build target found for /home/casuario/Desktop/practica-creativa-global/practica_creativa/flight_prediction/build.sbt. Using presentation compiler with project's scala-library version: 3.3.7[0m
2026.06.02 20:42:52 INFO  no build target found for /home/casuario/Desktop/practica-creativa-global/practica_creativa/flight_prediction/build.sbt. Using presentation compiler with project's scala-library version: 3.3.7[0m
2026.06.02 20:42:52 INFO  no build target found for /home/casuario/Desktop/practica-creativa-global/practica_creativa/flight_prediction/build.sbt. Using presentation compiler with project's scala-library version: 3.3.7[0m
2026.06.02 20:42:52 INFO  no build target found for /home/casuario/Desktop/practica-creativa-global/practica_creativa/flight_prediction/build.sbt. Using presentation compiler with project's scala-library version: 3.3.7[0m
2026.06.02 20:42:52 INFO  no build target found for /home/casuario/Desktop/practica-creativa-global/practica_creativa/flight_prediction/build.sbt. Using presentation compiler with project's scala-library version: 3.3.7[0m
2026.06.02 20:42:52 WARN  no build target for: /home/casuario/Desktop/practica-creativa-global/practica_creativa/flight_prediction/build.sbt[0m
2026.06.02 20:42:52 INFO  skipping build import with status 'Dismissed'[0m
2026.06.02 20:42:52 INFO  no build target found for /home/casuario/Desktop/practica-creativa-global/practica_creativa/flight_prediction/build.sbt. Using presentation compiler with project's scala-library version: 3.3.7[0m
2026.06.02 20:42:56 INFO  no build target found for /home/casuario/Desktop/practica-creativa-global/practica_creativa/flight_prediction/build.sbt. Using presentation compiler with project's scala-library version: 3.3.7[0m
2026.06.02 20:43:17 INFO  no build target found for /home/casuario/Desktop/practica-creativa-global/practica_creativa/flight_prediction/build.sbt. Using presentation compiler with project's scala-library version: 3.3.7[0m
2026.06.02 20:43:17 INFO  no build target found for /home/casuario/Desktop/practica-creativa-global/practica_creativa/flight_prediction/build.sbt. Using presentation compiler with project's scala-library version: 3.3.7[0m
2026.06.02 20:43:17 INFO  empty definition using pc, found symbol in pc:  (full report at: "/home/casuario/Desktop/practica-creativa-global/practica_creativa/.metals/.reports/metals-full/2026-06-02/r_empty-definition_20-42-41-286.md")[0m
2026.06.02 20:43:17 INFO  no build target found for /home/casuario/Desktop/practica-creativa-global/practica_creativa/flight_prediction/build.sbt. Using presentation compiler with project's scala-library version: 3.3.7[0m
2026.06.02 20:43:17 INFO  no build target found for /home/casuario/Desktop/practica-creativa-global/practica_creativa/flight_prediction/build.sbt. Using presentation compiler with project's scala-library version: 3.3.7[0m
2026.06.02 20:43:17 INFO  no build target found for /home/casuario/Desktop/practica-creativa-global/practica_creativa/flight_prediction/build.sbt. Using presentation compiler with project's scala-library version: 3.3.7[0m
2026.06.02 20:43:18 INFO  no build target found for /home/casuario/Desktop/practica-creativa-global/practica_creativa/flight_prediction/build.sbt. Using presentation compiler with project's scala-library version: 3.3.7[0m
Exception in thread "pool-121-thread-1" java.lang.InterruptedException
	at scala.meta.internal.metals.FutureCancelToken.checkCanceled(FutureCancelToken.scala:29)
	at scala.meta.internal.pc.CompilerAccess.onCompilerJobQueue$$anonfun$1(CompilerAccess.scala:208)
	at scala.meta.internal.pc.CompilerJobQueue$Job.run(CompilerJobQueue.scala:153)
	at java.base/java.util.concurrent.ThreadPoolExecutor.runWorker(ThreadPoolExecutor.java:1136)
	at java.base/java.util.concurrent.ThreadPoolExecutor$Worker.run(ThreadPoolExecutor.java:635)
	at java.base/java.lang.Thread.run(Thread.java:840)
2026.06.02 20:43:17 INFO  empty definition using pc, found symbol in pc:  (full report at: "/home/casuario/Desktop/practica-creativa-global/practica_creativa/.metals/.reports/metals-full/2026-06-02/r_empty-definition_20-42-41-286.md")[0m
2026.06.02 20:43:18 INFO  no build target found for /home/casuario/Desktop/practica-creativa-global/practica_creativa/flight_prediction/build.sbt. Using presentation compiler with project's scala-library version: 3.3.7[0m
2026.06.02 20:43:17 INFO  no build target found for /home/casuario/Desktop/practica-creativa-global/practica_creativa/flight_prediction/build.sbt. Using presentation compiler with project's scala-library version: 3.3.7[0m
2026.06.02 20:43:18 INFO  no build target found for /home/casuario/Desktop/practica-creativa-global/practica_creativa/flight_prediction/build.sbt. Using presentation compiler with project's scala-library version: 3.3.7[0m
2026.06.02 20:43:19 INFO  no build target found for /home/casuario/Desktop/practica-creativa-global/practica_creativa/flight_prediction/build.sbt. Using presentation compiler with project's scala-library version: 3.3.7[0m
2026.06.02 20:43:19 INFO  no build target found for /home/casuario/Desktop/practica-creativa-global/practica_creativa/flight_prediction/build.sbt. Using presentation compiler with project's scala-library version: 3.3.7[0m
2026.06.02 20:43:18 INFO  no build target found for /home/casuario/Desktop/practica-creativa-global/practica_creativa/flight_prediction/build.sbt. Using presentation compiler with project's scala-library version: 3.3.7[0m
2026.06.02 20:43:19 INFO  no build target found for /home/casuario/Desktop/practica-creativa-global/practica_creativa/flight_prediction/build.sbt. Using presentation compiler with project's scala-library version: 3.3.7[0m
2026.06.02 20:43:19 INFO  no build target found for /home/casuario/Desktop/practica-creativa-global/practica_creativa/flight_prediction/build.sbt. Using presentation compiler with project's scala-library version: 3.3.7[0m
2026.06.02 20:43:20 INFO  no build target found for /home/casuario/Desktop/practica-creativa-global/practica_creativa/flight_prediction/build.sbt. Using presentation compiler with project's scala-library version: 3.3.7[0m
2026.06.02 20:43:20 INFO  no build target found for /home/casuario/Desktop/practica-creativa-global/practica_creativa/flight_prediction/build.sbt. Using presentation compiler with project's scala-library version: 3.3.7[0m
2026.06.02 20:43:20 INFO  no build target found for /home/casuario/Desktop/practica-creativa-global/practica_creativa/flight_prediction/build.sbt. Using presentation compiler with project's scala-library version: 3.3.7[0m
2026.06.02 20:43:19 INFO  no build target found for /home/casuario/Desktop/practica-creativa-global/practica_creativa/flight_prediction/build.sbt. Using presentation compiler with project's scala-library version: 3.3.7[0m
2026.06.02 20:43:20 INFO  no build target found for /home/casuario/Desktop/practica-creativa-global/practica_creativa/flight_prediction/build.sbt. Using presentation compiler with project's scala-library version: 3.3.7[0m
2026.06.02 20:43:21 WARN  no build target for: /home/casuario/Desktop/practica-creativa-global/practica_creativa/flight_prediction/build.sbt[0m
2026.06.02 20:43:21 INFO  no build target found for /home/casuario/Desktop/practica-creativa-global/practica_creativa/flight_prediction/build.sbt. Using presentation compiler with project's scala-library version: 3.3.7[0m
2026.06.02 20:43:22 WARN  no build target for: /home/casuario/Desktop/practica-creativa-global/practica_creativa/flight_prediction/build.sbt[0m
2026.06.02 20:43:22 INFO  no build target found for /home/casuario/Desktop/practica-creativa-global/practica_creativa/flight_prediction/build.sbt. Using presentation compiler with project's scala-library version: 3.3.7[0m
2026.06.02 20:43:23 INFO  skipping build import with status 'Dismissed'[0m
2026.06.02 20:43:24 INFO  no build target found for /home/casuario/Desktop/practica-creativa-global/practica_creativa/flight_prediction/build.sbt. Using presentation compiler with project's scala-library version: 3.3.7[0m
2026.06.02 20:43:24 INFO  no build target found for /home/casuario/Desktop/practica-creativa-global/practica_creativa/flight_prediction/build.sbt. Using presentation compiler with project's scala-library version: 3.3.7[0m
2026.06.02 20:48:55 INFO  no build target found for /home/casuario/Desktop/practica-creativa-global/practica_creativa/flight_prediction/src/main/scala/es/upm/dit/ging/predictor/MakePrediction.scala. Using presentation compiler with project's scala-library version: 3.3.7[0m
2026.06.02 20:48:55 WARN  no build target for: /home/casuario/Desktop/practica-creativa-global/practica_creativa/flight_prediction/src/main/scala/es/upm/dit/ging/predictor/MakePrediction.scala[0m
2026.06.02 20:48:55 INFO  no build target found for /home/casuario/Desktop/practica-creativa-global/practica_creativa/flight_prediction/src/main/scala/es/upm/dit/ging/predictor/MakePrediction.scala. Using presentation compiler with project's scala-library version: 3.3.7[0m
2026.06.02 20:48:55 INFO  no build target found for /home/casuario/Desktop/practica-creativa-global/practica_creativa/flight_prediction/src/main/scala/es/upm/dit/ging/predictor/MakePrediction.scala. Using presentation compiler with project's scala-library version: 3.3.7[0m
2026.06.02 20:48:55 INFO  no build target found for /home/casuario/Desktop/practica-creativa-global/practica_creativa/flight_prediction/src/main/scala/es/upm/dit/ging/predictor/MakePrediction.scala. Using presentation compiler with project's scala-library version: 3.3.7[0m
2026.06.02 20:48:58 INFO  no build target found for /home/casuario/Desktop/practica-creativa-global/practica_creativa/flight_prediction/src/main/scala/es/upm/dit/ging/predictor/MakePrediction.scala. Using presentation compiler with project's scala-library version: 3.3.7[0m
2026.06.02 20:48:58 INFO  no build target found for /home/casuario/Desktop/practica-creativa-global/practica_creativa/flight_prediction/src/main/scala/es/upm/dit/ging/predictor/MakePrediction.scala. Using presentation compiler with project's scala-library version: 3.3.7[0m
2026.06.02 20:49:01 INFO  no build target found for /home/casuario/Desktop/practica-creativa-global/practica_creativa/flight_prediction/src/main/scala/es/upm/dit/ging/predictor/MakePrediction.scala. Using presentation compiler with project's scala-library version: 3.3.7[0m
2026.06.02 20:49:01 INFO  no build target found for /home/casuario/Desktop/practica-creativa-global/practica_creativa/flight_prediction/src/main/scala/es/upm/dit/ging/predictor/MakePrediction.scala. Using presentation compiler with project's scala-library version: 3.3.7[0m
2026.06.02 20:49:03 INFO  no build target found for /home/casuario/Desktop/practica-creativa-global/practica_creativa/flight_prediction/src/main/scala/es/upm/dit/ging/predictor/MakePrediction.scala. Using presentation compiler with project's scala-library version: 3.3.7[0m
2026.06.02 20:49:03 INFO  no build target found for /home/casuario/Desktop/practica-creativa-global/practica_creativa/flight_prediction/src/main/scala/es/upm/dit/ging/predictor/MakePrediction.scala. Using presentation compiler with project's scala-library version: 3.3.7[0m
2026.06.02 20:49:05 INFO  no build target found for /home/casuario/Desktop/practica-creativa-global/practica_creativa/flight_prediction/src/main/scala/es/upm/dit/ging/predictor/MakePrediction.scala. Using presentation compiler with project's scala-library version: 3.3.7[0m
2026.06.02 20:49:10 INFO  no build target found for /home/casuario/Desktop/practica-creativa-global/practica_creativa/flight_prediction/src/main/scala/es/upm/dit/ging/predictor/MakePrediction.scala. Using presentation compiler with project's scala-library version: 3.3.7[0m
2026.06.02 20:49:10 INFO  no build target found for /home/casuario/Desktop/practica-creativa-global/practica_creativa/flight_prediction/src/main/scala/es/upm/dit/ging/predictor/MakePrediction.scala. Using presentation compiler with project's scala-library version: 3.3.7[0m
2026.06.02 20:49:10 INFO  no build target found for /home/casuario/Desktop/practica-creativa-global/practica_creativa/flight_prediction/src/main/scala/es/upm/dit/ging/predictor/MakePrediction.scala. Using presentation compiler with project's scala-library version: 3.3.7[0m
2026.06.02 20:49:10 INFO  no build target found for /home/casuario/Desktop/practica-creativa-global/practica_creativa/flight_prediction/src/main/scala/es/upm/dit/ging/predictor/MakePrediction.scala. Using presentation compiler with project's scala-library version: 3.3.7[0m
2026.06.02 20:49:10 INFO  no build target found for /home/casuario/Desktop/practica-creativa-global/practica_creativa/flight_prediction/src/main/scala/es/upm/dit/ging/predictor/MakePrediction.scala. Using presentation compiler with project's scala-library version: 3.3.7[0m
2026.06.02 20:49:11 INFO  no build target found for /home/casuario/Desktop/practica-creativa-global/practica_creativa/flight_prediction/src/main/scala/es/upm/dit/ging/predictor/MakePrediction.scala. Using presentation compiler with project's scala-library version: 3.3.7[0m
2026.06.02 20:49:11 INFO  no build target found for /home/casuario/Desktop/practica-creativa-global/practica_creativa/flight_prediction/src/main/scala/es/upm/dit/ging/predictor/MakePrediction.scala. Using presentation compiler with project's scala-library version: 3.3.7[0m
2026.06.02 20:49:11 INFO  no build target found for /home/casuario/Desktop/practica-creativa-global/practica_creativa/flight_prediction/src/main/scala/es/upm/dit/ging/predictor/MakePrediction.scala. Using presentation compiler with project's scala-library version: 3.3.7[0m
2026.06.02 20:49:11 INFO  no build target found for /home/casuario/Desktop/practica-creativa-global/practica_creativa/flight_prediction/src/main/scala/es/upm/dit/ging/predictor/MakePrediction.scala. Using presentation compiler with project's scala-library version: 3.3.7[0m
2026.06.02 20:49:12 INFO  no build target found for /home/casuario/Desktop/practica-creativa-global/practica_creativa/flight_prediction/src/main/scala/es/upm/dit/ging/predictor/MakePrediction.scala. Using presentation compiler with project's scala-library version: 3.3.7[0m
2026.06.02 20:49:12 WARN  no build target for: /home/casuario/Desktop/practica-creativa-global/practica_creativa/flight_prediction/src/main/scala/es/upm/dit/ging/predictor/MakePrediction.scala[0m
2026.06.02 20:49:12 INFO  no build target found for /home/casuario/Desktop/practica-creativa-global/practica_creativa/flight_prediction/src/main/scala/es/upm/dit/ging/predictor/MakePrediction.scala. Using presentation compiler with project's scala-library version: 3.3.7[0m
2026.06.02 20:49:16 INFO  no build target found for /home/casuario/Desktop/practica-creativa-global/practica_creativa/flight_prediction/src/main/scala/es/upm/dit/ging/predictor/MakePrediction.scala. Using presentation compiler with project's scala-library version: 3.3.7[0m
2026.06.02 20:49:16 INFO  no build target found for /home/casuario/Desktop/practica-creativa-global/practica_creativa/flight_prediction/src/main/scala/es/upm/dit/ging/predictor/MakePrediction.scala. Using presentation compiler with project's scala-library version: 3.3.7[0m
2026.06.02 20:49:16 INFO  no build target found for /home/casuario/Desktop/practica-creativa-global/practica_creativa/flight_prediction/src/main/scala/es/upm/dit/ging/predictor/MakePrediction.scala. Using presentation compiler with project's scala-library version: 3.3.7[0m
2026.06.02 20:49:16 INFO  no build target found for /home/casuario/Desktop/practica-creativa-global/practica_creativa/flight_prediction/src/main/scala/es/upm/dit/ging/predictor/MakePrediction.scala. Using presentation compiler with project's scala-library version: 3.3.7[0m
2026.06.02 20:49:16 INFO  no build target found for /home/casuario/Desktop/practica-creativa-global/practica_creativa/flight_prediction/src/main/scala/es/upm/dit/ging/predictor/MakePrediction.scala. Using presentation compiler with project's scala-library version: 3.3.7[0m
2026.06.02 20:49:16 WARN  no build target for: /home/casuario/Desktop/practica-creativa-global/practica_creativa/flight_prediction/src/main/scala/es/upm/dit/ging/predictor/MakePrediction.scala[0m
2026.06.02 20:49:17 INFO  no build target found for /home/casuario/Desktop/practica-creativa-global/practica_creativa/flight_prediction/src/main/scala/es/upm/dit/ging/predictor/MakePrediction.scala. Using presentation compiler with project's scala-library version: 3.3.7[0m
2026.06.02 20:49:17 INFO  no build target found for /home/casuario/Desktop/practica-creativa-global/practica_creativa/flight_prediction/src/main/scala/es/upm/dit/ging/predictor/MakePrediction.scala. Using presentation compiler with project's scala-library version: 3.3.7[0m
2026.06.02 20:49:19 INFO  no build target found for /home/casuario/Desktop/practica-creativa-global/practica_creativa/flight_prediction/src/main/scala/es/upm/dit/ging/predictor/MakePrediction.scala. Using presentation compiler with project's scala-library version: 3.3.7[0m
2026.06.02 20:49:19 INFO  no build target found for /home/casuario/Desktop/practica-creativa-global/practica_creativa/flight_prediction/src/main/scala/es/upm/dit/ging/predictor/MakePrediction.scala. Using presentation compiler with project's scala-library version: 3.3.7[0m
2026.06.02 20:49:19 INFO  no build target found for /home/casuario/Desktop/practica-creativa-global/practica_creativa/flight_prediction/src/main/scala/es/upm/dit/ging/predictor/MakePrediction.scala. Using presentation compiler with project's scala-library version: 3.3.7[0m
2026.06.02 20:49:19 INFO  no build target found for /home/casuario/Desktop/practica-creativa-global/practica_creativa/flight_prediction/src/main/scala/es/upm/dit/ging/predictor/MakePrediction.scala. Using presentation compiler with project's scala-library version: 3.3.7[0m
2026.06.02 20:49:19 INFO  no build target found for /home/casuario/Desktop/practica-creativa-global/practica_creativa/flight_prediction/src/main/scala/es/upm/dit/ging/predictor/MakePrediction.scala. Using presentation compiler with project's scala-library version: 3.3.7[0m
2026.06.02 20:49:19 INFO  no build target found for /home/casuario/Desktop/practica-creativa-global/practica_creativa/flight_prediction/src/main/scala/es/upm/dit/ging/predictor/MakePrediction.scala. Using presentation compiler with project's scala-library version: 3.3.7[0m
2026.06.02 20:49:20 WARN  no build target for: /home/casuario/Desktop/practica-creativa-global/practica_creativa/flight_prediction/src/main/scala/es/upm/dit/ging/predictor/MakePrediction.scala[0m
2026.06.02 20:49:20 INFO  no build target found for /home/casuario/Desktop/practica-creativa-global/practica_creativa/flight_prediction/src/main/scala/es/upm/dit/ging/predictor/MakePrediction.scala. Using presentation compiler with project's scala-library version: 3.3.7[0m
2026.06.02 20:49:20 INFO  no build target found for /home/casuario/Desktop/practica-creativa-global/practica_creativa/flight_prediction/src/main/scala/es/upm/dit/ging/predictor/MakePrediction.scala. Using presentation compiler with project's scala-library version: 3.3.7[0m
2026.06.02 20:49:20 INFO  no build target found for /home/casuario/Desktop/practica-creativa-global/practica_creativa/flight_prediction/src/main/scala/es/upm/dit/ging/predictor/MakePrediction.scala. Using presentation compiler with project's scala-library version: 3.3.7[0m
2026.06.02 20:49:20 INFO  no build target found for /home/casuario/Desktop/practica-creativa-global/practica_creativa/flight_prediction/src/main/scala/es/upm/dit/ging/predictor/MakePrediction.scala. Using presentation compiler with project's scala-library version: 3.3.7[0m
2026.06.02 20:49:20 WARN  no build target for: /home/casuario/Desktop/practica-creativa-global/practica_creativa/flight_prediction/src/main/scala/es/upm/dit/ging/predictor/MakePrediction.scala[0m
2026.06.02 20:49:21 INFO  no build target found for /home/casuario/Desktop/practica-creativa-global/practica_creativa/flight_prediction/src/main/scala/es/upm/dit/ging/predictor/MakePrediction.scala. Using presentation compiler with project's scala-library version: 3.3.7[0m
2026.06.02 20:49:24 INFO  no build target found for /home/casuario/Desktop/practica-creativa-global/practica_creativa/flight_prediction/src/main/scala/es/upm/dit/ging/predictor/MakePrediction.scala. Using presentation compiler with project's scala-library version: 3.3.7[0m
2026.06.02 20:49:25 INFO  no build target found for /home/casuario/Desktop/practica-creativa-global/practica_creativa/flight_prediction/src/main/scala/es/upm/dit/ging/predictor/MakePrediction.scala. Using presentation compiler with project's scala-library version: 3.3.7[0m
2026.06.02 20:49:25 INFO  no build target found for /home/casuario/Desktop/practica-creativa-global/practica_creativa/flight_prediction/src/main/scala/es/upm/dit/ging/predictor/MakePrediction.scala. Using presentation compiler with project's scala-library version: 3.3.7[0m
2026.06.02 20:49:26 INFO  no build target found for /home/casuario/Desktop/practica-creativa-global/practica_creativa/flight_prediction/src/main/scala/es/upm/dit/ging/predictor/MakePrediction.scala. Using presentation compiler with project's scala-library version: 3.3.7[0m
2026.06.02 20:49:26 INFO  no build target found for /home/casuario/Desktop/practica-creativa-global/practica_creativa/flight_prediction/src/main/scala/es/upm/dit/ging/predictor/MakePrediction.scala. Using presentation compiler with project's scala-library version: 3.3.7[0m
2026.06.02 20:49:26 INFO  no build target found for /home/casuario/Desktop/practica-creativa-global/practica_creativa/flight_prediction/src/main/scala/es/upm/dit/ging/predictor/MakePrediction.scala. Using presentation compiler with project's scala-library version: 3.3.7[0m
2026.06.02 20:49:26 INFO  no build target found for /home/casuario/Desktop/practica-creativa-global/practica_creativa/flight_prediction/src/main/scala/es/upm/dit/ging/predictor/MakePrediction.scala. Using presentation compiler with project's scala-library version: 3.3.7[0m
2026.06.02 20:49:26 INFO  no build target found for /home/casuario/Desktop/practica-creativa-global/practica_creativa/flight_prediction/src/main/scala/es/upm/dit/ging/predictor/MakePrediction.scala. Using presentation compiler with project's scala-library version: 3.3.7[0m
2026.06.02 20:49:26 INFO  no build target found for /home/casuario/Desktop/practica-creativa-global/practica_creativa/flight_prediction/src/main/scala/es/upm/dit/ging/predictor/MakePrediction.scala. Using presentation compiler with project's scala-library version: 3.3.7[0m
2026.06.02 20:49:27 INFO  no build target found for /home/casuario/Desktop/practica-creativa-global/practica_creativa/flight_prediction/src/main/scala/es/upm/dit/ging/predictor/MakePrediction.scala. Using presentation compiler with project's scala-library version: 3.3.7[0m
2026.06.02 20:49:27 INFO  no build target found for /home/casuario/Desktop/practica-creativa-global/practica_creativa/flight_prediction/src/main/scala/es/upm/dit/ging/predictor/MakePrediction.scala. Using presentation compiler with project's scala-library version: 3.3.7[0m
2026.06.02 20:49:26 INFO  no build target found for /home/casuario/Desktop/practica-creativa-global/practica_creativa/flight_prediction/src/main/scala/es/upm/dit/ging/predictor/MakePrediction.scala. Using presentation compiler with project's scala-library version: 3.3.7[0m
2026.06.02 20:49:26 INFO  no build target found for /home/casuario/Desktop/practica-creativa-global/practica_creativa/flight_prediction/src/main/scala/es/upm/dit/ging/predictor/MakePrediction.scala. Using presentation compiler with project's scala-library version: 3.3.7[0m
2026.06.02 20:49:27 INFO  no build target found for /home/casuario/Desktop/practica-creativa-global/practica_creativa/flight_prediction/src/main/scala/es/upm/dit/ging/predictor/MakePrediction.scala. Using presentation compiler with project's scala-library version: 3.3.7[0m
2026.06.02 20:49:27 INFO  no build target found for /home/casuario/Desktop/practica-creativa-global/practica_creativa/flight_prediction/src/main/scala/es/upm/dit/ging/predictor/MakePrediction.scala. Using presentation compiler with project's scala-library version: 3.3.7[0m
2026.06.02 20:49:27 WARN  no build target for: /home/casuario/Desktop/practica-creativa-global/practica_creativa/flight_prediction/src/main/scala/es/upm/dit/ging/predictor/MakePrediction.scala[0m
2026.06.02 20:49:28 INFO  no build target found for /home/casuario/Desktop/practica-creativa-global/practica_creativa/flight_prediction/src/main/scala/es/upm/dit/ging/predictor/MakePrediction.scala. Using presentation compiler with project's scala-library version: 3.3.7[0m
2026.06.02 20:51:18 INFO  no build target found for /home/casuario/Desktop/practica-creativa-global/practica_creativa/flight_prediction/src/main/scala/es/upm/dit/ging/predictor/MakePrediction.scala. Using presentation compiler with project's scala-library version: 3.3.7[0m
2026.06.02 20:51:21 INFO  no build target found for /home/casuario/Desktop/practica-creativa-global/practica_creativa/flight_prediction/src/main/scala/es/upm/dit/ging/predictor/MakePrediction.scala. Using presentation compiler with project's scala-library version: 3.3.7[0m
2026.06.02 20:51:21 INFO  no build target found for /home/casuario/Desktop/practica-creativa-global/practica_creativa/flight_prediction/src/main/scala/es/upm/dit/ging/predictor/MakePrediction.scala. Using presentation compiler with project's scala-library version: 3.3.7[0m
2026.06.02 20:51:23 INFO  no build target found for /home/casuario/Desktop/practica-creativa-global/practica_creativa/flight_prediction/src/main/scala/es/upm/dit/ging/predictor/MakePrediction.scala. Using presentation compiler with project's scala-library version: 3.3.7[0m
2026.06.02 20:51:23 INFO  no build target found for /home/casuario/Desktop/practica-creativa-global/practica_creativa/flight_prediction/src/main/scala/es/upm/dit/ging/predictor/MakePrediction.scala. Using presentation compiler with project's scala-library version: 3.3.7[0m
2026.06.02 20:51:25 WARN  no build target for: /home/casuario/Desktop/practica-creativa-global/practica_creativa/flight_prediction/src/main/scala/es/upm/dit/ging/predictor/MakePrediction.scala[0m
2026.06.02 20:51:25 INFO  no build target found for /home/casuario/Desktop/practica-creativa-global/practica_creativa/flight_prediction/src/main/scala/es/upm/dit/ging/predictor/MakePrediction.scala. Using presentation compiler with project's scala-library version: 3.3.7[0m
2026.06.02 20:51:30 INFO  no build target found for /home/casuario/Desktop/practica-creativa-global/practica_creativa/flight_prediction/src/main/scala/es/upm/dit/ging/predictor/MakePrediction.scala. Using presentation compiler with project's scala-library version: 3.3.7[0m
2026.06.02 20:51:30 INFO  no build target found for /home/casuario/Desktop/practica-creativa-global/practica_creativa/flight_prediction/src/main/scala/es/upm/dit/ging/predictor/MakePrediction.scala. Using presentation compiler with project's scala-library version: 3.3.7[0m
2026.06.02 20:51:32 INFO  no build target found for /home/casuario/Desktop/practica-creativa-global/practica_creativa/flight_prediction/src/main/scala/es/upm/dit/ging/predictor/MakePrediction.scala. Using presentation compiler with project's scala-library version: 3.3.7[0m
2026.06.02 21:05:37 INFO  no build target found for /home/casuario/Desktop/practica-creativa-global/practica_creativa/flight_prediction/src/main/scala/es/upm/dit/ging/predictor/MakePrediction.scala. Using presentation compiler with project's scala-library version: 3.3.7[0m
2026.06.02 21:05:37 WARN  no build target for: /home/casuario/Desktop/practica-creativa-global/practica_creativa/flight_prediction/src/main/scala/es/upm/dit/ging/predictor/MakePrediction.scala[0m
2026.06.02 21:05:37 INFO  no build target found for /home/casuario/Desktop/practica-creativa-global/practica_creativa/flight_prediction/src/main/scala/es/upm/dit/ging/predictor/MakePrediction.scala. Using presentation compiler with project's scala-library version: 3.3.7[0m
2026.06.02 21:05:37 INFO  no build target found for /home/casuario/Desktop/practica-creativa-global/practica_creativa/flight_prediction/src/main/scala/es/upm/dit/ging/predictor/MakePrediction.scala. Using presentation compiler with project's scala-library version: 3.3.7[0m
2026.06.02 21:05:37 INFO  no build target found for /home/casuario/Desktop/practica-creativa-global/practica_creativa/flight_prediction/src/main/scala/es/upm/dit/ging/predictor/MakePrediction.scala. Using presentation compiler with project's scala-library version: 3.3.7[0m
2026.06.02 21:05:37 INFO  no build target found for /home/casuario/Desktop/practica-creativa-global/practica_creativa/flight_prediction/src/main/scala/es/upm/dit/ging/predictor/MakePrediction.scala. Using presentation compiler with project's scala-library version: 3.3.7[0m
2026.06.02 21:05:41 INFO  no build target found for /home/casuario/Desktop/practica-creativa-global/practica_creativa/flight_prediction/src/main/scala/es/upm/dit/ging/predictor/MakePrediction.scala. Using presentation compiler with project's scala-library version: 3.3.7[0m
2026.06.02 21:05:41 INFO  no build target found for /home/casuario/Desktop/practica-creativa-global/practica_creativa/flight_prediction/src/main/scala/es/upm/dit/ging/predictor/MakePrediction.scala. Using presentation compiler with project's scala-library version: 3.3.7[0m
2026.06.02 21:05:41 INFO  no build target found for /home/casuario/Desktop/practica-creativa-global/practica_creativa/flight_prediction/src/main/scala/es/upm/dit/ging/predictor/MakePrediction.scala. Using presentation compiler with project's scala-library version: 3.3.7[0m
2026.06.02 21:05:41 INFO  no build target found for /home/casuario/Desktop/practica-creativa-global/practica_creativa/flight_prediction/src/main/scala/es/upm/dit/ging/predictor/MakePrediction.scala. Using presentation compiler with project's scala-library version: 3.3.7[0m
Jun 02, 2026 9:05:41 PM org.eclipse.lsp4j.jsonrpc.RemoteEndpoint handleCancellation
WARNING: Unmatched cancel notification for request id 580
2026.06.02 21:05:41 INFO  no build target found for /home/casuario/Desktop/practica-creativa-global/practica_creativa/flight_prediction/src/main/scala/es/upm/dit/ging/predictor/MakePrediction.scala. Using presentation compiler with project's scala-library version: 3.3.7[0m
2026.06.02 21:05:41 INFO  no build target found for /home/casuario/Desktop/practica-creativa-global/practica_creativa/flight_prediction/src/main/scala/es/upm/dit/ging/predictor/MakePrediction.scala. Using presentation compiler with project's scala-library version: 3.3.7[0m
2026.06.02 21:05:41 INFO  no build target found for /home/casuario/Desktop/practica-creativa-global/practica_creativa/flight_prediction/src/main/scala/es/upm/dit/ging/predictor/MakePrediction.scala. Using presentation compiler with project's scala-library version: 3.3.7[0m
2026.06.02 21:05:41 INFO  no build target found for /home/casuario/Desktop/practica-creativa-global/practica_creativa/flight_prediction/src/main/scala/es/upm/dit/ging/predictor/MakePrediction.scala. Using presentation compiler with project's scala-library version: 3.3.7[0m
2026.06.02 21:05:42 INFO  no build target found for /home/casuario/Desktop/practica-creativa-global/practica_creativa/flight_prediction/src/main/scala/es/upm/dit/ging/predictor/MakePrediction.scala. Using presentation compiler with project's scala-library version: 3.3.7[0m
2026.06.02 21:05:42 INFO  no build target found for /home/casuario/Desktop/practica-creativa-global/practica_creativa/flight_prediction/src/main/scala/es/upm/dit/ging/predictor/MakePrediction.scala. Using presentation compiler with project's scala-library version: 3.3.7[0m
2026.06.02 21:05:42 INFO  no build target found for /home/casuario/Desktop/practica-creativa-global/practica_creativa/flight_prediction/src/main/scala/es/upm/dit/ging/predictor/MakePrediction.scala. Using presentation compiler with project's scala-library version: 3.3.7[0m
2026.06.02 21:05:42 INFO  no build target found for /home/casuario/Desktop/practica-creativa-global/practica_creativa/flight_prediction/src/main/scala/es/upm/dit/ging/predictor/MakePrediction.scala. Using presentation compiler with project's scala-library version: 3.3.7[0m
2026.06.02 21:05:42 INFO  no build target found for /home/casuario/Desktop/practica-creativa-global/practica_creativa/flight_prediction/src/main/scala/es/upm/dit/ging/predictor/MakePrediction.scala. Using presentation compiler with project's scala-library version: 3.3.7[0m
2026.06.02 21:05:42 INFO  no build target found for /home/casuario/Desktop/practica-creativa-global/practica_creativa/flight_prediction/src/main/scala/es/upm/dit/ging/predictor/MakePrediction.scala. Using presentation compiler with project's scala-library version: 3.3.7[0m
2026.06.02 21:05:42 INFO  no build target found for /home/casuario/Desktop/practica-creativa-global/practica_creativa/flight_prediction/src/main/scala/es/upm/dit/ging/predictor/MakePrediction.scala. Using presentation compiler with project's scala-library version: 3.3.7[0m
2026.06.02 21:05:43 INFO  no build target found for /home/casuario/Desktop/practica-creativa-global/practica_creativa/flight_prediction/src/main/scala/es/upm/dit/ging/predictor/MakePrediction.scala. Using presentation compiler with project's scala-library version: 3.3.7[0m
2026.06.02 21:05:43 INFO  no build target found for /home/casuario/Desktop/practica-creativa-global/practica_creativa/flight_prediction/src/main/scala/es/upm/dit/ging/predictor/MakePrediction.scala. Using presentation compiler with project's scala-library version: 3.3.7[0m
2026.06.02 21:05:43 INFO  no build target found for /home/casuario/Desktop/practica-creativa-global/practica_creativa/flight_prediction/src/main/scala/es/upm/dit/ging/predictor/MakePrediction.scala. Using presentation compiler with project's scala-library version: 3.3.7[0m
2026.06.02 21:05:45 INFO  no build target found for /home/casuario/Desktop/practica-creativa-global/practica_creativa/flight_prediction/src/main/scala/es/upm/dit/ging/predictor/MakePrediction.scala. Using presentation compiler with project's scala-library version: 3.3.7[0m
2026.06.02 21:05:45 INFO  no build target found for /home/casuario/Desktop/practica-creativa-global/practica_creativa/flight_prediction/src/main/scala/es/upm/dit/ging/predictor/MakePrediction.scala. Using presentation compiler with project's scala-library version: 3.3.7[0m
2026.06.02 21:05:45 INFO  no build target found for /home/casuario/Desktop/practica-creativa-global/practica_creativa/flight_prediction/src/main/scala/es/upm/dit/ging/predictor/MakePrediction.scala. Using presentation compiler with project's scala-library version: 3.3.7[0m
2026.06.02 21:05:45 INFO  no build target found for /home/casuario/Desktop/practica-creativa-global/practica_creativa/flight_prediction/src/main/scala/es/upm/dit/ging/predictor/MakePrediction.scala. Using presentation compiler with project's scala-library version: 3.3.7[0m
2026.06.02 21:05:45 INFO  no build target found for /home/casuario/Desktop/practica-creativa-global/practica_creativa/flight_prediction/src/main/scala/es/upm/dit/ging/predictor/MakePrediction.scala. Using presentation compiler with project's scala-library version: 3.3.7[0m
2026.06.02 21:05:46 INFO  no build target found for /home/casuario/Desktop/practica-creativa-global/practica_creativa/flight_prediction/src/main/scala/es/upm/dit/ging/predictor/MakePrediction.scala. Using presentation compiler with project's scala-library version: 3.3.7[0m
2026.06.02 21:05:46 INFO  no build target found for /home/casuario/Desktop/practica-creativa-global/practica_creativa/flight_prediction/src/main/scala/es/upm/dit/ging/predictor/MakePrediction.scala. Using presentation compiler with project's scala-library version: 3.3.7[0m
2026.06.02 21:05:46 INFO  no build target found for /home/casuario/Desktop/practica-creativa-global/practica_creativa/flight_prediction/src/main/scala/es/upm/dit/ging/predictor/MakePrediction.scala. Using presentation compiler with project's scala-library version: 3.3.7[0m
2026.06.02 21:05:46 INFO  no build target found for /home/casuario/Desktop/practica-creativa-global/practica_creativa/flight_prediction/src/main/scala/es/upm/dit/ging/predictor/MakePrediction.scala. Using presentation compiler with project's scala-library version: 3.3.7[0m
2026.06.02 21:05:47 WARN  no build target for: /home/casuario/Desktop/practica-creativa-global/practica_creativa/flight_prediction/src/main/scala/es/upm/dit/ging/predictor/MakePrediction.scala[0m
2026.06.02 21:05:46 INFO  no build target found for /home/casuario/Desktop/practica-creativa-global/practica_creativa/flight_prediction/src/main/scala/es/upm/dit/ging/predictor/MakePrediction.scala. Using presentation compiler with project's scala-library version: 3.3.7[0m
2026.06.02 21:05:47 WARN  no build target for: /home/casuario/Desktop/practica-creativa-global/practica_creativa/flight_prediction/src/main/scala/es/upm/dit/ging/predictor/MakePrediction.scala[0m
2026.06.02 21:05:47 INFO  no build target found for /home/casuario/Desktop/practica-creativa-global/practica_creativa/flight_prediction/src/main/scala/es/upm/dit/ging/predictor/MakePrediction.scala. Using presentation compiler with project's scala-library version: 3.3.7[0m
2026.06.02 21:22:12 INFO  no build target found for /home/casuario/Desktop/practica-creativa-global/practica_creativa/flight_prediction/src/main/scala/es/upm/dit/ging/predictor/MakePrediction.scala. Using presentation compiler with project's scala-library version: 3.3.7[0m
2026.06.02 21:22:16 WARN  no build target for: /home/casuario/Desktop/practica-creativa-global/practica_creativa/flight_prediction/build.sbt[0m
2026.06.02 21:22:16 INFO  no build target found for /home/casuario/Desktop/practica-creativa-global/practica_creativa/flight_prediction/build.sbt. Using presentation compiler with project's scala-library version: 3.3.7[0m
2026.06.02 21:22:16 INFO  no build target found for /home/casuario/Desktop/practica-creativa-global/practica_creativa/flight_prediction/build.sbt. Using presentation compiler with project's scala-library version: 3.3.7[0m
2026.06.02 21:22:16 INFO  no build target found for /home/casuario/Desktop/practica-creativa-global/practica_creativa/flight_prediction/build.sbt. Using presentation compiler with project's scala-library version: 3.3.7[0m
2026.06.02 21:22:17 INFO  no build target found for /home/casuario/Desktop/practica-creativa-global/practica_creativa/flight_prediction/build.sbt. Using presentation compiler with project's scala-library version: 3.3.7[0m
2026.06.03 10:52:32 INFO  no build target found for /home/casuario/Desktop/practica-creativa-global/practica_creativa/flight_prediction/src/main/scala/es/upm/dit/ging/predictor/MakePrediction.scala. Using presentation compiler with project's scala-library version: 3.3.7[0m
2026.06.03 10:52:32 INFO  no build target found for /home/casuario/Desktop/practica-creativa-global/practica_creativa/flight_prediction/src/main/scala/es/upm/dit/ging/predictor/MakePrediction.scala. Using presentation compiler with project's scala-library version: 3.3.7[0m
2026.06.03 10:52:32 WARN  no build target for: /home/casuario/Desktop/practica-creativa-global/practica_creativa/flight_prediction/src/main/scala/es/upm/dit/ging/predictor/MakePrediction.scala[0m
2026.06.03 10:52:32 INFO  no build target found for /home/casuario/Desktop/practica-creativa-global/practica_creativa/flight_prediction/src/main/scala/es/upm/dit/ging/predictor/MakePrediction.scala. Using presentation compiler with project's scala-library version: 3.3.7[0m
2026.06.03 10:52:32 INFO  no build target found for /home/casuario/Desktop/practica-creativa-global/practica_creativa/flight_prediction/src/main/scala/es/upm/dit/ging/predictor/MakePrediction.scala. Using presentation compiler with project's scala-library version: 3.3.7[0m
Jun 03, 2026 10:52:32 AM org.eclipse.lsp4j.jsonrpc.RemoteEndpoint handleCancellation
WARNING: Unmatched cancel notification for request id 626
Jun 03, 2026 10:52:32 AM org.eclipse.lsp4j.jsonrpc.RemoteEndpoint handleCancellation
WARNING: Unmatched cancel notification for request id 629
2026.06.03 10:52:32 INFO  no build target found for /home/casuario/Desktop/practica-creativa-global/practica_creativa/flight_prediction/src/main/scala/es/upm/dit/ging/predictor/MakePrediction.scala. Using presentation compiler with project's scala-library version: 3.3.7[0m
2026.06.03 10:52:33 INFO  no build target found for /home/casuario/Desktop/practica-creativa-global/practica_creativa/flight_prediction/src/main/scala/es/upm/dit/ging/predictor/MakePrediction.scala. Using presentation compiler with project's scala-library version: 3.3.7[0m
2026.06.03 10:52:37 INFO  no build target found for /home/casuario/Desktop/practica-creativa-global/practica_creativa/flight_prediction/src/main/scala/es/upm/dit/ging/predictor/MakePrediction.scala. Using presentation compiler with project's scala-library version: 3.3.7[0m
2026.06.03 10:52:37 INFO  no build target found for /home/casuario/Desktop/practica-creativa-global/practica_creativa/flight_prediction/src/main/scala/es/upm/dit/ging/predictor/MakePrediction.scala. Using presentation compiler with project's scala-library version: 3.3.7[0m
2026.06.03 10:52:38 INFO  no build target found for /home/casuario/Desktop/practica-creativa-global/practica_creativa/flight_prediction/src/main/scala/es/upm/dit/ging/predictor/MakePrediction.scala. Using presentation compiler with project's scala-library version: 3.3.7[0m
2026.06.03 10:56:20 INFO  no build target found for /home/casuario/Desktop/practica-creativa-global/practica_creativa/flight_prediction/src/main/scala/es/upm/dit/ging/predictor/MakePrediction.scala. Using presentation compiler with project's scala-library version: 3.3.7[0m
2026.06.03 10:56:22 INFO  no build target found for /home/casuario/Desktop/practica-creativa-global/practica_creativa/flight_prediction/src/main/scala/es/upm/dit/ging/predictor/MakePrediction.scala. Using presentation compiler with project's scala-library version: 3.3.7[0m
2026.06.03 10:56:22 INFO  no build target found for /home/casuario/Desktop/practica-creativa-global/practica_creativa/flight_prediction/src/main/scala/es/upm/dit/ging/predictor/MakePrediction.scala. Using presentation compiler with project's scala-library version: 3.3.7[0m
2026.06.03 10:56:23 INFO  no build target found for /home/casuario/Desktop/practica-creativa-global/practica_creativa/flight_prediction/src/main/scala/es/upm/dit/ging/predictor/MakePrediction.scala. Using presentation compiler with project's scala-library version: 3.3.7[0m
2026.06.03 10:56:23 INFO  no build target found for /home/casuario/Desktop/practica-creativa-global/practica_creativa/flight_prediction/src/main/scala/es/upm/dit/ging/predictor/MakePrediction.scala. Using presentation compiler with project's scala-library version: 3.3.7[0m
2026.06.03 10:56:23 INFO  no build target found for /home/casuario/Desktop/practica-creativa-global/practica_creativa/flight_prediction/src/main/scala/es/upm/dit/ging/predictor/MakePrediction.scala. Using presentation compiler with project's scala-library version: 3.3.7[0m
2026.06.03 10:56:25 INFO  no build target found for /home/casuario/Desktop/practica-creativa-global/practica_creativa/flight_prediction/src/main/scala/es/upm/dit/ging/predictor/MakePrediction.scala. Using presentation compiler with project's scala-library version: 3.3.7[0m
2026.06.03 10:56:25 INFO  no build target found for /home/casuario/Desktop/practica-creativa-global/practica_creativa/flight_prediction/src/main/scala/es/upm/dit/ging/predictor/MakePrediction.scala. Using presentation compiler with project's scala-library version: 3.3.7[0m
2026.06.03 10:56:26 INFO  no build target found for /home/casuario/Desktop/practica-creativa-global/practica_creativa/flight_prediction/src/main/scala/es/upm/dit/ging/predictor/MakePrediction.scala. Using presentation compiler with project's scala-library version: 3.3.7[0m
2026.06.03 10:56:26 INFO  no build target found for /home/casuario/Desktop/practica-creativa-global/practica_creativa/flight_prediction/src/main/scala/es/upm/dit/ging/predictor/MakePrediction.scala. Using presentation compiler with project's scala-library version: 3.3.7[0m
2026.06.03 10:56:26 INFO  no build target found for /home/casuario/Desktop/practica-creativa-global/practica_creativa/flight_prediction/src/main/scala/es/upm/dit/ging/predictor/MakePrediction.scala. Using presentation compiler with project's scala-library version: 3.3.7[0m
2026.06.03 10:57:17 INFO  no build target found for /home/casuario/Desktop/practica-creativa-global/practica_creativa/flight_prediction/src/main/scala/es/upm/dit/ging/predictor/MakePrediction.scala. Using presentation compiler with project's scala-library version: 3.3.7[0m
2026.06.03 11:01:28 INFO  no build target found for /home/casuario/Desktop/practica-creativa-global/practica_creativa/flight_prediction/src/main/scala/es/upm/dit/ging/predictor/MakePrediction.scala. Using presentation compiler with project's scala-library version: 3.3.7[0m
2026.06.03 11:01:28 WARN  no build target for: /home/casuario/Desktop/practica-creativa-global/practica_creativa/flight_prediction/src/main/scala/es/upm/dit/ging/predictor/MakePrediction.scala[0m
2026.06.03 11:01:28 INFO  no build target found for /home/casuario/Desktop/practica-creativa-global/practica_creativa/flight_prediction/src/main/scala/es/upm/dit/ging/predictor/MakePrediction.scala. Using presentation compiler with project's scala-library version: 3.3.7[0m
2026.06.03 11:01:28 INFO  no build target found for /home/casuario/Desktop/practica-creativa-global/practica_creativa/flight_prediction/src/main/scala/es/upm/dit/ging/predictor/MakePrediction.scala. Using presentation compiler with project's scala-library version: 3.3.7[0m
2026.06.03 11:01:28 INFO  no build target found for /home/casuario/Desktop/practica-creativa-global/practica_creativa/flight_prediction/src/main/scala/es/upm/dit/ging/predictor/MakePrediction.scala. Using presentation compiler with project's scala-library version: 3.3.7[0m
2026.06.03 11:01:28 INFO  no build target found for /home/casuario/Desktop/practica-creativa-global/practica_creativa/flight_prediction/src/main/scala/es/upm/dit/ging/predictor/MakePrediction.scala. Using presentation compiler with project's scala-library version: 3.3.7[0m
2026.06.03 11:01:28 INFO  no build target found for /home/casuario/Desktop/practica-creativa-global/practica_creativa/flight_prediction/src/main/scala/es/upm/dit/ging/predictor/MakePrediction.scala. Using presentation compiler with project's scala-library version: 3.3.7[0m
2026.06.03 11:01:28 INFO  no build target found for /home/casuario/Desktop/practica-creativa-global/practica_creativa/flight_prediction/src/main/scala/es/upm/dit/ging/predictor/MakePrediction.scala. Using presentation compiler with project's scala-library version: 3.3.7[0m
2026.06.03 11:01:28 INFO  no build target found for /home/casuario/Desktop/practica-creativa-global/practica_creativa/flight_prediction/src/main/scala/es/upm/dit/ging/predictor/MakePrediction.scala. Using presentation compiler with project's scala-library version: 3.3.7[0m
2026.06.03 11:01:30 INFO  no build target found for /home/casuario/Desktop/practica-creativa-global/practica_creativa/flight_prediction/src/main/scala/es/upm/dit/ging/predictor/MakePrediction.scala. Using presentation compiler with project's scala-library version: 3.3.7[0m
2026.06.03 11:01:30 INFO  no build target found for /home/casuario/Desktop/practica-creativa-global/practica_creativa/flight_prediction/src/main/scala/es/upm/dit/ging/predictor/MakePrediction.scala. Using presentation compiler with project's scala-library version: 3.3.7[0m
2026.06.03 11:01:30 INFO  no build target found for /home/casuario/Desktop/practica-creativa-global/practica_creativa/flight_prediction/src/main/scala/es/upm/dit/ging/predictor/MakePrediction.scala. Using presentation compiler with project's scala-library version: 3.3.7[0m
2026.06.03 11:01:31 INFO  no build target found for /home/casuario/Desktop/practica-creativa-global/practica_creativa/flight_prediction/src/main/scala/es/upm/dit/ging/predictor/MakePrediction.scala. Using presentation compiler with project's scala-library version: 3.3.7[0m
2026.06.03 11:01:34 INFO  no build target found for /home/casuario/Desktop/practica-creativa-global/practica_creativa/flight_prediction/src/main/scala/es/upm/dit/ging/predictor/MakePrediction.scala. Using presentation compiler with project's scala-library version: 3.3.7[0m
2026.06.03 11:01:34 INFO  no build target found for /home/casuario/Desktop/practica-creativa-global/practica_creativa/flight_prediction/src/main/scala/es/upm/dit/ging/predictor/MakePrediction.scala. Using presentation compiler with project's scala-library version: 3.3.7[0m
2026.06.03 11:01:35 INFO  no build target found for /home/casuario/Desktop/practica-creativa-global/practica_creativa/flight_prediction/src/main/scala/es/upm/dit/ging/predictor/MakePrediction.scala. Using presentation compiler with project's scala-library version: 3.3.7[0m
2026.06.03 11:01:35 INFO  no build target found for /home/casuario/Desktop/practica-creativa-global/practica_creativa/flight_prediction/src/main/scala/es/upm/dit/ging/predictor/MakePrediction.scala. Using presentation compiler with project's scala-library version: 3.3.7[0m
2026.06.03 11:01:35 WARN  no build target for: /home/casuario/Desktop/practica-creativa-global/practica_creativa/flight_prediction/src/main/scala/es/upm/dit/ging/predictor/MakePrediction.scala[0m
2026.06.03 11:01:36 INFO  no build target found for /home/casuario/Desktop/practica-creativa-global/practica_creativa/flight_prediction/src/main/scala/es/upm/dit/ging/predictor/MakePrediction.scala. Using presentation compiler with project's scala-library version: 3.3.7[0m
2026.06.03 11:01:36 INFO  no build target found for /home/casuario/Desktop/practica-creativa-global/practica_creativa/flight_prediction/src/main/scala/es/upm/dit/ging/predictor/MakePrediction.scala. Using presentation compiler with project's scala-library version: 3.3.7[0m
2026.06.03 11:01:36 INFO  no build target found for /home/casuario/Desktop/practica-creativa-global/practica_creativa/flight_prediction/src/main/scala/es/upm/dit/ging/predictor/MakePrediction.scala. Using presentation compiler with project's scala-library version: 3.3.7[0m
2026.06.03 11:01:36 INFO  no build target found for /home/casuario/Desktop/practica-creativa-global/practica_creativa/flight_prediction/src/main/scala/es/upm/dit/ging/predictor/MakePrediction.scala. Using presentation compiler with project's scala-library version: 3.3.7[0m
2026.06.03 11:01:36 INFO  no build target found for /home/casuario/Desktop/practica-creativa-global/practica_creativa/flight_prediction/src/main/scala/es/upm/dit/ging/predictor/MakePrediction.scala. Using presentation compiler with project's scala-library version: 3.3.7[0m
2026.06.03 11:01:36 INFO  no build target found for /home/casuario/Desktop/practica-creativa-global/practica_creativa/flight_prediction/src/main/scala/es/upm/dit/ging/predictor/MakePrediction.scala. Using presentation compiler with project's scala-library version: 3.3.7[0m
2026.06.03 11:01:37 WARN  no build target for: /home/casuario/Desktop/practica-creativa-global/practica_creativa/flight_prediction/src/main/scala/es/upm/dit/ging/predictor/MakePrediction.scala[0m
2026.06.03 11:01:37 INFO  no build target found for /home/casuario/Desktop/practica-creativa-global/practica_creativa/flight_prediction/src/main/scala/es/upm/dit/ging/predictor/MakePrediction.scala. Using presentation compiler with project's scala-library version: 3.3.7[0m
2026.06.03 11:01:37 INFO  no build target found for /home/casuario/Desktop/practica-creativa-global/practica_creativa/flight_prediction/src/main/scala/es/upm/dit/ging/predictor/MakePrediction.scala. Using presentation compiler with project's scala-library version: 3.3.7[0m
2026.06.03 11:01:37 WARN  no build target for: /home/casuario/Desktop/practica-creativa-global/practica_creativa/flight_prediction/src/main/scala/es/upm/dit/ging/predictor/MakePrediction.scala[0m
2026.06.03 11:01:38 INFO  no build target found for /home/casuario/Desktop/practica-creativa-global/practica_creativa/flight_prediction/src/main/scala/es/upm/dit/ging/predictor/MakePrediction.scala. Using presentation compiler with project's scala-library version: 3.3.7[0m
2026.06.03 11:01:37 INFO  no build target found for /home/casuario/Desktop/practica-creativa-global/practica_creativa/flight_prediction/src/main/scala/es/upm/dit/ging/predictor/MakePrediction.scala. Using presentation compiler with project's scala-library version: 3.3.7[0m
2026.06.03 11:01:43 INFO  no build target found for /home/casuario/Desktop/practica-creativa-global/practica_creativa/flight_prediction/src/main/scala/es/upm/dit/ging/predictor/MakePrediction.scala. Using presentation compiler with project's scala-library version: 3.3.7[0m
2026.06.03 11:01:43 INFO  no build target found for /home/casuario/Desktop/practica-creativa-global/practica_creativa/flight_prediction/src/main/scala/es/upm/dit/ging/predictor/MakePrediction.scala. Using presentation compiler with project's scala-library version: 3.3.7[0m
2026.06.03 11:01:43 INFO  no build target found for /home/casuario/Desktop/practica-creativa-global/practica_creativa/flight_prediction/src/main/scala/es/upm/dit/ging/predictor/MakePrediction.scala. Using presentation compiler with project's scala-library version: 3.3.7[0m
2026.06.03 11:01:43 INFO  no build target found for /home/casuario/Desktop/practica-creativa-global/practica_creativa/flight_prediction/src/main/scala/es/upm/dit/ging/predictor/MakePrediction.scala. Using presentation compiler with project's scala-library version: 3.3.7[0m
2026.06.03 11:01:44 WARN  no build target for: /home/casuario/Desktop/practica-creativa-global/practica_creativa/flight_prediction/src/main/scala/es/upm/dit/ging/predictor/MakePrediction.scala[0m
2026.06.03 11:01:44 INFO  no build target found for /home/casuario/Desktop/practica-creativa-global/practica_creativa/flight_prediction/src/main/scala/es/upm/dit/ging/predictor/MakePrediction.scala. Using presentation compiler with project's scala-library version: 3.3.7[0m
2026.06.03 11:01:44 INFO  no build target found for /home/casuario/Desktop/practica-creativa-global/practica_creativa/flight_prediction/src/main/scala/es/upm/dit/ging/predictor/MakePrediction.scala. Using presentation compiler with project's scala-library version: 3.3.7[0m
2026.06.03 11:01:47 INFO  no build target found for /home/casuario/Desktop/practica-creativa-global/practica_creativa/flight_prediction/src/main/scala/es/upm/dit/ging/predictor/MakePrediction.scala. Using presentation compiler with project's scala-library version: 3.3.7[0m
2026.06.03 11:01:47 INFO  no build target found for /home/casuario/Desktop/practica-creativa-global/practica_creativa/flight_prediction/src/main/scala/es/upm/dit/ging/predictor/MakePrediction.scala. Using presentation compiler with project's scala-library version: 3.3.7[0m
2026.06.03 11:01:48 INFO  no build target found for /home/casuario/Desktop/practica-creativa-global/practica_creativa/flight_prediction/src/main/scala/es/upm/dit/ging/predictor/MakePrediction.scala. Using presentation compiler with project's scala-library version: 3.3.7[0m
2026.06.03 11:01:48 INFO  no build target found for /home/casuario/Desktop/practica-creativa-global/practica_creativa/flight_prediction/src/main/scala/es/upm/dit/ging/predictor/MakePrediction.scala. Using presentation compiler with project's scala-library version: 3.3.7[0m
2026.06.03 11:01:49 INFO  no build target found for /home/casuario/Desktop/practica-creativa-global/practica_creativa/flight_prediction/src/main/scala/es/upm/dit/ging/predictor/MakePrediction.scala. Using presentation compiler with project's scala-library version: 3.3.7[0m
2026.06.03 11:01:49 INFO  no build target found for /home/casuario/Desktop/practica-creativa-global/practica_creativa/flight_prediction/src/main/scala/es/upm/dit/ging/predictor/MakePrediction.scala. Using presentation compiler with project's scala-library version: 3.3.7[0m
2026.06.03 11:01:49 INFO  no build target found for /home/casuario/Desktop/practica-creativa-global/practica_creativa/flight_prediction/src/main/scala/es/upm/dit/ging/predictor/MakePrediction.scala. Using presentation compiler with project's scala-library version: 3.3.7[0m
2026.06.03 11:01:49 INFO  no build target found for /home/casuario/Desktop/practica-creativa-global/practica_creativa/flight_prediction/src/main/scala/es/upm/dit/ging/predictor/MakePrediction.scala. Using presentation compiler with project's scala-library version: 3.3.7[0m
2026.06.03 11:01:49 WARN  no build target for: /home/casuario/Desktop/practica-creativa-global/practica_creativa/flight_prediction/src/main/scala/es/upm/dit/ging/predictor/MakePrediction.scala[0m
2026.06.03 11:01:50 INFO  no build target found for /home/casuario/Desktop/practica-creativa-global/practica_creativa/flight_prediction/src/main/scala/es/upm/dit/ging/predictor/MakePrediction.scala. Using presentation compiler with project's scala-library version: 3.3.7[0m
2026.06.03 11:01:50 INFO  no build target found for /home/casuario/Desktop/practica-creativa-global/practica_creativa/flight_prediction/src/main/scala/es/upm/dit/ging/predictor/MakePrediction.scala. Using presentation compiler with project's scala-library version: 3.3.7[0m
2026.06.03 11:01:52 INFO  no build target found for /home/casuario/Desktop/practica-creativa-global/practica_creativa/flight_prediction/src/main/scala/es/upm/dit/ging/predictor/MakePrediction.scala. Using presentation compiler with project's scala-library version: 3.3.7[0m
2026.06.03 11:01:52 INFO  no build target found for /home/casuario/Desktop/practica-creativa-global/practica_creativa/flight_prediction/src/main/scala/es/upm/dit/ging/predictor/MakePrediction.scala. Using presentation compiler with project's scala-library version: 3.3.7[0m
2026.06.03 11:01:52 INFO  no build target found for /home/casuario/Desktop/practica-creativa-global/practica_creativa/flight_prediction/src/main/scala/es/upm/dit/ging/predictor/MakePrediction.scala. Using presentation compiler with project's scala-library version: 3.3.7[0m
2026.06.03 11:01:52 INFO  no build target found for /home/casuario/Desktop/practica-creativa-global/practica_creativa/flight_prediction/src/main/scala/es/upm/dit/ging/predictor/MakePrediction.scala. Using presentation compiler with project's scala-library version: 3.3.7[0m
2026.06.03 11:01:52 INFO  no build target found for /home/casuario/Desktop/practica-creativa-global/practica_creativa/flight_prediction/src/main/scala/es/upm/dit/ging/predictor/MakePrediction.scala. Using presentation compiler with project's scala-library version: 3.3.7[0m
2026.06.03 11:01:52 INFO  no build target found for /home/casuario/Desktop/practica-creativa-global/practica_creativa/flight_prediction/src/main/scala/es/upm/dit/ging/predictor/MakePrediction.scala. Using presentation compiler with project's scala-library version: 3.3.7[0m
2026.06.03 11:01:52 INFO  no build target found for /home/casuario/Desktop/practica-creativa-global/practica_creativa/flight_prediction/src/main/scala/es/upm/dit/ging/predictor/MakePrediction.scala. Using presentation compiler with project's scala-library version: 3.3.7[0m
2026.06.03 11:01:52 INFO  no build target found for /home/casuario/Desktop/practica-creativa-global/practica_creativa/flight_prediction/src/main/scala/es/upm/dit/ging/predictor/MakePrediction.scala. Using presentation compiler with project's scala-library version: 3.3.7[0m
2026.06.03 11:01:53 INFO  no build target found for /home/casuario/Desktop/practica-creativa-global/practica_creativa/flight_prediction/src/main/scala/es/upm/dit/ging/predictor/MakePrediction.scala. Using presentation compiler with project's scala-library version: 3.3.7[0m
2026.06.03 11:01:53 INFO  no build target found for /home/casuario/Desktop/practica-creativa-global/practica_creativa/flight_prediction/src/main/scala/es/upm/dit/ging/predictor/MakePrediction.scala. Using presentation compiler with project's scala-library version: 3.3.7[0m
2026.06.03 11:01:53 WARN  no build target for: /home/casuario/Desktop/practica-creativa-global/practica_creativa/flight_prediction/src/main/scala/es/upm/dit/ging/predictor/MakePrediction.scala[0m
2026.06.03 11:01:53 INFO  no build target found for /home/casuario/Desktop/practica-creativa-global/practica_creativa/flight_prediction/src/main/scala/es/upm/dit/ging/predictor/MakePrediction.scala. Using presentation compiler with project's scala-library version: 3.3.7[0m
2026.06.03 11:01:54 INFO  no build target found for /home/casuario/Desktop/practica-creativa-global/practica_creativa/flight_prediction/src/main/scala/es/upm/dit/ging/predictor/MakePrediction.scala. Using presentation compiler with project's scala-library version: 3.3.7[0m
2026.06.03 11:01:54 INFO  no build target found for /home/casuario/Desktop/practica-creativa-global/practica_creativa/flight_prediction/src/main/scala/es/upm/dit/ging/predictor/MakePrediction.scala. Using presentation compiler with project's scala-library version: 3.3.7[0m
2026.06.03 11:01:54 INFO  no build target found for /home/casuario/Desktop/practica-creativa-global/practica_creativa/flight_prediction/src/main/scala/es/upm/dit/ging/predictor/MakePrediction.scala. Using presentation compiler with project's scala-library version: 3.3.7[0m
2026.06.03 11:01:55 INFO  no build target found for /home/casuario/Desktop/practica-creativa-global/practica_creativa/flight_prediction/src/main/scala/es/upm/dit/ging/predictor/MakePrediction.scala. Using presentation compiler with project's scala-library version: 3.3.7[0m
2026.06.03 11:01:55 INFO  no build target found for /home/casuario/Desktop/practica-creativa-global/practica_creativa/flight_prediction/src/main/scala/es/upm/dit/ging/predictor/MakePrediction.scala. Using presentation compiler with project's scala-library version: 3.3.7[0m
2026.06.03 11:01:55 INFO  no build target found for /home/casuario/Desktop/practica-creativa-global/practica_creativa/flight_prediction/src/main/scala/es/upm/dit/ging/predictor/MakePrediction.scala. Using presentation compiler with project's scala-library version: 3.3.7[0m
2026.06.03 11:01:56 INFO  no build target found for /home/casuario/Desktop/practica-creativa-global/practica_creativa/flight_prediction/src/main/scala/es/upm/dit/ging/predictor/MakePrediction.scala. Using presentation compiler with project's scala-library version: 3.3.7[0m
2026.06.03 11:01:56 INFO  no build target found for /home/casuario/Desktop/practica-creativa-global/practica_creativa/flight_prediction/src/main/scala/es/upm/dit/ging/predictor/MakePrediction.scala. Using presentation compiler with project's scala-library version: 3.3.7[0m
2026.06.03 11:01:55 INFO  no build target found for /home/casuario/Desktop/practica-creativa-global/practica_creativa/flight_prediction/src/main/scala/es/upm/dit/ging/predictor/MakePrediction.scala. Using presentation compiler with project's scala-library version: 3.3.7[0m
2026.06.03 11:01:55 INFO  no build target found for /home/casuario/Desktop/practica-creativa-global/practica_creativa/flight_prediction/src/main/scala/es/upm/dit/ging/predictor/MakePrediction.scala. Using presentation compiler with project's scala-library version: 3.3.7[0m
2026.06.03 11:01:56 INFO  no build target found for /home/casuario/Desktop/practica-creativa-global/practica_creativa/flight_prediction/src/main/scala/es/upm/dit/ging/predictor/MakePrediction.scala. Using presentation compiler with project's scala-library version: 3.3.7[0m
2026.06.03 11:01:56 INFO  no build target found for /home/casuario/Desktop/practica-creativa-global/practica_creativa/flight_prediction/src/main/scala/es/upm/dit/ging/predictor/MakePrediction.scala. Using presentation compiler with project's scala-library version: 3.3.7[0m
2026.06.03 11:01:56 INFO  no build target found for /home/casuario/Desktop/practica-creativa-global/practica_creativa/flight_prediction/src/main/scala/es/upm/dit/ging/predictor/MakePrediction.scala. Using presentation compiler with project's scala-library version: 3.3.7[0m
2026.06.03 11:01:56 INFO  no build target found for /home/casuario/Desktop/practica-creativa-global/practica_creativa/flight_prediction/src/main/scala/es/upm/dit/ging/predictor/MakePrediction.scala. Using presentation compiler with project's scala-library version: 3.3.7[0m
2026.06.03 11:01:56 INFO  no build target found for /home/casuario/Desktop/practica-creativa-global/practica_creativa/flight_prediction/src/main/scala/es/upm/dit/ging/predictor/MakePrediction.scala. Using presentation compiler with project's scala-library version: 3.3.7[0m
2026.06.03 11:01:56 INFO  no build target found for /home/casuario/Desktop/practica-creativa-global/practica_creativa/flight_prediction/src/main/scala/es/upm/dit/ging/predictor/MakePrediction.scala. Using presentation compiler with project's scala-library version: 3.3.7[0m
2026.06.03 11:01:57 WARN  no build target for: /home/casuario/Desktop/practica-creativa-global/practica_creativa/flight_prediction/src/main/scala/es/upm/dit/ging/predictor/MakePrediction.scala[0m
2026.06.03 11:01:57 INFO  no build target found for /home/casuario/Desktop/practica-creativa-global/practica_creativa/flight_prediction/src/main/scala/es/upm/dit/ging/predictor/MakePrediction.scala. Using presentation compiler with project's scala-library version: 3.3.7[0m
2026.06.03 11:01:59 WARN  no build target for: /home/casuario/Desktop/practica-creativa-global/practica_creativa/flight_prediction/src/main/scala/es/upm/dit/ging/predictor/MakePrediction.scala[0m
2026.06.03 11:01:59 INFO  no build target found for /home/casuario/Desktop/practica-creativa-global/practica_creativa/flight_prediction/src/main/scala/es/upm/dit/ging/predictor/MakePrediction.scala. Using presentation compiler with project's scala-library version: 3.3.7[0m
2026.06.03 11:02:02 INFO  no build target found for /home/casuario/Desktop/practica-creativa-global/practica_creativa/flight_prediction/src/main/scala/es/upm/dit/ging/predictor/MakePrediction.scala. Using presentation compiler with project's scala-library version: 3.3.7[0m
2026.06.03 11:04:05 INFO  no build target found for /home/casuario/Desktop/practica-creativa-global/practica_creativa/flight_prediction/src/main/scala/es/upm/dit/ging/predictor/MakePrediction.scala. Using presentation compiler with project's scala-library version: 3.3.7[0m
2026.06.03 11:04:05 WARN  no build target for: /home/casuario/Desktop/practica-creativa-global/practica_creativa/flight_prediction/src/main/scala/es/upm/dit/ging/predictor/MakePrediction.scala[0m
2026.06.03 11:04:05 INFO  no build target found for /home/casuario/Desktop/practica-creativa-global/practica_creativa/flight_prediction/src/main/scala/es/upm/dit/ging/predictor/MakePrediction.scala. Using presentation compiler with project's scala-library version: 3.3.7[0m
2026.06.03 11:04:05 INFO  no build target found for /home/casuario/Desktop/practica-creativa-global/practica_creativa/flight_prediction/src/main/scala/es/upm/dit/ging/predictor/MakePrediction.scala. Using presentation compiler with project's scala-library version: 3.3.7[0m
2026.06.03 11:04:05 INFO  no build target found for /home/casuario/Desktop/practica-creativa-global/practica_creativa/flight_prediction/src/main/scala/es/upm/dit/ging/predictor/MakePrediction.scala. Using presentation compiler with project's scala-library version: 3.3.7[0m
2026.06.03 11:04:10 INFO  no build target found for /home/casuario/Desktop/practica-creativa-global/practica_creativa/flight_prediction/src/main/scala/es/upm/dit/ging/predictor/MakePrediction.scala. Using presentation compiler with project's scala-library version: 3.3.7[0m
2026.06.03 11:04:10 INFO  no build target found for /home/casuario/Desktop/practica-creativa-global/practica_creativa/flight_prediction/src/main/scala/es/upm/dit/ging/predictor/MakePrediction.scala. Using presentation compiler with project's scala-library version: 3.3.7[0m
2026.06.03 11:04:12 INFO  no build target found for /home/casuario/Desktop/practica-creativa-global/practica_creativa/flight_prediction/src/main/scala/es/upm/dit/ging/predictor/MakePrediction.scala. Using presentation compiler with project's scala-library version: 3.3.7[0m
2026.06.03 11:04:12 INFO  no build target found for /home/casuario/Desktop/practica-creativa-global/practica_creativa/flight_prediction/src/main/scala/es/upm/dit/ging/predictor/MakePrediction.scala. Using presentation compiler with project's scala-library version: 3.3.7[0m
2026.06.03 11:04:12 INFO  no build target found for /home/casuario/Desktop/practica-creativa-global/practica_creativa/flight_prediction/src/main/scala/es/upm/dit/ging/predictor/MakePrediction.scala. Using presentation compiler with project's scala-library version: 3.3.7[0m
2026.06.03 11:04:12 INFO  no build target found for /home/casuario/Desktop/practica-creativa-global/practica_creativa/flight_prediction/src/main/scala/es/upm/dit/ging/predictor/MakePrediction.scala. Using presentation compiler with project's scala-library version: 3.3.7[0m
2026.06.03 11:04:12 INFO  no build target found for /home/casuario/Desktop/practica-creativa-global/practica_creativa/flight_prediction/src/main/scala/es/upm/dit/ging/predictor/MakePrediction.scala. Using presentation compiler with project's scala-library version: 3.3.7[0m
2026.06.03 11:04:13 INFO  no build target found for /home/casuario/Desktop/practica-creativa-global/practica_creativa/flight_prediction/src/main/scala/es/upm/dit/ging/predictor/MakePrediction.scala. Using presentation compiler with project's scala-library version: 3.3.7[0m
2026.06.03 11:04:12 INFO  no build target found for /home/casuario/Desktop/practica-creativa-global/practica_creativa/flight_prediction/src/main/scala/es/upm/dit/ging/predictor/MakePrediction.scala. Using presentation compiler with project's scala-library version: 3.3.7[0m
2026.06.03 11:04:13 WARN  no build target for: /home/casuario/Desktop/practica-creativa-global/practica_creativa/flight_prediction/src/main/scala/es/upm/dit/ging/predictor/MakePrediction.scala[0m
2026.06.03 11:04:13 INFO  no build target found for /home/casuario/Desktop/practica-creativa-global/practica_creativa/flight_prediction/src/main/scala/es/upm/dit/ging/predictor/MakePrediction.scala. Using presentation compiler with project's scala-library version: 3.3.7[0m
2026.06.03 11:04:14 WARN  no build target for: /home/casuario/Desktop/practica-creativa-global/practica_creativa/flight_prediction/src/main/scala/es/upm/dit/ging/predictor/MakePrediction.scala[0m
2026.06.03 11:04:13 INFO  no build target found for /home/casuario/Desktop/practica-creativa-global/practica_creativa/flight_prediction/src/main/scala/es/upm/dit/ging/predictor/MakePrediction.scala. Using presentation compiler with project's scala-library version: 3.3.7[0m
2026.06.03 11:04:15 INFO  no build target found for /home/casuario/Desktop/practica-creativa-global/practica_creativa/flight_prediction/src/main/scala/es/upm/dit/ging/predictor/MakePrediction.scala. Using presentation compiler with project's scala-library version: 3.3.7[0m
2026.06.03 11:04:25 INFO  no build target found for /home/casuario/Desktop/practica-creativa-global/practica_creativa/flight_prediction/src/main/scala/es/upm/dit/ging/predictor/MakePrediction.scala. Using presentation compiler with project's scala-library version: 3.3.7[0m
2026.06.03 11:04:25 INFO  no build target found for /home/casuario/Desktop/practica-creativa-global/practica_creativa/flight_prediction/src/main/scala/es/upm/dit/ging/predictor/MakePrediction.scala. Using presentation compiler with project's scala-library version: 3.3.7[0m
2026.06.03 11:04:26 INFO  no build target found for /home/casuario/Desktop/practica-creativa-global/practica_creativa/flight_prediction/src/main/scala/es/upm/dit/ging/predictor/MakePrediction.scala. Using presentation compiler with project's scala-library version: 3.3.7[0m
2026.06.03 11:04:40 INFO  no build target found for /home/casuario/Desktop/practica-creativa-global/practica_creativa/flight_prediction/src/main/scala/es/upm/dit/ging/predictor/MakePrediction.scala. Using presentation compiler with project's scala-library version: 3.3.7[0m
2026.06.03 11:04:42 INFO  no build target found for /home/casuario/Desktop/practica-creativa-global/practica_creativa/flight_prediction/src/main/scala/es/upm/dit/ging/predictor/MakePrediction.scala. Using presentation compiler with project's scala-library version: 3.3.7[0m
2026.06.03 11:04:45 INFO  no build target found for /home/casuario/Desktop/practica-creativa-global/practica_creativa/flight_prediction/src/main/scala/es/upm/dit/ging/predictor/MakePrediction.scala. Using presentation compiler with project's scala-library version: 3.3.7[0m
2026.06.03 11:04:50 INFO  no build target found for /home/casuario/Desktop/practica-creativa-global/practica_creativa/flight_prediction/src/main/scala/es/upm/dit/ging/predictor/MakePrediction.scala. Using presentation compiler with project's scala-library version: 3.3.7[0m
2026.06.03 11:04:51 INFO  no build target found for /home/casuario/Desktop/practica-creativa-global/practica_creativa/flight_prediction/src/main/scala/es/upm/dit/ging/predictor/MakePrediction.scala. Using presentation compiler with project's scala-library version: 3.3.7[0m
2026.06.03 11:04:58 INFO  no build target found for /home/casuario/Desktop/practica-creativa-global/practica_creativa/flight_prediction/src/main/scala/es/upm/dit/ging/predictor/MakePrediction.scala. Using presentation compiler with project's scala-library version: 3.3.7[0m
2026.06.03 11:05:00 INFO  no build target found for /home/casuario/Desktop/practica-creativa-global/practica_creativa/flight_prediction/src/main/scala/es/upm/dit/ging/predictor/MakePrediction.scala. Using presentation compiler with project's scala-library version: 3.3.7[0m
2026.06.03 11:05:00 INFO  no build target found for /home/casuario/Desktop/practica-creativa-global/practica_creativa/flight_prediction/src/main/scala/es/upm/dit/ging/predictor/MakePrediction.scala. Using presentation compiler with project's scala-library version: 3.3.7[0m
2026.06.03 11:05:01 INFO  no build target found for /home/casuario/Desktop/practica-creativa-global/practica_creativa/flight_prediction/src/main/scala/es/upm/dit/ging/predictor/MakePrediction.scala. Using presentation compiler with project's scala-library version: 3.3.7[0m
2026.06.03 11:05:05 INFO  no build target found for /home/casuario/Desktop/practica-creativa-global/practica_creativa/flight_prediction/src/main/scala/es/upm/dit/ging/predictor/MakePrediction.scala. Using presentation compiler with project's scala-library version: 3.3.7[0m
2026.06.03 11:05:05 INFO  no build target found for /home/casuario/Desktop/practica-creativa-global/practica_creativa/flight_prediction/src/main/scala/es/upm/dit/ging/predictor/MakePrediction.scala. Using presentation compiler with project's scala-library version: 3.3.7[0m
2026.06.03 11:05:05 INFO  no build target found for /home/casuario/Desktop/practica-creativa-global/practica_creativa/flight_prediction/src/main/scala/es/upm/dit/ging/predictor/MakePrediction.scala. Using presentation compiler with project's scala-library version: 3.3.7[0m
2026.06.03 11:05:05 INFO  no build target found for /home/casuario/Desktop/practica-creativa-global/practica_creativa/flight_prediction/src/main/scala/es/upm/dit/ging/predictor/MakePrediction.scala. Using presentation compiler with project's scala-library version: 3.3.7[0m
2026.06.03 11:05:05 INFO  no build target found for /home/casuario/Desktop/practica-creativa-global/practica_creativa/flight_prediction/src/main/scala/es/upm/dit/ging/predictor/MakePrediction.scala. Using presentation compiler with project's scala-library version: 3.3.7[0m
2026.06.03 11:05:06 INFO  no build target found for /home/casuario/Desktop/practica-creativa-global/practica_creativa/flight_prediction/src/main/scala/es/upm/dit/ging/predictor/MakePrediction.scala. Using presentation compiler with project's scala-library version: 3.3.7[0m
2026.06.03 11:05:06 INFO  no build target found for /home/casuario/Desktop/practica-creativa-global/practica_creativa/flight_prediction/src/main/scala/es/upm/dit/ging/predictor/MakePrediction.scala. Using presentation compiler with project's scala-library version: 3.3.7[0m
2026.06.03 11:05:06 INFO  no build target found for /home/casuario/Desktop/practica-creativa-global/practica_creativa/flight_prediction/src/main/scala/es/upm/dit/ging/predictor/MakePrediction.scala. Using presentation compiler with project's scala-library version: 3.3.7[0m
2026.06.03 11:05:06 INFO  no build target found for /home/casuario/Desktop/practica-creativa-global/practica_creativa/flight_prediction/src/main/scala/es/upm/dit/ging/predictor/MakePrediction.scala. Using presentation compiler with project's scala-library version: 3.3.7[0m
2026.06.03 11:05:07 WARN  no build target for: /home/casuario/Desktop/practica-creativa-global/practica_creativa/flight_prediction/src/main/scala/es/upm/dit/ging/predictor/MakePrediction.scala[0m
2026.06.03 11:05:06 INFO  no build target found for /home/casuario/Desktop/practica-creativa-global/practica_creativa/flight_prediction/src/main/scala/es/upm/dit/ging/predictor/MakePrediction.scala. Using presentation compiler with project's scala-library version: 3.3.7[0m
2026.06.03 11:05:09 INFO  no build target found for /home/casuario/Desktop/practica-creativa-global/practica_creativa/flight_prediction/src/main/scala/es/upm/dit/ging/predictor/MakePrediction.scala. Using presentation compiler with project's scala-library version: 3.3.7[0m
2026.06.03 11:05:09 INFO  no build target found for /home/casuario/Desktop/practica-creativa-global/practica_creativa/flight_prediction/src/main/scala/es/upm/dit/ging/predictor/MakePrediction.scala. Using presentation compiler with project's scala-library version: 3.3.7[0m
2026.06.03 11:05:10 INFO  no build target found for /home/casuario/Desktop/practica-creativa-global/practica_creativa/flight_prediction/src/main/scala/es/upm/dit/ging/predictor/MakePrediction.scala. Using presentation compiler with project's scala-library version: 3.3.7[0m
2026.06.03 11:05:10 INFO  no build target found for /home/casuario/Desktop/practica-creativa-global/practica_creativa/flight_prediction/src/main/scala/es/upm/dit/ging/predictor/MakePrediction.scala. Using presentation compiler with project's scala-library version: 3.3.7[0m
2026.06.03 11:05:11 INFO  no build target found for /home/casuario/Desktop/practica-creativa-global/practica_creativa/flight_prediction/src/main/scala/es/upm/dit/ging/predictor/MakePrediction.scala. Using presentation compiler with project's scala-library version: 3.3.7[0m
2026.06.03 11:05:11 INFO  no build target found for /home/casuario/Desktop/practica-creativa-global/practica_creativa/flight_prediction/src/main/scala/es/upm/dit/ging/predictor/MakePrediction.scala. Using presentation compiler with project's scala-library version: 3.3.7[0m
2026.06.03 11:05:10 INFO  no build target found for /home/casuario/Desktop/practica-creativa-global/practica_creativa/flight_prediction/src/main/scala/es/upm/dit/ging/predictor/MakePrediction.scala. Using presentation compiler with project's scala-library version: 3.3.7[0m
2026.06.03 11:05:10 INFO  no build target found for /home/casuario/Desktop/practica-creativa-global/practica_creativa/flight_prediction/src/main/scala/es/upm/dit/ging/predictor/MakePrediction.scala. Using presentation compiler with project's scala-library version: 3.3.7[0m
2026.06.03 11:05:11 INFO  no build target found for /home/casuario/Desktop/practica-creativa-global/practica_creativa/flight_prediction/src/main/scala/es/upm/dit/ging/predictor/MakePrediction.scala. Using presentation compiler with project's scala-library version: 3.3.7[0m
2026.06.03 11:05:11 INFO  no build target found for /home/casuario/Desktop/practica-creativa-global/practica_creativa/flight_prediction/src/main/scala/es/upm/dit/ging/predictor/MakePrediction.scala. Using presentation compiler with project's scala-library version: 3.3.7[0m
2026.06.03 11:05:12 INFO  no build target found for /home/casuario/Desktop/practica-creativa-global/practica_creativa/flight_prediction/src/main/scala/es/upm/dit/ging/predictor/MakePrediction.scala. Using presentation compiler with project's scala-library version: 3.3.7[0m
2026.06.03 11:05:12 WARN  no build target for: /home/casuario/Desktop/practica-creativa-global/practica_creativa/flight_prediction/src/main/scala/es/upm/dit/ging/predictor/MakePrediction.scala[0m
2026.06.03 11:05:12 INFO  no build target found for /home/casuario/Desktop/practica-creativa-global/practica_creativa/flight_prediction/src/main/scala/es/upm/dit/ging/predictor/MakePrediction.scala. Using presentation compiler with project's scala-library version: 3.3.7[0m
2026.06.03 11:05:15 INFO  no build target found for /home/casuario/Desktop/practica-creativa-global/practica_creativa/flight_prediction/src/main/scala/es/upm/dit/ging/predictor/MakePrediction.scala. Using presentation compiler with project's scala-library version: 3.3.7[0m
2026.06.03 11:05:15 INFO  no build target found for /home/casuario/Desktop/practica-creativa-global/practica_creativa/flight_prediction/src/main/scala/es/upm/dit/ging/predictor/MakePrediction.scala. Using presentation compiler with project's scala-library version: 3.3.7[0m
2026.06.03 11:05:16 WARN  no build target for: /home/casuario/Desktop/practica-creativa-global/practica_creativa/flight_prediction/src/main/scala/es/upm/dit/ging/predictor/MakePrediction.scala[0m
2026.06.03 11:05:16 INFO  no build target found for /home/casuario/Desktop/practica-creativa-global/practica_creativa/flight_prediction/src/main/scala/es/upm/dit/ging/predictor/MakePrediction.scala. Using presentation compiler with project's scala-library version: 3.3.7[0m
2026.06.03 11:06:01 INFO  no build target found for /home/casuario/Desktop/practica-creativa-global/practica_creativa/flight_prediction/src/main/scala/es/upm/dit/ging/predictor/MakePrediction.scala. Using presentation compiler with project's scala-library version: 3.3.7[0m
2026.06.03 11:06:01 WARN  no build target for: /home/casuario/Desktop/practica-creativa-global/practica_creativa/flight_prediction/src/main/scala/es/upm/dit/ging/predictor/MakePrediction.scala[0m
2026.06.03 11:06:01 INFO  no build target found for /home/casuario/Desktop/practica-creativa-global/practica_creativa/flight_prediction/src/main/scala/es/upm/dit/ging/predictor/MakePrediction.scala. Using presentation compiler with project's scala-library version: 3.3.7[0m
2026.06.03 11:06:01 INFO  no build target found for /home/casuario/Desktop/practica-creativa-global/practica_creativa/flight_prediction/src/main/scala/es/upm/dit/ging/predictor/MakePrediction.scala. Using presentation compiler with project's scala-library version: 3.3.7[0m
2026.06.03 11:06:01 INFO  no build target found for /home/casuario/Desktop/practica-creativa-global/practica_creativa/flight_prediction/src/main/scala/es/upm/dit/ging/predictor/MakePrediction.scala. Using presentation compiler with project's scala-library version: 3.3.7[0m
2026.06.03 11:08:04 INFO  no build target found for /home/casuario/Desktop/practica-creativa-global/practica_creativa/flight_prediction/src/main/scala/es/upm/dit/ging/predictor/MakePrediction.scala. Using presentation compiler with project's scala-library version: 3.3.7[0m
2026.06.03 11:08:04 WARN  no build target for: /home/casuario/Desktop/practica-creativa-global/practica_creativa/flight_prediction/src/main/scala/es/upm/dit/ging/predictor/MakePrediction.scala[0m
2026.06.03 11:08:04 INFO  no build target found for /home/casuario/Desktop/practica-creativa-global/practica_creativa/flight_prediction/src/main/scala/es/upm/dit/ging/predictor/MakePrediction.scala. Using presentation compiler with project's scala-library version: 3.3.7[0m
2026.06.03 11:08:04 INFO  no build target found for /home/casuario/Desktop/practica-creativa-global/practica_creativa/flight_prediction/src/main/scala/es/upm/dit/ging/predictor/MakePrediction.scala. Using presentation compiler with project's scala-library version: 3.3.7[0m
2026.06.03 11:08:04 INFO  no build target found for /home/casuario/Desktop/practica-creativa-global/practica_creativa/flight_prediction/src/main/scala/es/upm/dit/ging/predictor/MakePrediction.scala. Using presentation compiler with project's scala-library version: 3.3.7[0m
2026.06.03 11:08:05 INFO  no build target found for /home/casuario/Desktop/practica-creativa-global/practica_creativa/flight_prediction/src/main/scala/es/upm/dit/ging/predictor/MakePrediction.scala. Using presentation compiler with project's scala-library version: 3.3.7[0m
2026.06.03 11:08:06 INFO  no build target found for /home/casuario/Desktop/practica-creativa-global/practica_creativa/flight_prediction/src/main/scala/es/upm/dit/ging/predictor/MakePrediction.scala. Using presentation compiler with project's scala-library version: 3.3.7[0m
2026.06.03 11:08:54 INFO  no build target found for /home/casuario/Desktop/practica-creativa-global/practica_creativa/flight_prediction/src/main/scala/es/upm/dit/ging/predictor/MakePrediction.scala. Using presentation compiler with project's scala-library version: 3.3.7[0m
2026.06.03 11:08:54 INFO  no build target found for /home/casuario/Desktop/practica-creativa-global/practica_creativa/flight_prediction/src/main/scala/es/upm/dit/ging/predictor/MakePrediction.scala. Using presentation compiler with project's scala-library version: 3.3.7[0m
2026.06.03 11:08:54 INFO  no build target found for /home/casuario/Desktop/practica-creativa-global/practica_creativa/flight_prediction/src/main/scala/es/upm/dit/ging/predictor/MakePrediction.scala. Using presentation compiler with project's scala-library version: 3.3.7[0m
2026.06.03 11:09:03 INFO  no build target found for /home/casuario/Desktop/practica-creativa-global/practica_creativa/flight_prediction/src/main/scala/es/upm/dit/ging/predictor/MakePrediction.scala. Using presentation compiler with project's scala-library version: 3.3.7[0m
2026.06.03 11:09:03 INFO  no build target found for /home/casuario/Desktop/practica-creativa-global/practica_creativa/flight_prediction/src/main/scala/es/upm/dit/ging/predictor/MakePrediction.scala. Using presentation compiler with project's scala-library version: 3.3.7[0m
2026.06.03 11:09:03 INFO  no build target found for /home/casuario/Desktop/practica-creativa-global/practica_creativa/flight_prediction/src/main/scala/es/upm/dit/ging/predictor/MakePrediction.scala. Using presentation compiler with project's scala-library version: 3.3.7[0m
2026.06.03 11:09:03 INFO  no build target found for /home/casuario/Desktop/practica-creativa-global/practica_creativa/flight_prediction/src/main/scala/es/upm/dit/ging/predictor/MakePrediction.scala. Using presentation compiler with project's scala-library version: 3.3.7[0m
2026.06.03 11:09:04 INFO  no build target found for /home/casuario/Desktop/practica-creativa-global/practica_creativa/flight_prediction/src/main/scala/es/upm/dit/ging/predictor/MakePrediction.scala. Using presentation compiler with project's scala-library version: 3.3.7[0m
2026.06.03 11:09:03 INFO  no build target found for /home/casuario/Desktop/practica-creativa-global/practica_creativa/flight_prediction/src/main/scala/es/upm/dit/ging/predictor/MakePrediction.scala. Using presentation compiler with project's scala-library version: 3.3.7[0m
2026.06.03 11:09:03 INFO  no build target found for /home/casuario/Desktop/practica-creativa-global/practica_creativa/flight_prediction/src/main/scala/es/upm/dit/ging/predictor/MakePrediction.scala. Using presentation compiler with project's scala-library version: 3.3.7[0m
2026.06.03 11:09:03 INFO  no build target found for /home/casuario/Desktop/practica-creativa-global/practica_creativa/flight_prediction/src/main/scala/es/upm/dit/ging/predictor/MakePrediction.scala. Using presentation compiler with project's scala-library version: 3.3.7[0m
2026.06.03 11:09:03 INFO  no build target found for /home/casuario/Desktop/practica-creativa-global/practica_creativa/flight_prediction/src/main/scala/es/upm/dit/ging/predictor/MakePrediction.scala. Using presentation compiler with project's scala-library version: 3.3.7[0m
2026.06.03 11:09:04 INFO  no build target found for /home/casuario/Desktop/practica-creativa-global/practica_creativa/flight_prediction/src/main/scala/es/upm/dit/ging/predictor/MakePrediction.scala. Using presentation compiler with project's scala-library version: 3.3.7[0m
2026.06.03 11:09:04 INFO  no build target found for /home/casuario/Desktop/practica-creativa-global/practica_creativa/flight_prediction/src/main/scala/es/upm/dit/ging/predictor/MakePrediction.scala. Using presentation compiler with project's scala-library version: 3.3.7[0m
2026.06.03 11:09:05 INFO  no build target found for /home/casuario/Desktop/practica-creativa-global/practica_creativa/flight_prediction/src/main/scala/es/upm/dit/ging/predictor/MakePrediction.scala. Using presentation compiler with project's scala-library version: 3.3.7[0m
2026.06.03 11:09:05 INFO  no build target found for /home/casuario/Desktop/practica-creativa-global/practica_creativa/flight_prediction/src/main/scala/es/upm/dit/ging/predictor/MakePrediction.scala. Using presentation compiler with project's scala-library version: 3.3.7[0m
2026.06.03 11:09:05 WARN  no build target for: /home/casuario/Desktop/practica-creativa-global/practica_creativa/flight_prediction/src/main/scala/es/upm/dit/ging/predictor/MakePrediction.scala[0m
2026.06.03 11:09:05 INFO  no build target found for /home/casuario/Desktop/practica-creativa-global/practica_creativa/flight_prediction/src/main/scala/es/upm/dit/ging/predictor/MakePrediction.scala. Using presentation compiler with project's scala-library version: 3.3.7[0m
2026.06.03 11:09:06 INFO  no build target found for /home/casuario/Desktop/practica-creativa-global/practica_creativa/flight_prediction/src/main/scala/es/upm/dit/ging/predictor/MakePrediction.scala. Using presentation compiler with project's scala-library version: 3.3.7[0m
2026.06.03 11:09:06 INFO  no build target found for /home/casuario/Desktop/practica-creativa-global/practica_creativa/flight_prediction/src/main/scala/es/upm/dit/ging/predictor/MakePrediction.scala. Using presentation compiler with project's scala-library version: 3.3.7[0m
2026.06.03 11:09:06 INFO  no build target found for /home/casuario/Desktop/practica-creativa-global/practica_creativa/flight_prediction/src/main/scala/es/upm/dit/ging/predictor/MakePrediction.scala. Using presentation compiler with project's scala-library version: 3.3.7[0m
2026.06.03 11:09:07 INFO  no build target found for /home/casuario/Desktop/practica-creativa-global/practica_creativa/flight_prediction/src/main/scala/es/upm/dit/ging/predictor/MakePrediction.scala. Using presentation compiler with project's scala-library version: 3.3.7[0m
2026.06.03 11:09:07 WARN  no build target for: /home/casuario/Desktop/practica-creativa-global/practica_creativa/flight_prediction/src/main/scala/es/upm/dit/ging/predictor/MakePrediction.scala[0m
2026.06.03 11:09:07 INFO  no build target found for /home/casuario/Desktop/practica-creativa-global/practica_creativa/flight_prediction/src/main/scala/es/upm/dit/ging/predictor/MakePrediction.scala. Using presentation compiler with project's scala-library version: 3.3.7[0m
2026.06.03 11:09:08 INFO  no build target found for /home/casuario/Desktop/practica-creativa-global/practica_creativa/flight_prediction/src/main/scala/es/upm/dit/ging/predictor/MakePrediction.scala. Using presentation compiler with project's scala-library version: 3.3.7[0m
2026.06.03 11:09:08 INFO  no build target found for /home/casuario/Desktop/practica-creativa-global/practica_creativa/flight_prediction/src/main/scala/es/upm/dit/ging/predictor/MakePrediction.scala. Using presentation compiler with project's scala-library version: 3.3.7[0m
2026.06.03 11:09:09 INFO  no build target found for /home/casuario/Desktop/practica-creativa-global/practica_creativa/flight_prediction/src/main/scala/es/upm/dit/ging/predictor/MakePrediction.scala. Using presentation compiler with project's scala-library version: 3.3.7[0m
2026.06.03 11:09:09 INFO  no build target found for /home/casuario/Desktop/practica-creativa-global/practica_creativa/flight_prediction/src/main/scala/es/upm/dit/ging/predictor/MakePrediction.scala. Using presentation compiler with project's scala-library version: 3.3.7[0m
2026.06.03 11:09:09 INFO  no build target found for /home/casuario/Desktop/practica-creativa-global/practica_creativa/flight_prediction/src/main/scala/es/upm/dit/ging/predictor/MakePrediction.scala. Using presentation compiler with project's scala-library version: 3.3.7[0m
2026.06.03 11:09:10 INFO  no build target found for /home/casuario/Desktop/practica-creativa-global/practica_creativa/flight_prediction/src/main/scala/es/upm/dit/ging/predictor/MakePrediction.scala. Using presentation compiler with project's scala-library version: 3.3.7[0m
2026.06.03 11:09:09 INFO  no build target found for /home/casuario/Desktop/practica-creativa-global/practica_creativa/flight_prediction/src/main/scala/es/upm/dit/ging/predictor/MakePrediction.scala. Using presentation compiler with project's scala-library version: 3.3.7[0m
2026.06.03 11:09:10 INFO  no build target found for /home/casuario/Desktop/practica-creativa-global/practica_creativa/flight_prediction/src/main/scala/es/upm/dit/ging/predictor/MakePrediction.scala. Using presentation compiler with project's scala-library version: 3.3.7[0m
2026.06.03 11:09:09 INFO  no build target found for /home/casuario/Desktop/practica-creativa-global/practica_creativa/flight_prediction/src/main/scala/es/upm/dit/ging/predictor/MakePrediction.scala. Using presentation compiler with project's scala-library version: 3.3.7[0m
2026.06.03 11:09:10 INFO  no build target found for /home/casuario/Desktop/practica-creativa-global/practica_creativa/flight_prediction/src/main/scala/es/upm/dit/ging/predictor/MakePrediction.scala. Using presentation compiler with project's scala-library version: 3.3.7[0m
2026.06.03 11:09:11 INFO  no build target found for /home/casuario/Desktop/practica-creativa-global/practica_creativa/flight_prediction/src/main/scala/es/upm/dit/ging/predictor/MakePrediction.scala. Using presentation compiler with project's scala-library version: 3.3.7[0m
2026.06.03 11:09:11 INFO  no build target found for /home/casuario/Desktop/practica-creativa-global/practica_creativa/flight_prediction/src/main/scala/es/upm/dit/ging/predictor/MakePrediction.scala. Using presentation compiler with project's scala-library version: 3.3.7[0m
2026.06.03 11:09:11 WARN  no build target for: /home/casuario/Desktop/practica-creativa-global/practica_creativa/flight_prediction/src/main/scala/es/upm/dit/ging/predictor/MakePrediction.scala[0m
2026.06.03 11:09:11 INFO  no build target found for /home/casuario/Desktop/practica-creativa-global/practica_creativa/flight_prediction/src/main/scala/es/upm/dit/ging/predictor/MakePrediction.scala. Using presentation compiler with project's scala-library version: 3.3.7[0m
2026.06.03 11:09:11 WARN  no build target for: /home/casuario/Desktop/practica-creativa-global/practica_creativa/flight_prediction/src/main/scala/es/upm/dit/ging/predictor/MakePrediction.scala[0m
2026.06.03 11:09:11 INFO  no build target found for /home/casuario/Desktop/practica-creativa-global/practica_creativa/flight_prediction/src/main/scala/es/upm/dit/ging/predictor/MakePrediction.scala. Using presentation compiler with project's scala-library version: 3.3.7[0m
2026.06.03 11:09:11 INFO  no build target found for /home/casuario/Desktop/practica-creativa-global/practica_creativa/flight_prediction/src/main/scala/es/upm/dit/ging/predictor/MakePrediction.scala. Using presentation compiler with project's scala-library version: 3.3.7[0m
2026.06.03 11:09:11 INFO  no build target found for /home/casuario/Desktop/practica-creativa-global/practica_creativa/flight_prediction/src/main/scala/es/upm/dit/ging/predictor/MakePrediction.scala. Using presentation compiler with project's scala-library version: 3.3.7[0m
2026.06.03 11:09:12 INFO  no build target found for /home/casuario/Desktop/practica-creativa-global/practica_creativa/flight_prediction/src/main/scala/es/upm/dit/ging/predictor/MakePrediction.scala. Using presentation compiler with project's scala-library version: 3.3.7[0m
2026.06.03 11:09:13 INFO  no build target found for /home/casuario/Desktop/practica-creativa-global/practica_creativa/flight_prediction/src/main/scala/es/upm/dit/ging/predictor/MakePrediction.scala. Using presentation compiler with project's scala-library version: 3.3.7[0m
2026.06.03 11:09:13 INFO  no build target found for /home/casuario/Desktop/practica-creativa-global/practica_creativa/flight_prediction/src/main/scala/es/upm/dit/ging/predictor/MakePrediction.scala. Using presentation compiler with project's scala-library version: 3.3.7[0m
2026.06.03 11:09:15 INFO  no build target found for /home/casuario/Desktop/practica-creativa-global/practica_creativa/flight_prediction/src/main/scala/es/upm/dit/ging/predictor/MakePrediction.scala. Using presentation compiler with project's scala-library version: 3.3.7[0m
2026.06.03 11:09:15 INFO  no build target found for /home/casuario/Desktop/practica-creativa-global/practica_creativa/flight_prediction/src/main/scala/es/upm/dit/ging/predictor/MakePrediction.scala. Using presentation compiler with project's scala-library version: 3.3.7[0m
2026.06.03 11:09:16 INFO  no build target found for /home/casuario/Desktop/practica-creativa-global/practica_creativa/flight_prediction/src/main/scala/es/upm/dit/ging/predictor/MakePrediction.scala. Using presentation compiler with project's scala-library version: 3.3.7[0m
2026.06.03 11:09:16 INFO  no build target found for /home/casuario/Desktop/practica-creativa-global/practica_creativa/flight_prediction/src/main/scala/es/upm/dit/ging/predictor/MakePrediction.scala. Using presentation compiler with project's scala-library version: 3.3.7[0m
2026.06.03 11:09:16 INFO  no build target found for /home/casuario/Desktop/practica-creativa-global/practica_creativa/flight_prediction/src/main/scala/es/upm/dit/ging/predictor/MakePrediction.scala. Using presentation compiler with project's scala-library version: 3.3.7[0m
2026.06.03 11:09:16 INFO  no build target found for /home/casuario/Desktop/practica-creativa-global/practica_creativa/flight_prediction/src/main/scala/es/upm/dit/ging/predictor/MakePrediction.scala. Using presentation compiler with project's scala-library version: 3.3.7[0m
2026.06.03 11:09:17 INFO  no build target found for /home/casuario/Desktop/practica-creativa-global/practica_creativa/flight_prediction/src/main/scala/es/upm/dit/ging/predictor/MakePrediction.scala. Using presentation compiler with project's scala-library version: 3.3.7[0m
2026.06.03 11:09:17 INFO  no build target found for /home/casuario/Desktop/practica-creativa-global/practica_creativa/flight_prediction/src/main/scala/es/upm/dit/ging/predictor/MakePrediction.scala. Using presentation compiler with project's scala-library version: 3.3.7[0m
2026.06.03 11:09:17 INFO  no build target found for /home/casuario/Desktop/practica-creativa-global/practica_creativa/flight_prediction/src/main/scala/es/upm/dit/ging/predictor/MakePrediction.scala. Using presentation compiler with project's scala-library version: 3.3.7[0m
2026.06.03 11:09:17 INFO  no build target found for /home/casuario/Desktop/practica-creativa-global/practica_creativa/flight_prediction/src/main/scala/es/upm/dit/ging/predictor/MakePrediction.scala. Using presentation compiler with project's scala-library version: 3.3.7[0m
2026.06.03 11:09:17 INFO  no build target found for /home/casuario/Desktop/practica-creativa-global/practica_creativa/flight_prediction/src/main/scala/es/upm/dit/ging/predictor/MakePrediction.scala. Using presentation compiler with project's scala-library version: 3.3.7[0m
2026.06.03 11:09:17 INFO  no build target found for /home/casuario/Desktop/practica-creativa-global/practica_creativa/flight_prediction/src/main/scala/es/upm/dit/ging/predictor/MakePrediction.scala. Using presentation compiler with project's scala-library version: 3.3.7[0m
2026.06.03 11:09:18 WARN  no build target for: /home/casuario/Desktop/practica-creativa-global/practica_creativa/flight_prediction/src/main/scala/es/upm/dit/ging/predictor/MakePrediction.scala[0m
2026.06.03 11:09:17 INFO  no build target found for /home/casuario/Desktop/practica-creativa-global/practica_creativa/flight_prediction/src/main/scala/es/upm/dit/ging/predictor/MakePrediction.scala. Using presentation compiler with project's scala-library version: 3.3.7[0m
2026.06.03 11:09:22 INFO  no build target found for /home/casuario/Desktop/practica-creativa-global/practica_creativa/flight_prediction/src/main/scala/es/upm/dit/ging/predictor/MakePrediction.scala. Using presentation compiler with project's scala-library version: 3.3.7[0m
2026.06.03 11:09:25 INFO  no build target found for /home/casuario/Desktop/practica-creativa-global/practica_creativa/flight_prediction/src/main/scala/es/upm/dit/ging/predictor/MakePrediction.scala. Using presentation compiler with project's scala-library version: 3.3.7[0m
2026.06.03 11:09:25 INFO  no build target found for /home/casuario/Desktop/practica-creativa-global/practica_creativa/flight_prediction/src/main/scala/es/upm/dit/ging/predictor/MakePrediction.scala. Using presentation compiler with project's scala-library version: 3.3.7[0m
2026.06.03 11:09:25 INFO  no build target found for /home/casuario/Desktop/practica-creativa-global/practica_creativa/flight_prediction/src/main/scala/es/upm/dit/ging/predictor/MakePrediction.scala. Using presentation compiler with project's scala-library version: 3.3.7[0m
2026.06.03 11:09:25 INFO  no build target found for /home/casuario/Desktop/practica-creativa-global/practica_creativa/flight_prediction/src/main/scala/es/upm/dit/ging/predictor/MakePrediction.scala. Using presentation compiler with project's scala-library version: 3.3.7[0m
2026.06.03 11:09:26 INFO  no build target found for /home/casuario/Desktop/practica-creativa-global/practica_creativa/flight_prediction/src/main/scala/es/upm/dit/ging/predictor/MakePrediction.scala. Using presentation compiler with project's scala-library version: 3.3.7[0m
2026.06.03 11:09:25 INFO  no build target found for /home/casuario/Desktop/practica-creativa-global/practica_creativa/flight_prediction/src/main/scala/es/upm/dit/ging/predictor/MakePrediction.scala. Using presentation compiler with project's scala-library version: 3.3.7[0m
2026.06.03 11:09:26 INFO  no build target found for /home/casuario/Desktop/practica-creativa-global/practica_creativa/flight_prediction/src/main/scala/es/upm/dit/ging/predictor/MakePrediction.scala. Using presentation compiler with project's scala-library version: 3.3.7[0m
2026.06.03 11:09:26 INFO  no build target found for /home/casuario/Desktop/practica-creativa-global/practica_creativa/flight_prediction/src/main/scala/es/upm/dit/ging/predictor/MakePrediction.scala. Using presentation compiler with project's scala-library version: 3.3.7[0m
2026.06.03 11:09:26 INFO  no build target found for /home/casuario/Desktop/practica-creativa-global/practica_creativa/flight_prediction/src/main/scala/es/upm/dit/ging/predictor/MakePrediction.scala. Using presentation compiler with project's scala-library version: 3.3.7[0m
2026.06.03 11:09:26 INFO  no build target found for /home/casuario/Desktop/practica-creativa-global/practica_creativa/flight_prediction/src/main/scala/es/upm/dit/ging/predictor/MakePrediction.scala. Using presentation compiler with project's scala-library version: 3.3.7[0m
2026.06.03 11:09:26 INFO  no build target found for /home/casuario/Desktop/practica-creativa-global/practica_creativa/flight_prediction/src/main/scala/es/upm/dit/ging/predictor/MakePrediction.scala. Using presentation compiler with project's scala-library version: 3.3.7[0m
2026.06.03 11:09:26 INFO  no build target found for /home/casuario/Desktop/practica-creativa-global/practica_creativa/flight_prediction/src/main/scala/es/upm/dit/ging/predictor/MakePrediction.scala. Using presentation compiler with project's scala-library version: 3.3.7[0m
2026.06.03 11:09:26 INFO  no build target found for /home/casuario/Desktop/practica-creativa-global/practica_creativa/flight_prediction/src/main/scala/es/upm/dit/ging/predictor/MakePrediction.scala. Using presentation compiler with project's scala-library version: 3.3.7[0m
2026.06.03 11:09:26 INFO  no build target found for /home/casuario/Desktop/practica-creativa-global/practica_creativa/flight_prediction/src/main/scala/es/upm/dit/ging/predictor/MakePrediction.scala. Using presentation compiler with project's scala-library version: 3.3.7[0m
2026.06.03 11:09:27 INFO  no build target found for /home/casuario/Desktop/practica-creativa-global/practica_creativa/flight_prediction/src/main/scala/es/upm/dit/ging/predictor/MakePrediction.scala. Using presentation compiler with project's scala-library version: 3.3.7[0m
2026.06.03 11:09:26 WARN  no build target for: /home/casuario/Desktop/practica-creativa-global/practica_creativa/flight_prediction/src/main/scala/es/upm/dit/ging/predictor/MakePrediction.scala[0m
2026.06.03 11:09:28 INFO  no build target found for /home/casuario/Desktop/practica-creativa-global/practica_creativa/flight_prediction/src/main/scala/es/upm/dit/ging/predictor/MakePrediction.scala. Using presentation compiler with project's scala-library version: 3.3.7[0m
2026.06.03 11:09:28 INFO  no build target found for /home/casuario/Desktop/practica-creativa-global/practica_creativa/flight_prediction/src/main/scala/es/upm/dit/ging/predictor/MakePrediction.scala. Using presentation compiler with project's scala-library version: 3.3.7[0m
2026.06.03 11:09:28 INFO  no build target found for /home/casuario/Desktop/practica-creativa-global/practica_creativa/flight_prediction/src/main/scala/es/upm/dit/ging/predictor/MakePrediction.scala. Using presentation compiler with project's scala-library version: 3.3.7[0m
2026.06.03 11:09:28 INFO  no build target found for /home/casuario/Desktop/practica-creativa-global/practica_creativa/flight_prediction/src/main/scala/es/upm/dit/ging/predictor/MakePrediction.scala. Using presentation compiler with project's scala-library version: 3.3.7[0m
2026.06.03 11:09:28 INFO  no build target found for /home/casuario/Desktop/practica-creativa-global/practica_creativa/flight_prediction/src/main/scala/es/upm/dit/ging/predictor/MakePrediction.scala. Using presentation compiler with project's scala-library version: 3.3.7[0m
2026.06.03 11:09:29 INFO  no build target found for /home/casuario/Desktop/practica-creativa-global/practica_creativa/flight_prediction/src/main/scala/es/upm/dit/ging/predictor/MakePrediction.scala. Using presentation compiler with project's scala-library version: 3.3.7[0m
2026.06.03 11:09:29 INFO  no build target found for /home/casuario/Desktop/practica-creativa-global/practica_creativa/flight_prediction/src/main/scala/es/upm/dit/ging/predictor/MakePrediction.scala. Using presentation compiler with project's scala-library version: 3.3.7[0m
2026.06.03 11:09:29 INFO  no build target found for /home/casuario/Desktop/practica-creativa-global/practica_creativa/flight_prediction/src/main/scala/es/upm/dit/ging/predictor/MakePrediction.scala. Using presentation compiler with project's scala-library version: 3.3.7[0m
2026.06.03 11:09:30 WARN  no build target for: /home/casuario/Desktop/practica-creativa-global/practica_creativa/flight_prediction/src/main/scala/es/upm/dit/ging/predictor/MakePrediction.scala[0m
2026.06.03 11:09:30 INFO  no build target found for /home/casuario/Desktop/practica-creativa-global/practica_creativa/flight_prediction/src/main/scala/es/upm/dit/ging/predictor/MakePrediction.scala. Using presentation compiler with project's scala-library version: 3.3.7[0m
2026.06.03 11:09:31 WARN  no build target for: /home/casuario/Desktop/practica-creativa-global/practica_creativa/flight_prediction/src/main/scala/es/upm/dit/ging/predictor/MakePrediction.scala[0m
2026.06.03 11:09:31 INFO  no build target found for /home/casuario/Desktop/practica-creativa-global/practica_creativa/flight_prediction/src/main/scala/es/upm/dit/ging/predictor/MakePrediction.scala. Using presentation compiler with project's scala-library version: 3.3.7[0m
2026.06.03 11:09:31 INFO  no build target found for /home/casuario/Desktop/practica-creativa-global/practica_creativa/flight_prediction/src/main/scala/es/upm/dit/ging/predictor/MakePrediction.scala. Using presentation compiler with project's scala-library version: 3.3.7[0m
2026.06.03 11:09:31 INFO  no build target found for /home/casuario/Desktop/practica-creativa-global/practica_creativa/flight_prediction/src/main/scala/es/upm/dit/ging/predictor/MakePrediction.scala. Using presentation compiler with project's scala-library version: 3.3.7[0m
2026.06.03 11:09:31 INFO  empty definition using pc, found symbol in pc:  (full report at: "/home/casuario/Desktop/practica-creativa-global/practica_creativa/.metals/.reports/metals-full/2026-06-02/r_empty-definition_19-42-36-636.md")[0m
2026.06.03 11:09:50 INFO  no build target found for /home/casuario/Desktop/practica-creativa-global/practica_creativa/flight_prediction/src/main/scala/es/upm/dit/ging/predictor/MakePrediction.scala. Using presentation compiler with project's scala-library version: 3.3.7[0m
2026.06.03 11:09:53 INFO  no build target found for /home/casuario/Desktop/practica-creativa-global/practica_creativa/flight_prediction/src/main/scala/es/upm/dit/ging/predictor/MakePrediction.scala. Using presentation compiler with project's scala-library version: 3.3.7[0m
2026.06.03 11:09:55 INFO  no build target found for /home/casuario/Desktop/practica-creativa-global/practica_creativa/flight_prediction/src/main/scala/es/upm/dit/ging/predictor/MakePrediction.scala. Using presentation compiler with project's scala-library version: 3.3.7[0m
2026.06.03 11:09:55 INFO  no build target found for /home/casuario/Desktop/practica-creativa-global/practica_creativa/flight_prediction/src/main/scala/es/upm/dit/ging/predictor/MakePrediction.scala. Using presentation compiler with project's scala-library version: 3.3.7[0m
2026.06.03 11:09:55 INFO  no build target found for /home/casuario/Desktop/practica-creativa-global/practica_creativa/flight_prediction/src/main/scala/es/upm/dit/ging/predictor/MakePrediction.scala. Using presentation compiler with project's scala-library version: 3.3.7[0m
2026.06.03 11:09:55 INFO  no build target found for /home/casuario/Desktop/practica-creativa-global/practica_creativa/flight_prediction/src/main/scala/es/upm/dit/ging/predictor/MakePrediction.scala. Using presentation compiler with project's scala-library version: 3.3.7[0m
2026.06.03 11:09:55 INFO  no build target found for /home/casuario/Desktop/practica-creativa-global/practica_creativa/flight_prediction/src/main/scala/es/upm/dit/ging/predictor/MakePrediction.scala. Using presentation compiler with project's scala-library version: 3.3.7[0m
2026.06.03 11:09:55 INFO  no build target found for /home/casuario/Desktop/practica-creativa-global/practica_creativa/flight_prediction/src/main/scala/es/upm/dit/ging/predictor/MakePrediction.scala. Using presentation compiler with project's scala-library version: 3.3.7[0m
2026.06.03 11:09:56 INFO  no build target found for /home/casuario/Desktop/practica-creativa-global/practica_creativa/flight_prediction/src/main/scala/es/upm/dit/ging/predictor/MakePrediction.scala. Using presentation compiler with project's scala-library version: 3.3.7[0m
2026.06.03 11:09:56 INFO  no build target found for /home/casuario/Desktop/practica-creativa-global/practica_creativa/flight_prediction/src/main/scala/es/upm/dit/ging/predictor/MakePrediction.scala. Using presentation compiler with project's scala-library version: 3.3.7[0m
2026.06.03 11:09:55 INFO  no build target found for /home/casuario/Desktop/practica-creativa-global/practica_creativa/flight_prediction/src/main/scala/es/upm/dit/ging/predictor/MakePrediction.scala. Using presentation compiler with project's scala-library version: 3.3.7[0m
2026.06.03 11:09:56 INFO  no build target found for /home/casuario/Desktop/practica-creativa-global/practica_creativa/flight_prediction/src/main/scala/es/upm/dit/ging/predictor/MakePrediction.scala. Using presentation compiler with project's scala-library version: 3.3.7[0m
2026.06.03 11:09:56 WARN  no build target for: /home/casuario/Desktop/practica-creativa-global/practica_creativa/flight_prediction/src/main/scala/es/upm/dit/ging/predictor/MakePrediction.scala[0m
2026.06.03 11:09:56 INFO  no build target found for /home/casuario/Desktop/practica-creativa-global/practica_creativa/flight_prediction/src/main/scala/es/upm/dit/ging/predictor/MakePrediction.scala. Using presentation compiler with project's scala-library version: 3.3.7[0m
2026.06.03 11:09:56 INFO  no build target found for /home/casuario/Desktop/practica-creativa-global/practica_creativa/flight_prediction/src/main/scala/es/upm/dit/ging/predictor/MakePrediction.scala. Using presentation compiler with project's scala-library version: 3.3.7[0m
2026.06.03 11:09:56 INFO  no build target found for /home/casuario/Desktop/practica-creativa-global/practica_creativa/flight_prediction/src/main/scala/es/upm/dit/ging/predictor/MakePrediction.scala. Using presentation compiler with project's scala-library version: 3.3.7[0m
2026.06.03 11:10:00 INFO  no build target found for /home/casuario/Desktop/practica-creativa-global/practica_creativa/flight_prediction/src/main/scala/es/upm/dit/ging/predictor/MakePrediction.scala. Using presentation compiler with project's scala-library version: 3.3.7[0m
2026.06.03 11:10:00 INFO  no build target found for /home/casuario/Desktop/practica-creativa-global/practica_creativa/flight_prediction/src/main/scala/es/upm/dit/ging/predictor/MakePrediction.scala. Using presentation compiler with project's scala-library version: 3.3.7[0m
2026.06.03 11:10:00 INFO  no build target found for /home/casuario/Desktop/practica-creativa-global/practica_creativa/flight_prediction/src/main/scala/es/upm/dit/ging/predictor/MakePrediction.scala. Using presentation compiler with project's scala-library version: 3.3.7[0m
2026.06.03 11:10:00 INFO  no build target found for /home/casuario/Desktop/practica-creativa-global/practica_creativa/flight_prediction/src/main/scala/es/upm/dit/ging/predictor/MakePrediction.scala. Using presentation compiler with project's scala-library version: 3.3.7[0m
2026.06.03 11:10:00 INFO  no build target found for /home/casuario/Desktop/practica-creativa-global/practica_creativa/flight_prediction/src/main/scala/es/upm/dit/ging/predictor/MakePrediction.scala. Using presentation compiler with project's scala-library version: 3.3.7[0m
2026.06.03 11:10:00 INFO  no build target found for /home/casuario/Desktop/practica-creativa-global/practica_creativa/flight_prediction/src/main/scala/es/upm/dit/ging/predictor/MakePrediction.scala. Using presentation compiler with project's scala-library version: 3.3.7[0m
2026.06.03 11:10:00 INFO  no build target found for /home/casuario/Desktop/practica-creativa-global/practica_creativa/flight_prediction/src/main/scala/es/upm/dit/ging/predictor/MakePrediction.scala. Using presentation compiler with project's scala-library version: 3.3.7[0m
2026.06.03 11:10:01 INFO  no build target found for /home/casuario/Desktop/practica-creativa-global/practica_creativa/flight_prediction/src/main/scala/es/upm/dit/ging/predictor/MakePrediction.scala. Using presentation compiler with project's scala-library version: 3.3.7[0m
2026.06.03 11:10:01 INFO  no build target found for /home/casuario/Desktop/practica-creativa-global/practica_creativa/flight_prediction/src/main/scala/es/upm/dit/ging/predictor/MakePrediction.scala. Using presentation compiler with project's scala-library version: 3.3.7[0m
2026.06.03 11:10:02 INFO  no build target found for /home/casuario/Desktop/practica-creativa-global/practica_creativa/flight_prediction/src/main/scala/es/upm/dit/ging/predictor/MakePrediction.scala. Using presentation compiler with project's scala-library version: 3.3.7[0m
2026.06.03 11:10:02 INFO  no build target found for /home/casuario/Desktop/practica-creativa-global/practica_creativa/flight_prediction/src/main/scala/es/upm/dit/ging/predictor/MakePrediction.scala. Using presentation compiler with project's scala-library version: 3.3.7[0m
2026.06.03 11:10:02 WARN  no build target for: /home/casuario/Desktop/practica-creativa-global/practica_creativa/flight_prediction/src/main/scala/es/upm/dit/ging/predictor/MakePrediction.scala[0m
2026.06.03 11:10:02 INFO  no build target found for /home/casuario/Desktop/practica-creativa-global/practica_creativa/flight_prediction/src/main/scala/es/upm/dit/ging/predictor/MakePrediction.scala. Using presentation compiler with project's scala-library version: 3.3.7[0m
2026.06.03 11:10:04 INFO  no build target found for /home/casuario/Desktop/practica-creativa-global/practica_creativa/flight_prediction/src/main/scala/es/upm/dit/ging/predictor/MakePrediction.scala. Using presentation compiler with project's scala-library version: 3.3.7[0m
2026.06.03 11:10:13 INFO  no build target found for /home/casuario/Desktop/practica-creativa-global/practica_creativa/flight_prediction/src/main/scala/es/upm/dit/ging/predictor/MakePrediction.scala. Using presentation compiler with project's scala-library version: 3.3.7[0m
2026.06.03 11:10:13 INFO  no build target found for /home/casuario/Desktop/practica-creativa-global/practica_creativa/flight_prediction/src/main/scala/es/upm/dit/ging/predictor/MakePrediction.scala. Using presentation compiler with project's scala-library version: 3.3.7[0m
2026.06.03 11:10:13 INFO  no build target found for /home/casuario/Desktop/practica-creativa-global/practica_creativa/flight_prediction/src/main/scala/es/upm/dit/ging/predictor/MakePrediction.scala. Using presentation compiler with project's scala-library version: 3.3.7[0m
2026.06.03 11:10:13 INFO  no build target found for /home/casuario/Desktop/practica-creativa-global/practica_creativa/flight_prediction/src/main/scala/es/upm/dit/ging/predictor/MakePrediction.scala. Using presentation compiler with project's scala-library version: 3.3.7[0m
2026.06.03 11:10:15 INFO  no build target found for /home/casuario/Desktop/practica-creativa-global/practica_creativa/flight_prediction/src/main/scala/es/upm/dit/ging/predictor/MakePrediction.scala. Using presentation compiler with project's scala-library version: 3.3.7[0m
2026.06.03 11:10:15 INFO  no build target found for /home/casuario/Desktop/practica-creativa-global/practica_creativa/flight_prediction/src/main/scala/es/upm/dit/ging/predictor/MakePrediction.scala. Using presentation compiler with project's scala-library version: 3.3.7[0m
2026.06.03 11:10:15 INFO  no build target found for /home/casuario/Desktop/practica-creativa-global/practica_creativa/flight_prediction/src/main/scala/es/upm/dit/ging/predictor/MakePrediction.scala. Using presentation compiler with project's scala-library version: 3.3.7[0m
2026.06.03 11:10:15 INFO  no build target found for /home/casuario/Desktop/practica-creativa-global/practica_creativa/flight_prediction/src/main/scala/es/upm/dit/ging/predictor/MakePrediction.scala. Using presentation compiler with project's scala-library version: 3.3.7[0m
2026.06.03 11:10:15 INFO  no build target found for /home/casuario/Desktop/practica-creativa-global/practica_creativa/flight_prediction/src/main/scala/es/upm/dit/ging/predictor/MakePrediction.scala. Using presentation compiler with project's scala-library version: 3.3.7[0m
2026.06.03 11:10:15 INFO  no build target found for /home/casuario/Desktop/practica-creativa-global/practica_creativa/flight_prediction/src/main/scala/es/upm/dit/ging/predictor/MakePrediction.scala. Using presentation compiler with project's scala-library version: 3.3.7[0m
2026.06.03 11:10:15 INFO  no build target found for /home/casuario/Desktop/practica-creativa-global/practica_creativa/flight_prediction/src/main/scala/es/upm/dit/ging/predictor/MakePrediction.scala. Using presentation compiler with project's scala-library version: 3.3.7[0m
2026.06.03 11:10:15 INFO  Created report: Optional[file:///home/casuario/Desktop/practica-creativa-global/practica_creativa/flight_prediction/src/main/scala/es/upm/dit/ging/predictor/MakePrediction.scala][0m
2026.06.03 11:10:15 INFO  empty definition using pc, found symbol in pc: awaitAnyTermination. (full report at: "/home/casuario/Desktop/practica-creativa-global/practica_creativa/.metals/.reports/metals-full/2026-06-03/r_empty-definition_11-10-15-574.md")[0m
2026.06.03 11:10:15 WARN  no build target for: /home/casuario/Desktop/practica-creativa-global/practica_creativa/flight_prediction/src/main/scala/es/upm/dit/ging/predictor/MakePrediction.scala[0m
2026.06.03 11:10:15 INFO  no build target found for /home/casuario/Desktop/practica-creativa-global/practica_creativa/flight_prediction/src/main/scala/es/upm/dit/ging/predictor/MakePrediction.scala. Using presentation compiler with project's scala-library version: 3.3.7[0m
2026.06.03 11:10:15 INFO  no build target found for /home/casuario/Desktop/practica-creativa-global/practica_creativa/flight_prediction/src/main/scala/es/upm/dit/ging/predictor/MakePrediction.scala. Using presentation compiler with project's scala-library version: 3.3.7[0m
2026.06.03 11:10:15 INFO  empty definition using pc, found symbol in pc:  (full report at: "/home/casuario/Desktop/practica-creativa-global/practica_creativa/.metals/.reports/metals-full/2026-06-02/r_empty-definition_19-42-36-636.md")[0m
2026.06.03 11:10:22 INFO  no build target found for /home/casuario/Desktop/practica-creativa-global/practica_creativa/flight_prediction/src/main/scala/es/upm/dit/ging/predictor/MakePrediction.scala. Using presentation compiler with project's scala-library version: 3.3.7[0m
2026.06.03 11:10:22 INFO  no build target found for /home/casuario/Desktop/practica-creativa-global/practica_creativa/flight_prediction/src/main/scala/es/upm/dit/ging/predictor/MakePrediction.scala. Using presentation compiler with project's scala-library version: 3.3.7[0m
2026.06.03 11:10:23 INFO  no build target found for /home/casuario/Desktop/practica-creativa-global/practica_creativa/flight_prediction/src/main/scala/es/upm/dit/ging/predictor/MakePrediction.scala. Using presentation compiler with project's scala-library version: 3.3.7[0m
2026.06.03 11:10:53 INFO  no build target found for /home/casuario/Desktop/practica-creativa-global/practica_creativa/flight_prediction/src/main/scala/es/upm/dit/ging/predictor/MakePrediction.scala. Using presentation compiler with project's scala-library version: 3.3.7[0m
2026.06.03 11:10:53 INFO  no build target found for /home/casuario/Desktop/practica-creativa-global/practica_creativa/flight_prediction/src/main/scala/es/upm/dit/ging/predictor/MakePrediction.scala. Using presentation compiler with project's scala-library version: 3.3.7[0m
2026.06.03 11:10:53 INFO  no build target found for /home/casuario/Desktop/practica-creativa-global/practica_creativa/flight_prediction/src/main/scala/es/upm/dit/ging/predictor/MakePrediction.scala. Using presentation compiler with project's scala-library version: 3.3.7[0m
2026.06.03 11:10:53 INFO  no build target found for /home/casuario/Desktop/practica-creativa-global/practica_creativa/flight_prediction/src/main/scala/es/upm/dit/ging/predictor/MakePrediction.scala. Using presentation compiler with project's scala-library version: 3.3.7[0m
2026.06.03 11:10:53 INFO  no build target found for /home/casuario/Desktop/practica-creativa-global/practica_creativa/flight_prediction/src/main/scala/es/upm/dit/ging/predictor/MakePrediction.scala. Using presentation compiler with project's scala-library version: 3.3.7[0m
2026.06.03 11:10:56 INFO  no build target found for /home/casuario/Desktop/practica-creativa-global/practica_creativa/flight_prediction/build.sbt. Using presentation compiler with project's scala-library version: 3.3.7[0m
2026.06.03 11:10:56 WARN  no build target for: /home/casuario/Desktop/practica-creativa-global/practica_creativa/flight_prediction/build.sbt[0m
2026.06.03 11:10:56 INFO  no build target found for /home/casuario/Desktop/practica-creativa-global/practica_creativa/flight_prediction/build.sbt. Using presentation compiler with project's scala-library version: 3.3.7[0m
2026.06.03 11:10:56 INFO  no build target found for /home/casuario/Desktop/practica-creativa-global/practica_creativa/flight_prediction/build.sbt. Using presentation compiler with project's scala-library version: 3.3.7[0m
2026.06.03 11:10:56 INFO  no build target found for /home/casuario/Desktop/practica-creativa-global/practica_creativa/flight_prediction/build.sbt. Using presentation compiler with project's scala-library version: 3.3.7[0m
2026.06.03 11:10:56 INFO  no build target found for /home/casuario/Desktop/practica-creativa-global/practica_creativa/flight_prediction/build.sbt. Using presentation compiler with project's scala-library version: 3.3.7[0m
2026.06.03 11:10:56 INFO  no build target found for /home/casuario/Desktop/practica-creativa-global/practica_creativa/flight_prediction/build.sbt. Using presentation compiler with project's scala-library version: 3.3.7[0m
2026.06.03 11:10:57 INFO  no build target found for /home/casuario/Desktop/practica-creativa-global/practica_creativa/flight_prediction/build.sbt. Using presentation compiler with project's scala-library version: 3.3.7[0m
2026.06.03 11:10:57 INFO  no build target found for /home/casuario/Desktop/practica-creativa-global/practica_creativa/flight_prediction/build.sbt. Using presentation compiler with project's scala-library version: 3.3.7[0m
2026.06.03 11:11:50 INFO  no build target found for /home/casuario/Desktop/practica-creativa-global/practica_creativa/flight_prediction/build.sbt. Using presentation compiler with project's scala-library version: 3.3.7[0m
2026.06.03 11:11:50 INFO  no build target found for /home/casuario/Desktop/practica-creativa-global/practica_creativa/flight_prediction/build.sbt. Using presentation compiler with project's scala-library version: 3.3.7[0m
2026.06.03 11:11:50 INFO  no build target found for /home/casuario/Desktop/practica-creativa-global/practica_creativa/flight_prediction/build.sbt. Using presentation compiler with project's scala-library version: 3.3.7[0m
2026.06.03 11:11:52 INFO  no build target found for /home/casuario/Desktop/practica-creativa-global/practica_creativa/flight_prediction/build.sbt. Using presentation compiler with project's scala-library version: 3.3.7[0m
2026.06.03 11:11:52 INFO  no build target found for /home/casuario/Desktop/practica-creativa-global/practica_creativa/flight_prediction/build.sbt. Using presentation compiler with project's scala-library version: 3.3.7[0m
2026.06.03 11:11:52 INFO  no build target found for /home/casuario/Desktop/practica-creativa-global/practica_creativa/flight_prediction/build.sbt. Using presentation compiler with project's scala-library version: 3.3.7[0m
2026.06.03 11:11:52 INFO  no build target found for /home/casuario/Desktop/practica-creativa-global/practica_creativa/flight_prediction/build.sbt. Using presentation compiler with project's scala-library version: 3.3.7[0m
2026.06.03 11:11:52 INFO  no build target found for /home/casuario/Desktop/practica-creativa-global/practica_creativa/flight_prediction/build.sbt. Using presentation compiler with project's scala-library version: 3.3.7[0m
2026.06.03 11:11:52 INFO  no build target found for /home/casuario/Desktop/practica-creativa-global/practica_creativa/flight_prediction/build.sbt. Using presentation compiler with project's scala-library version: 3.3.7[0m
2026.06.03 11:11:52 INFO  no build target found for /home/casuario/Desktop/practica-creativa-global/practica_creativa/flight_prediction/build.sbt. Using presentation compiler with project's scala-library version: 3.3.7[0m
2026.06.03 11:11:52 INFO  no build target found for /home/casuario/Desktop/practica-creativa-global/practica_creativa/flight_prediction/build.sbt. Using presentation compiler with project's scala-library version: 3.3.7[0m
2026.06.03 11:11:53 INFO  no build target found for /home/casuario/Desktop/practica-creativa-global/practica_creativa/flight_prediction/build.sbt. Using presentation compiler with project's scala-library version: 3.3.7[0m
2026.06.03 11:11:53 INFO  no build target found for /home/casuario/Desktop/practica-creativa-global/practica_creativa/flight_prediction/build.sbt. Using presentation compiler with project's scala-library version: 3.3.7[0m
2026.06.03 11:11:53 INFO  no build target found for /home/casuario/Desktop/practica-creativa-global/practica_creativa/flight_prediction/build.sbt. Using presentation compiler with project's scala-library version: 3.3.7[0m
2026.06.03 11:11:54 WARN  no build target for: /home/casuario/Desktop/practica-creativa-global/practica_creativa/flight_prediction/build.sbt[0m
2026.06.03 11:11:54 INFO  no build target found for /home/casuario/Desktop/practica-creativa-global/practica_creativa/flight_prediction/build.sbt. Using presentation compiler with project's scala-library version: 3.3.7[0m
2026.06.03 11:11:54 WARN  no build target for: /home/casuario/Desktop/practica-creativa-global/practica_creativa/flight_prediction/build.sbt[0m
2026.06.03 11:11:54 INFO  no build target found for /home/casuario/Desktop/practica-creativa-global/practica_creativa/flight_prediction/build.sbt. Using presentation compiler with project's scala-library version: 3.3.7[0m
2026.06.03 11:11:54 INFO  no build target found for /home/casuario/Desktop/practica-creativa-global/practica_creativa/flight_prediction/build.sbt. Using presentation compiler with project's scala-library version: 3.3.7[0m
2026.06.03 11:11:54 INFO  no build target found for /home/casuario/Desktop/practica-creativa-global/practica_creativa/flight_prediction/build.sbt. Using presentation compiler with project's scala-library version: 3.3.7[0m
2026.06.03 11:11:54 INFO  no build target found for /home/casuario/Desktop/practica-creativa-global/practica_creativa/flight_prediction/build.sbt. Using presentation compiler with project's scala-library version: 3.3.7[0m
2026.06.03 11:11:55 INFO  no build target found for /home/casuario/Desktop/practica-creativa-global/practica_creativa/flight_prediction/build.sbt. Using presentation compiler with project's scala-library version: 3.3.7[0m
2026.06.03 11:11:57 INFO  skipping build import with status 'Dismissed'[0m
2026.06.03 11:12:00 INFO  no build target found for /home/casuario/Desktop/practica-creativa-global/practica_creativa/flight_prediction/build.sbt. Using presentation compiler with project's scala-library version: 3.3.7[0m
2026.06.03 11:12:15 INFO  no build target found for /home/casuario/Desktop/practica-creativa-global/practica_creativa/flight_prediction/src/main/scala/es/upm/dit/ging/predictor/MakePrediction.scala. Using presentation compiler with project's scala-library version: 3.3.7[0m
2026.06.03 11:12:15 WARN  no build target for: /home/casuario/Desktop/practica-creativa-global/practica_creativa/flight_prediction/src/main/scala/es/upm/dit/ging/predictor/MakePrediction.scala[0m
2026.06.03 11:12:15 INFO  no build target found for /home/casuario/Desktop/practica-creativa-global/practica_creativa/flight_prediction/src/main/scala/es/upm/dit/ging/predictor/MakePrediction.scala. Using presentation compiler with project's scala-library version: 3.3.7[0m
2026.06.03 11:12:15 INFO  no build target found for /home/casuario/Desktop/practica-creativa-global/practica_creativa/flight_prediction/src/main/scala/es/upm/dit/ging/predictor/MakePrediction.scala. Using presentation compiler with project's scala-library version: 3.3.7[0m
2026.06.03 11:12:15 INFO  no build target found for /home/casuario/Desktop/practica-creativa-global/practica_creativa/flight_prediction/src/main/scala/es/upm/dit/ging/predictor/MakePrediction.scala. Using presentation compiler with project's scala-library version: 3.3.7[0m
2026.06.03 11:12:15 INFO  no build target found for /home/casuario/Desktop/practica-creativa-global/practica_creativa/flight_prediction/src/main/scala/es/upm/dit/ging/predictor/MakePrediction.scala. Using presentation compiler with project's scala-library version: 3.3.7[0m
2026.06.03 11:12:15 INFO  no build target found for /home/casuario/Desktop/practica-creativa-global/practica_creativa/flight_prediction/src/main/scala/es/upm/dit/ging/predictor/MakePrediction.scala. Using presentation compiler with project's scala-library version: 3.3.7[0m
2026.06.03 11:12:16 INFO  no build target found for /home/casuario/Desktop/practica-creativa-global/practica_creativa/flight_prediction/src/main/scala/es/upm/dit/ging/predictor/MakePrediction.scala. Using presentation compiler with project's scala-library version: 3.3.7[0m
2026.06.03 11:12:17 INFO  no build target found for /home/casuario/Desktop/practica-creativa-global/practica_creativa/flight_prediction/src/main/scala/es/upm/dit/ging/predictor/MakePrediction.scala. Using presentation compiler with project's scala-library version: 3.3.7[0m
2026.06.03 11:12:19 INFO  no build target found for /home/casuario/Desktop/practica-creativa-global/practica_creativa/flight_prediction/src/main/scala/es/upm/dit/ging/predictor/MakePrediction.scala. Using presentation compiler with project's scala-library version: 3.3.7[0m
2026.06.03 11:12:28 INFO  no build target found for /home/casuario/Desktop/practica-creativa-global/practica_creativa/flight_prediction/src/main/scala/es/upm/dit/ging/predictor/MakePrediction.scala. Using presentation compiler with project's scala-library version: 3.3.7[0m
2026.06.03 11:12:28 INFO  no build target found for /home/casuario/Desktop/practica-creativa-global/practica_creativa/flight_prediction/src/main/scala/es/upm/dit/ging/predictor/MakePrediction.scala. Using presentation compiler with project's scala-library version: 3.3.7[0m
2026.06.03 11:12:28 INFO  no build target found for /home/casuario/Desktop/practica-creativa-global/practica_creativa/flight_prediction/src/main/scala/es/upm/dit/ging/predictor/MakePrediction.scala. Using presentation compiler with project's scala-library version: 3.3.7[0m
2026.06.03 11:12:31 INFO  no build target found for /home/casuario/Desktop/practica-creativa-global/practica_creativa/flight_prediction/src/main/scala/es/upm/dit/ging/predictor/MakePrediction.scala. Using presentation compiler with project's scala-library version: 3.3.7[0m
2026.06.03 11:12:33 INFO  no build target found for /home/casuario/Desktop/practica-creativa-global/practica_creativa/flight_prediction/src/main/scala/es/upm/dit/ging/predictor/MakePrediction.scala. Using presentation compiler with project's scala-library version: 3.3.7[0m
2026.06.03 11:12:33 INFO  no build target found for /home/casuario/Desktop/practica-creativa-global/practica_creativa/flight_prediction/src/main/scala/es/upm/dit/ging/predictor/MakePrediction.scala. Using presentation compiler with project's scala-library version: 3.3.7[0m
2026.06.03 11:12:35 INFO  no build target found for /home/casuario/Desktop/practica-creativa-global/practica_creativa/flight_prediction/src/main/scala/es/upm/dit/ging/predictor/MakePrediction.scala. Using presentation compiler with project's scala-library version: 3.3.7[0m
2026.06.03 11:12:35 INFO  no build target found for /home/casuario/Desktop/practica-creativa-global/practica_creativa/flight_prediction/src/main/scala/es/upm/dit/ging/predictor/MakePrediction.scala. Using presentation compiler with project's scala-library version: 3.3.7[0m
2026.06.03 11:12:35 INFO  no build target found for /home/casuario/Desktop/practica-creativa-global/practica_creativa/flight_prediction/src/main/scala/es/upm/dit/ging/predictor/MakePrediction.scala. Using presentation compiler with project's scala-library version: 3.3.7[0m
2026.06.03 11:12:36 INFO  no build target found for /home/casuario/Desktop/practica-creativa-global/practica_creativa/flight_prediction/src/main/scala/es/upm/dit/ging/predictor/MakePrediction.scala. Using presentation compiler with project's scala-library version: 3.3.7[0m
2026.06.03 11:12:36 INFO  no build target found for /home/casuario/Desktop/practica-creativa-global/practica_creativa/flight_prediction/src/main/scala/es/upm/dit/ging/predictor/MakePrediction.scala. Using presentation compiler with project's scala-library version: 3.3.7[0m
2026.06.03 11:13:01 INFO  no build target found for /home/casuario/Desktop/practica-creativa-global/practica_creativa/flight_prediction/src/main/scala/es/upm/dit/ging/predictor/MakePrediction.scala. Using presentation compiler with project's scala-library version: 3.3.7[0m
2026.06.03 11:13:01 INFO  no build target found for /home/casuario/Desktop/practica-creativa-global/practica_creativa/flight_prediction/src/main/scala/es/upm/dit/ging/predictor/MakePrediction.scala. Using presentation compiler with project's scala-library version: 3.3.7[0m
2026.06.03 11:13:09 INFO  no build target found for /home/casuario/Desktop/practica-creativa-global/practica_creativa/flight_prediction/src/main/scala/es/upm/dit/ging/predictor/MakePrediction.scala. Using presentation compiler with project's scala-library version: 3.3.7[0m
2026.06.03 11:13:09 INFO  no build target found for /home/casuario/Desktop/practica-creativa-global/practica_creativa/flight_prediction/src/main/scala/es/upm/dit/ging/predictor/MakePrediction.scala. Using presentation compiler with project's scala-library version: 3.3.7[0m
2026.06.03 11:13:15 WARN  no build target for: /home/casuario/Desktop/practica-creativa-global/practica_creativa/flight_prediction/build.sbt[0m
2026.06.03 11:13:15 INFO  no build target found for /home/casuario/Desktop/practica-creativa-global/practica_creativa/flight_prediction/build.sbt. Using presentation compiler with project's scala-library version: 3.3.7[0m
2026.06.03 11:13:16 INFO  no build target found for /home/casuario/Desktop/practica-creativa-global/practica_creativa/flight_prediction/build.sbt. Using presentation compiler with project's scala-library version: 3.3.7[0m
2026.06.03 11:13:16 INFO  no build target found for /home/casuario/Desktop/practica-creativa-global/practica_creativa/flight_prediction/build.sbt. Using presentation compiler with project's scala-library version: 3.3.7[0m
2026.06.03 11:13:17 INFO  no build target found for /home/casuario/Desktop/practica-creativa-global/practica_creativa/flight_prediction/build.sbt. Using presentation compiler with project's scala-library version: 3.3.7[0m
2026.06.03 11:13:17 INFO  no build target found for /home/casuario/Desktop/practica-creativa-global/practica_creativa/flight_prediction/build.sbt. Using presentation compiler with project's scala-library version: 3.3.7[0m
2026.06.03 11:13:19 INFO  no build target found for /home/casuario/Desktop/practica-creativa-global/practica_creativa/flight_prediction/build.sbt. Using presentation compiler with project's scala-library version: 3.3.7[0m
2026.06.03 11:14:14 INFO  no build target found for /home/casuario/Desktop/practica-creativa-global/practica_creativa/flight_prediction/build.sbt. Using presentation compiler with project's scala-library version: 3.3.7[0m
2026.06.03 11:14:14 INFO  no build target found for /home/casuario/Desktop/practica-creativa-global/practica_creativa/flight_prediction/build.sbt. Using presentation compiler with project's scala-library version: 3.3.7[0m
2026.06.03 11:15:28 INFO  no build target found for /home/casuario/Desktop/practica-creativa-global/practica_creativa/flight_prediction/src/main/scala/es/upm/dit/ging/predictor/MakePrediction.scala. Using presentation compiler with project's scala-library version: 3.3.7[0m
2026.06.03 11:15:28 WARN  no build target for: /home/casuario/Desktop/practica-creativa-global/practica_creativa/flight_prediction/src/main/scala/es/upm/dit/ging/predictor/MakePrediction.scala[0m
2026.06.03 11:15:28 INFO  no build target found for /home/casuario/Desktop/practica-creativa-global/practica_creativa/flight_prediction/src/main/scala/es/upm/dit/ging/predictor/MakePrediction.scala. Using presentation compiler with project's scala-library version: 3.3.7[0m
2026.06.03 11:15:28 INFO  no build target found for /home/casuario/Desktop/practica-creativa-global/practica_creativa/flight_prediction/src/main/scala/es/upm/dit/ging/predictor/MakePrediction.scala. Using presentation compiler with project's scala-library version: 3.3.7[0m
2026.06.03 11:15:28 INFO  no build target found for /home/casuario/Desktop/practica-creativa-global/practica_creativa/flight_prediction/src/main/scala/es/upm/dit/ging/predictor/MakePrediction.scala. Using presentation compiler with project's scala-library version: 3.3.7[0m
2026.06.03 14:30:24 INFO  no build target found for /home/casuario/Desktop/practica-creativa-global/practica_creativa/flight_prediction/src/main/scala/es/upm/dit/ging/predictor/MakePrediction.scala. Using presentation compiler with project's scala-library version: 3.3.7[0m
2026.06.03 14:30:24 WARN  no build target for: /home/casuario/Desktop/practica-creativa-global/practica_creativa/flight_prediction/src/main/scala/es/upm/dit/ging/predictor/MakePrediction.scala[0m
Jun 03, 2026 2:30:24 PM org.eclipse.lsp4j.jsonrpc.RemoteEndpoint handleCancellation
WARNING: Unmatched cancel notification for request id 1389
2026.06.03 14:30:24 INFO  no build target found for /home/casuario/Desktop/practica-creativa-global/practica_creativa/flight_prediction/src/main/scala/es/upm/dit/ging/predictor/MakePrediction.scala. Using presentation compiler with project's scala-library version: 3.3.7[0m
2026.06.03 14:30:24 INFO  no build target found for /home/casuario/Desktop/practica-creativa-global/practica_creativa/flight_prediction/src/main/scala/es/upm/dit/ging/predictor/MakePrediction.scala. Using presentation compiler with project's scala-library version: 3.3.7[0m
Jun 03, 2026 2:30:24 PM org.eclipse.lsp4j.jsonrpc.RemoteEndpoint handleCancellation
WARNING: Unmatched cancel notification for request id 1391
2026.06.03 14:30:24 INFO  no build target found for /home/casuario/Desktop/practica-creativa-global/practica_creativa/flight_prediction/src/main/scala/es/upm/dit/ging/predictor/MakePrediction.scala. Using presentation compiler with project's scala-library version: 3.3.7[0m
2026.06.03 14:30:24 INFO  no build target found for /home/casuario/Desktop/practica-creativa-global/practica_creativa/flight_prediction/src/main/scala/es/upm/dit/ging/predictor/MakePrediction.scala. Using presentation compiler with project's scala-library version: 3.3.7[0m
2026.06.03 14:30:25 INFO  no build target found for /home/casuario/Desktop/practica-creativa-global/practica_creativa/flight_prediction/src/main/scala/es/upm/dit/ging/predictor/MakePrediction.scala. Using presentation compiler with project's scala-library version: 3.3.7[0m
2026.06.03 14:30:25 INFO  no build target found for /home/casuario/Desktop/practica-creativa-global/practica_creativa/flight_prediction/src/main/scala/es/upm/dit/ging/predictor/MakePrediction.scala. Using presentation compiler with project's scala-library version: 3.3.7[0m
2026.06.03 14:30:25 INFO  no build target found for /home/casuario/Desktop/practica-creativa-global/practica_creativa/flight_prediction/src/main/scala/es/upm/dit/ging/predictor/MakePrediction.scala. Using presentation compiler with project's scala-library version: 3.3.7[0m
2026.06.03 14:30:29 INFO  no build target found for /home/casuario/Desktop/practica-creativa-global/practica_creativa/flight_prediction/src/main/scala/es/upm/dit/ging/predictor/MakePrediction.scala. Using presentation compiler with project's scala-library version: 3.3.7[0m
2026.06.03 14:30:33 INFO  no build target found for /home/casuario/Desktop/practica-creativa-global/practica_creativa/flight_prediction/src/main/scala/es/upm/dit/ging/predictor/MakePrediction.scala. Using presentation compiler with project's scala-library version: 3.3.7[0m
